Project,BugID,Class,GeneratedTests,GenerationSeconds,GenerationExitCode,BuggyCompile,FixedCompile,BuggyUTBotFails,FixedUTBotFails,UniqueBuggyFails,BugDetected,BuggyTestSeconds,FixedTestSeconds,DeveloperLinesCovered,DeveloperLinesTotal,DeveloperLineCoverage,DeveloperConditionsCovered,DeveloperConditionsTotal,DeveloperConditionCoverage,UTBotLinesCovered,UTBotLinesTotal,UTBotLineCoverage,UTBotConditionsCovered,UTBotConditionsTotal,UTBotConditionCoverage,CombinedLinesCovered,CombinedLinesTotal,CombinedLineCoverage,CombinedConditionsCovered,CombinedConditionsTotal,CombinedConditionCoverage,LineCoverageGain,ConditionCoverageGain,DeveloperCoverageSeconds,UTBotCoverageSeconds,CombinedCoverageSeconds,Status
Lang,27,org.apache.commons.lang3.math.NumberUtils,360,142.291,0,True,True,105,105,0,NO,17.477,15.774,366,374,97.9,309,352,87.8,300,374,80.2,225,352,63.9,370,374,98.9,317,352,90.1,1.0,2.3,19.217,8.695,19.243,COMPLETED
Lang,28,org.apache.commons.lang3.text.translate.NumericEntityUnescaper,12,14.825,0,True,True,1,1,0,NO,16.29,16.057,20,20,100.0,14,14,100.0,17,20,85.0,12,14,85.7,20,20,100.0,14,14,100.0,0.0,0.0,19.624,7.335,19.271,COMPLETED
Lang,1,org.apache.commons.lang3.math.NumberUtils,499,153.195,0,True,True,118,118,0,NO,32.596,32.83,368,375,98.1,295,338,87.3,292,375,77.9,203,338,60.1,372,375,99.2,304,338,89.9,1.1,2.6,37.663,8.79,36.145,COMPLETED
Lang,3,org.apache.commons.lang3.math.NumberUtils,430,146.244,0,True,True,106,106,0,NO,34.213,34.292,366,373,98.1,291,334,87.1,287,373,76.9,192,334,57.5,370,373,99.2,301,334,90.1,1.1,3.0,38.499,9.152,37.51,COMPLETED
Lang,4,org.apache.commons.lang3.text.translate.LookupTranslator,27,50.608,0,True,True,0,0,0,ERROR,1.676,1.73,,,,,,,,,,,,,,,,,,,,,,,,TEST_COMPILE_INCOMPATIBLE
Lang,5,org.apache.commons.lang3.LocaleUtils,18,15.538,0,True,True,0,0,0,ERROR,1.639,1.533,,,,,,,,,,,,,,,,,,,,,,,,TEST_COMPILE_INCOMPATIBLE
Lang,6,org.apache.commons.lang3.text.translate.CharSequenceTranslator,85,176.072,0,True,True,0,0,0,ERROR,1.522,1.621,,,,,,,,,,,,,,,,,,,,,,,,TEST_COMPILE_INCOMPATIBLE
Lang,7,org.apache.commons.lang3.math.NumberUtils,467,162.87,0,True,True,104,105,0,NO,38.711,37.929,371,380,97.6,321,366,87.7,301,380,79.2,234,366,63.9,375,380,98.7,330,366,90.2,1.1,2.5,41.941,8.883,40.571,COMPLETED
Lang,9,org.apache.commons.lang3.time.FastDateParser,69,769.641,124,True,True,0,0,0,ERROR,,,,,,,,,,,,,,,,,,,,,,,,,,GENERATION_TIMEOUT
Lang,10,org.apache.commons.lang3.time.FastDateParser,68,2564.949,124,True,True,0,0,0,ERROR,,,,,,,,,,,,,,,,,,,,,,,,,,GENERATION_TIMEOUT
Lang,11,org.apache.commons.lang3.RandomStringUtils,158,139.122,0,True,True,0,0,0,ERROR,1.568,1.695,,,,,,,,,,,,,,,,,,,,,,,,TEST_COMPILE_INCOMPATIBLE
Lang,12,org.apache.commons.lang3.RandomStringUtils,166,139.513,0,True,True,0,0,0,ERROR,1.633,1.575,,,,,,,,,,,,,,,,,,,,,,,,TEST_COMPILE_INCOMPATIBLE
Lang,13,org.apache.commons.lang3.SerializationUtils,56,129.905,0,True,True,0,0,0,ERROR,1.553,1.527,,,,,,,,,,,,,,,,,,,,,,,,TEST_COMPILE_INCOMPATIBLE
Lang,14,org.apache.commons.lang3.StringUtils,1260,103.608,0,True,True,0,0,0,ERROR,1.745,1.692,,,,,,,,,,,,,,,,,,,,,,,,TEST_COMPILE_INCOMPATIBLE
Lang,15,org.apache.commons.lang3.reflect.TypeUtils,0,213.588,1,True,True,0,0,0,ERROR,,,,,,,,,,,,,,,,,,,,,,,,,,GENERATION_FAILED
Lang,16,org.apache.commons.lang3.math.NumberUtils,421,141.367,0,True,True,92,92,0,NO,17.329,16.836,359,375,95.7,303,358,84.6,295,375,78.7,221,358,61.7,363,375,96.8,314,358,87.7,1.1,3.1,20.723,8.916,19.459,COMPLETED
Lang,17,org.apache.commons.lang3.text.translate.CharSequenceTranslator,67,161.984,0,True,True,0,0,0,ERROR,1.731,1.694,,,,,,,,,,,,,,,,,,,,,,,,TEST_COMPILE_INCOMPATIBLE
Lang,20,org.apache.commons.lang3.StringUtils,1285,109.882,0,True,True,0,0,0,ERROR,2.477,2.554,,,,,,,,,,,,,,,,,,,,,,,,TEST_COMPILE_INCOMPATIBLE
Lang,21,org.apache.commons.lang3.time.DateUtils,415,150.019,0,True,True,0,0,0,ERROR,1.652,1.504,,,,,,,,,,,,,,,,,,,,,,,,TEST_COMPILE_INCOMPATIBLE
Lang,22,org.apache.commons.lang3.math.Fraction,313,141.639,0,True,True,0,0,0,ERROR,1.702,1.666,,,,,,,,,,,,,,,,,,,,,,,,TEST_COMPILE_INCOMPATIBLE
Lang,23,org.apache.commons.lang3.text.ExtendedMessageFormat,144,129.475,0,True,True,0,0,0,ERROR,1.648,1.901,,,,,,,,,,,,,,,,,,,,,,,,TEST_COMPILE_INCOMPATIBLE
Lang,26,org.apache.commons.lang3.time.FastDateFormat,103,159.374,0,True,True,0,0,0,ERROR,1.692,1.683,,,,,,,,,,,,,,,,,,,,,,,,TEST_COMPILE_INCOMPATIBLE
Lang,29,org.apache.commons.lang3.SystemUtils,1,28.586,0,True,True,0,0,0,NO,16.374,15.892,133,141,94.3,42,50,84.0,0,141,0.0,0,50,0.0,133,141,94.3,42,50,84.0,0.0,0.0,20.469,6.252,19.768,COMPLETED
Lang,30,org.apache.commons.lang3.StringUtils,992,102.881,0,True,True,0,0,0,ERROR,1.588,1.616,,,,,,,,,,,,,,,,,,,,,,,,TEST_COMPILE_INCOMPATIBLE
Lang,31,org.apache.commons.lang3.StringUtils,981,100.788,0,True,True,0,0,0,ERROR,1.816,1.666,,,,,,,,,,,,,,,,,,,,,,,,TEST_COMPILE_INCOMPATIBLE
Lang,33,org.apache.commons.lang3.ClassUtils,316,166.683,0,True,True,0,0,0,ERROR,1.536,1.574,,,,,,,,,,,,,,,,,,,,,,,,TEST_COMPILE_INCOMPATIBLE
Lang,34,org.apache.commons.lang3.builder.ToStringStyle,654,128.923,0,True,True,90,90,0,NO,17.249,16.633,464,515,90.1,189,216,87.5,0,515,0.0,0,216,0.0,464,515,90.1,189,216,87.5,0.0,0.0,20.652,9.906,19.535,COMPLETED
Lang,35,org.apache.commons.lang3.ArrayUtils,1022,89.172,0,True,True,0,0,0,ERROR,1.64,1.667,,,,,,,,,,,,,,,,,,,,,,,,TEST_COMPILE_INCOMPATIBLE
Lang,36,org.apache.commons.lang3.math.NumberUtils,438,151.599,0,True,True,97,97,0,NO,15.397,15.211,361,370,97.6,299,344,86.9,295,370,79.7,214,344,62.2,364,370,98.4,304,344,88.4,0.8,1.5,19.085,8.983,17.978,COMPLETED
Lang,38,org.apache.commons.lang3.time.FastDateFormat,106,134.575,0,True,True,0,0,0,ERROR,1.692,1.476,,,,,,,,,,,,,,,,,,,,,,,,TEST_COMPILE_INCOMPATIBLE
Lang,39,org.apache.commons.lang3.StringUtils,870,103.264,0,True,True,0,0,0,ERROR,1.636,1.622,,,,,,,,,,,,,,,,,,,,,,,,TEST_COMPILE_INCOMPATIBLE
Lang,40,org.apache.commons.lang.StringUtils,759,107.844,0,True,True,0,0,0,ERROR,1.774,1.588,,,,,,,,,,,,,,,,,,,,,,,,TEST_COMPILE_INCOMPATIBLE
Lang,41,org.apache.commons.lang.ClassUtils,110,158.366,0,True,True,0,0,0,ERROR,1.59,1.522,,,,,,,,,,,,,,,,,,,,,,,,TEST_COMPILE_INCOMPATIBLE
Lang,42,org.apache.commons.lang.Entities,88,134.114,0,True,True,0,0,0,ERROR,1.654,1.682,,,,,,,,,,,,,,,,,,,,,,,,TEST_COMPILE_INCOMPATIBLE
Lang,43,org.apache.commons.lang.text.ExtendedMessageFormat,87,138.53,0,True,True,0,0,0,ERROR,1.667,1.6,,,,,,,,,,,,,,,,,,,,,,,,TEST_COMPILE_INCOMPATIBLE
Lang,52,org.apache.commons.lang.StringEscapeUtils,226,136.092,0,True,True,0,0,0,ERROR,1.916,1.759,,,,,,,,,,,,,,,,,,,,,,,,TEST_COMPILE_INCOMPATIBLE
Lang,62,org.apache.commons.lang.Entities,85,155.86,0,True,True,0,0,0,ERROR,1.762,1.735,,,,,,,,,,,,,,,,,,,,,,,,TEST_COMPILE_INCOMPATIBLE
Lang,19,org.apache.commons.lang3.text.translate.NumericEntityUnescaper,10,22.856,0,True,True,1,6,0,NO,17.445,21.06,27,27,100.0,18,18,100.0,13,27,48.1,11,18,61.1,27,27,100.0,18,18,100.0,0.0,0.0,21.054,7.689,19.718,COMPLETED
Lang,24,org.apache.commons.lang3.math.NumberUtils,349,144.204,0,True,True,88,88,0,NO,32.196,32.856,368,376,97.9,312,356,87.6,300,376,79.8,225,356,63.2,372,376,98.9,320,356,89.9,1.0,2.3,26.344,9.273,32.99,COMPLETED
Lang,32,org.apache.commons.lang3.builder.HashCodeBuilder,158,135.588,0,True,True,0,0,0,ERROR,1.956,1.683,,,,,,,,,,,,,,,,,,,,,,,,TEST_COMPILE_INCOMPATIBLE
Lang,44,org.apache.commons.lang.NumberUtils,95,169.833,0,True,True,19,19,0,NO,21.949,20.578,184,190,96.8,174,216,80.6,144,190,75.8,156,216,72.2,187,190,98.4,188,216,87.0,1.6,6.4,25.798,8.601,21.855,COMPLETED
Lang,45,org.apache.commons.lang.WordUtils,80,101.825,0,True,True,6,4,2,YES,14.846,13.894,138,138,100.0,102,102,100.0,121,138,87.7,94,102,92.2,138,138,100.0,102,102,100.0,0.0,0.0,19.129,8.626,17.438,COMPLETED
Lang,46,org.apache.commons.lang.StringEscapeUtils,214,136.888,0,True,True,0,0,0,ERROR,1.971,2.011,,,,,,,,,,,,,,,,,,,,,,,,TEST_COMPILE_INCOMPATIBLE
Lang,47,org.apache.commons.lang.text.StrBuilder,931,113.451,0,True,True,0,0,0,ERROR,1.875,1.685,,,,,,,,,,,,,,,,,,,,,,,,TEST_COMPILE_INCOMPATIBLE
Lang,49,org.apache.commons.lang.math.Fraction,198,144.248,0,True,True,0,0,0,ERROR,1.628,1.565,,,,,,,,,,,,,,,,,,,,,,,,TEST_COMPILE_INCOMPATIBLE
Lang,50,org.apache.commons.lang.time.FastDateFormat,122,143.964,0,True,True,0,0,0,ERROR,1.829,1.745,,,,,,,,,,,,,,,,,,,,,,,,TEST_COMPILE_INCOMPATIBLE
Lang,51,org.apache.commons.lang.BooleanUtils,150,29.916,0,True,True,0,0,0,ERROR,1.692,1.696,,,,,,,,,,,,,,,,,,,,,,,,TEST_COMPILE_INCOMPATIBLE
Lang,53,org.apache.commons.lang.time.DateUtils,90,225.243,0,True,True,0,0,0,ERROR,1.807,1.682,,,,,,,,,,,,,,,,,,,,,,,,TEST_COMPILE_INCOMPATIBLE
Lang,54,org.apache.commons.lang.LocaleUtils,25,30.899,0,True,True,0,0,0,ERROR,1.925,1.696,,,,,,,,,,,,,,,,,,,,,,,,TEST_COMPILE_INCOMPATIBLE
Lang,55,org.apache.commons.lang.time.StopWatch,30,83.093,0,True,True,0,0,0,ERROR,1.711,1.711,,,,,,,,,,,,,,,,,,,,,,,,TEST_COMPILE_INCOMPATIBLE
Lang,56,org.apache.commons.lang.time.FastDateFormat,126,141.287,0,True,True,0,0,0,ERROR,1.953,1.68,,,,,,,,,,,,,,,,,,,,,,,,TEST_COMPILE_INCOMPATIBLE
Lang,57,org.apache.commons.lang.LocaleUtils,26,17.995,0,True,True,0,0,0,ERROR,1.636,1.675,,,,,,,,,,,,,,,,,,,,,,,,TEST_COMPILE_INCOMPATIBLE
Lang,58,org.apache.commons.lang.math.NumberUtils,245,229.035,0,True,True,21,21,0,NO,17.316,17.685,427,435,98.2,377,420,89.8,382,435,87.8,349,420,83.1,432,435,99.3,395,420,94.0,1.1,4.2,22.07,8.778,20.739,COMPLETED
Lang,59,org.apache.commons.lang.text.StrBuilder,684,130.772,0,True,True,0,0,0,ERROR,1.859,1.874,,,,,,,,,,,,,,,,,,,,,,,,TEST_COMPILE_INCOMPATIBLE
Lang,60,org.apache.commons.lang.text.StrBuilder,793,125.494,0,True,True,0,0,0,ERROR,1.821,1.929,,,,,,,,,,,,,,,,,,,,,,,,TEST_COMPILE_INCOMPATIBLE
Lang,61,org.apache.commons.lang.text.StrBuilder,724,118.134,0,True,True,0,0,0,ERROR,1.983,1.902,,,,,,,,,,,,,,,,,,,,,,,,TEST_COMPILE_INCOMPATIBLE
Lang,63,org.apache.commons.lang.time.DurationFormatUtils,161,141.888,0,True,True,0,0,0,ERROR,1.932,1.666,,,,,,,,,,,,,,,,,,,,,,,,TEST_COMPILE_INCOMPATIBLE
Lang,64,org.apache.commons.lang.enums.ValuedEnum,1,9.277,0,True,True,0,0,0,NO,12.071,11.879,18,18,100.0,8,8,100.0,2,18,11.1,1,8,12.5,18,18,100.0,8,8,100.0,0.0,0.0,15.934,7.457,14.979,COMPLETED
Lang,65,org.apache.commons.lang.time.DateUtils,96,207.625,0,True,True,0,0,0,ERROR,1.774,1.555,,,,,,,,,,,,,,,,,,,,,,,,TEST_COMPILE_INCOMPATIBLE
Lang,37,org.apache.commons.lang3.ArrayUtils,1024,89.279,0,True,True,0,0,0,ERROR,1.83,1.683,,,,,,,,,,,,,,,,,,,,,,,,TEST_COMPILE_INCOMPATIBLE
Lang,8,org.apache.commons.lang3.time.FastDatePrinter,71,616.796,124,True,True,0,0,0,ERROR,,,,,,,,,,,,,,,,,,,,,,,,,,GENERATION_TIMEOUT
Math,1,org.apache.commons.math3.fraction.BigFraction,170,144.727,0,True,True,129,129,0,NO,64.922,69.091,406,425,95.5,176,192,91.7,331,425,77.9,149,192,77.6,422,425,99.3,188,192,97.9,3.8,6.2,60.351,12.204,73.917,COMPLETED
Math,1,org.apache.commons.math3.fraction.Fraction,201,134.576,0,True,True,129,129,0,NO,64.922,69.091,406,425,95.5,176,192,91.7,331,425,77.9,149,192,77.6,422,425,99.3,188,192,97.9,3.8,6.2,60.351,12.204,73.917,COMPLETED
Math,2,org.apache.commons.math3.distribution.HypergeometricDistribution,48,130.688,0,True,True,10,10,0,NO,55.575,80.145,72,74,97.3,25,26,96.2,48,74,64.9,14,26,53.8,74,74,100.0,26,26,100.0,2.7,3.8,59.512,15.046,74.184,COMPLETED
Math,10,org.apache.commons.math3.analysis.differentiation.DSCompiler,269,138.1,0,True,True,214,214,0,NO,61.185,61.552,553,553,100.0,285,286,99.7,302,553,54.6,153,286,53.5,553,553,100.0,285,286,99.7,0.0,0.0,151.486,12.799,149.033,COMPLETED
Math,25,org.apache.commons.math3.optimization.fitting.HarmonicFitter,8,140.045,0,True,True,6,6,0,NO,42.554,41.032,93,94,98.9,26,28,92.9,22,94,23.4,11,28,39.3,93,94,98.9,26,28,92.9,0.0,0.0,46.54,10.226,44.007,COMPLETED
Math,50,org.apache.commons.math.analysis.solvers.BaseSecantSolver,39,128.49,0,True,True,1,1,0,NO,74.285,74.837,72,75,96.0,45,48,93.8,38,75,50.7,8,48,16.7,72,75,96.0,45,48,93.8,0.0,0.0,80.199,11.685,75.701,COMPLETED
Math,75,org.apache.commons.math.stat.Frequency,90,134.443,0,True,True,0,0,0,ERROR,2.805,2.942,,,,,,,,,,,,,,,,,,,,,,,,TEST_COMPILE_INCOMPATIBLE
Math,100,org.apache.commons.math.estimation.AbstractEstimator,37,41.774,0,True,True,0,0,0,ERROR,3.458,3.181,,,,,,,,,,,,,,,,,,,,,,,,TEST_COMPILE_INCOMPATIBLE
Math,3,org.apache.commons.math3.util.MathArrays,286,125.015,0,True,True,68,67,1,YES,52.576,51.703,361,421,85.7,180,234,76.9,409,421,97.1,224,234,95.7,409,421,97.1,228,234,97.4,11.4,20.5,57.791,11.245,57.509,COMPLETED
Math,4,org.apache.commons.math3.geometry.euclidean.threed.SubLine,25,131.247,0,True,True,0,0,0,ERROR,3.569,3.384,,,,,,,,,,,,,,,,,,,,,,,,TEST_COMPILE_INCOMPATIBLE
Math,4,org.apache.commons.math3.geometry.euclidean.twod.SubLine,46,130.297,0,True,True,0,0,0,ERROR,3.569,3.384,,,,,,,,,,,,,,,,,,,,,,,,TEST_COMPILE_INCOMPATIBLE
Math,5,org.apache.commons.math3.complex.Complex,96,119.45,0,True,True,0,0,0,NO,64.557,65.056,216,226,95.6,156,170,91.8,185,226,81.9,119,170,70.0,222,226,98.2,164,170,96.5,2.6,4.7,69.612,11.227,70.372,COMPLETED
Math,6,org.apache.commons.math3.optim.BaseOptimizer,110,132.311,0,True,True,0,0,0,ERROR,4.51,4.406,,,,,,,,,,,,,,,,,,,,,,,,TEST_COMPILE_INCOMPATIBLE
Math,6,org.apache.commons.math3.optim.nonlinear.scalar.gradient.NonLinearConjugateGradientOptimizer,65,132.438,0,True,True,0,0,0,ERROR,4.51,4.406,,,,,,,,,,,,,,,,,,,,,,,,TEST_COMPILE_INCOMPATIBLE
Math,6,org.apache.commons.math3.optim.nonlinear.scalar.noderiv.CMAESOptimizer,397,153.82,0,True,True,0,0,0,ERROR,4.51,4.406,,,,,,,,,,,,,,,,,,,,,,,,TEST_COMPILE_INCOMPATIBLE
Math,6,org.apache.commons.math3.optim.nonlinear.scalar.noderiv.PowellOptimizer,23,130.044,0,True,True,0,0,0,ERROR,4.51,4.406,,,,,,,,,,,,,,,,,,,,,,,,TEST_COMPILE_INCOMPATIBLE
Math,6,org.apache.commons.math3.optim.nonlinear.scalar.noderiv.SimplexOptimizer,74,130.39,0,True,True,0,0,0,ERROR,4.51,4.406,,,,,,,,,,,,,,,,,,,,,,,,TEST_COMPILE_INCOMPATIBLE
Math,6,org.apache.commons.math3.optim.nonlinear.vector.jacobian.GaussNewtonOptimizer,32,129.612,0,True,True,0,0,0,ERROR,4.51,4.406,,,,,,,,,,,,,,,,,,,,,,,,TEST_COMPILE_INCOMPATIBLE
Math,6,org.apache.commons.math3.optim.nonlinear.vector.jacobian.LevenbergMarquardtOptimizer,130,132.295,0,True,True,0,0,0,ERROR,4.51,4.406,,,,,,,,,,,,,,,,,,,,,,,,TEST_COMPILE_INCOMPATIBLE
Math,7,org.apache.commons.math3.ode.AbstractIntegrator,129,137.131,0,True,True,0,0,0,ERROR,3.024,3.463,,,,,,,,,,,,,,,,,,,,,,,,TEST_COMPILE_INCOMPATIBLE
Math,8,org.apache.commons.math3.distribution.DiscreteDistribution,163,118.185,0,True,True,0,0,0,ERROR,3.353,3.193,,,,,,,,,,,,,,,,,,,,,,,,TEST_COMPILE_INCOMPATIBLE
Math,9,org.apache.commons.math3.geometry.euclidean.threed.Line,17,71.253,0,True,True,14,14,0,NO,63.752,65.102,38,46,82.6,12,16,75.0,22,46,47.8,1,16,6.2,43,46,93.5,12,16,75.0,10.9,0.0,68.839,10.255,66.859,COMPLETED
Math,11,org.apache.commons.math3.distribution.MultivariateNormalDistribution,50,138.997,0,True,True,36,36,0,NO,59.711,59.61,49,59,83.1,22,28,78.6,17,59,28.8,6,28,21.4,56,59,94.9,25,28,89.3,11.8,10.7,66.297,10.796,65.078,COMPLETED
Math,12,org.apache.commons.math3.random.BitsStreamGenerator,370,185.803,0,True,True,0,0,0,NO,59.77,60.207,19,48,39.6,2,14,14.3,48,48,100.0,14,14,100.0,19,48,39.6,2,14,14.3,0.0,0.0,65.598,11.715,65.597,COMPLETED
Math,13,org.apache.commons.math3.optimization.general.AbstractLeastSquaresOptimizer,183,139.517,0,True,True,0,0,0,NO,68.724,61.643,62,81,76.5,15,18,83.3,51,81,63.0,11,18,61.1,62,81,76.5,15,18,83.3,0.0,0.0,70.201,13.803,68.676,COMPLETED
Math,14,org.apache.commons.math3.optim.nonlinear.vector.jacobian.AbstractLeastSquaresOptimizer,149,139.235,0,True,True,10,10,0,NO,63.84,60.235,45,51,88.2,11,14,78.6,30,51,58.8,8,14,57.1,45,51,88.2,11,14,78.6,0.0,0.0,68.862,11.836,67.008,COMPLETED
Math,14,org.apache.commons.math3.optim.nonlinear.vector.Weight,15,33.386,0,True,True,10,10,0,NO,63.84,60.235,45,51,88.2,11,14,78.6,30,51,58.8,8,14,57.1,45,51,88.2,11,14,78.6,0.0,0.0,68.862,11.836,67.008,COMPLETED
Math,15,org.apache.commons.math3.util.FastMath,115,227.645,0,True,True,3,3,0,NO,45.267,45.265,1464,1497,97.8,746,798,93.5,1009,1497,67.4,327,798,41.0,1477,1497,98.7,746,798,93.5,0.9,0.0,62.928,10.949,62.225,COMPLETED
Math,16,org.apache.commons.math3.util.FastMath,114,235.582,0,True,True,3,3,0,NO,45.204,55.534,1451,1484,97.8,738,790,93.4,1013,1484,68.3,327,790,41.4,1464,1484,98.7,738,790,93.4,0.9,0.0,61.96,11.533,61.585,COMPLETED
Math,17,org.apache.commons.math3.dfp.Dfp,717,143.642,0,True,True,425,425,0,NO,50.893,51.563,934,1029,90.8,651,738,88.2,784,1029,76.2,570,738,77.2,988,1029,96.0,701,738,95.0,5.2,6.8,53.556,16.967,58.912,COMPLETED
Math,18,org.apache.commons.math3.optimization.direct.CMAESOptimizer,405,146.623,0,True,True,0,0,0,ERROR,3.473,3.504,,,,,,,,,,,,,,,,,,,,,,,,TEST_COMPILE_INCOMPATIBLE
Math,19,org.apache.commons.math3.optimization.direct.CMAESOptimizer,409,145.961,0,True,True,0,0,0,ERROR,3.508,3.461,,,,,,,,,,,,,,,,,,,,,,,,TEST_COMPILE_INCOMPATIBLE
Math,20,org.apache.commons.math3.optimization.direct.CMAESOptimizer,405,145.831,0,True,True,0,0,0,ERROR,3.301,3.423,,,,,,,,,,,,,,,,,,,,,,,,TEST_COMPILE_INCOMPATIBLE
Math,21,org.apache.commons.math3.linear.RectangularCholeskyDecomposition,2,12.311,0,True,True,0,0,0,NO,43.339,41.671,50,52,96.2,26,28,92.9,2,52,3.8,0,28,0.0,50,52,96.2,26,28,92.9,0.0,0.0,47.256,10.457,46.257,COMPLETED
Math,22,org.apache.commons.math3.distribution.FDistribution,22,138.881,0,True,True,0,0,0,ERROR,3.284,3.039,,,,,,,,,,,,,,,,,,,,,,,,TEST_COMPILE_INCOMPATIBLE
Math,22,org.apache.commons.math3.distribution.UniformRealDistribution,68,18.92,0,True,True,0,0,0,ERROR,3.284,3.039,,,,,,,,,,,,,,,,,,,,,,,,TEST_COMPILE_INCOMPATIBLE
Math,23,org.apache.commons.math3.optimization.univariate.BrentOptimizer,9,128.312,0,True,True,0,0,0,NO,42.14,42.494,115,121,95.0,68,74,91.9,26,121,21.5,14,74,18.9,119,121,98.3,72,74,97.3,3.3,5.4,46.989,10.322,45.398,COMPLETED
Math,24,org.apache.commons.math3.optimization.univariate.BrentOptimizer,10,127.856,0,True,True,1,1,0,NO,42.386,41.103,109,120,90.8,61,74,82.4,67,120,55.8,28,74,37.8,118,120,98.3,72,74,97.3,7.5,14.9,47.546,10.191,46.691,COMPLETED
Math,26,org.apache.commons.math3.fraction.Fraction,207,160.628,0,True,True,2,2,0,NO,42.305,42.649,178,183,97.3,87,94,92.6,158,183,86.3,78,94,83.0,181,183,98.9,92,94,97.9,1.6,5.3,47.178,11.107,44.654,COMPLETED
Math,27,org.apache.commons.math3.fraction.Fraction,185,164.319,0,True,True,1,9,0,NO,42.699,41.173,178,183,97.3,87,94,92.6,141,183,77.0,70,94,74.5,181,183,98.9,92,94,97.9,1.6,5.3,45.347,11.17,46.082,COMPLETED
Math,28,org.apache.commons.math3.optimization.linear.SimplexSolver,121,144.59,0,True,True,70,70,0,NO,48.016,47.474,79,79,100.0,48,48,100.0,40,79,50.6,17,48,35.4,79,79,100.0,48,48,100.0,0.0,0.0,46.003,17.124,50.453,COMPLETED
Math,29,org.apache.commons.math3.linear.OpenMapRealVector,354,147.355,0,True,True,225,227,0,NO,56.75,54.948,309,321,96.3,129,134,96.3,282,321,87.9,117,134,87.3,310,321,96.6,129,134,96.3,0.3,0.0,43.423,20.476,58.967,COMPLETED
Math,30,org.apache.commons.math3.stat.inference.MannWhitneyUTest,46,73.591,0,True,True,17,17,0,NO,36.178,36.367,31,34,91.2,10,10,100.0,34,34,100.0,10,10,100.0,34,34,100.0,10,10,100.0,8.8,0.0,41.115,10.619,39.792,COMPLETED
Math,31,org.apache.commons.math3.util.ContinuedFraction,13,128.793,0,True,True,0,5,0,NO,36.306,178.229,49,59,83.1,19,30,63.3,49,59,83.1,21,30,70.0,56,59,94.9,25,30,83.3,11.8,20.0,41.088,10.395,39.015,COMPLETED
Math,32,org.apache.commons.math3.geometry.euclidean.twod.PolygonsSet,75,132.717,0,True,True,0,0,0,ERROR,3.456,3.051,,,,,,,,,,,,,,,,,,,,,,,,TEST_COMPILE_INCOMPATIBLE
Math,33,org.apache.commons.math3.optimization.linear.SimplexTableau,312,147.859,0,True,True,165,165,0,NO,42.982,42.84,175,185,94.6,113,124,91.1,106,185,57.3,68,124,54.8,185,185,100.0,124,124,100.0,5.4,8.9,40.772,17.49,46.016,COMPLETED
Math,34,org.apache.commons.math3.genetics.ListPopulation,12,13.859,0,True,True,9,9,0,NO,36.783,35.33,41,50,82.0,17,22,77.3,20,50,40.0,6,22,27.3,43,50,86.0,18,22,81.8,4.0,4.5,41.399,10.238,39.016,COMPLETED
Math,35,org.apache.commons.math3.genetics.ElitisticListPopulation,8,13.792,0,True,True,0,0,0,NO,36.693,35.062,19,19,100.0,6,6,100.0,18,19,94.7,5,6,83.3,19,19,100.0,6,6,100.0,0.0,0.0,40.562,10.052,39.18,COMPLETED
Math,36,org.apache.commons.math.fraction.BigFraction,164,152.794,0,True,True,122,124,0,NO,38.857,38.704,217,230,94.3,84,92,91.3,126,230,54.8,39,92,42.4,229,230,99.6,90,92,97.8,5.3,6.5,36.963,14.169,40.75,COMPLETED
Math,37,org.apache.commons.math.complex.Complex,333,128.13,0,True,True,0,3,0,NO,33.677,33.704,208,220,94.5,143,158,90.5,212,220,96.4,148,158,93.7,218,220,99.1,156,158,98.7,4.6,8.2,36.998,11.968,37.375,COMPLETED
Math,38,org.apache.commons.math.optimization.direct.BOBYQAOptimizer,137,135.504,0,True,True,98,98,0,NO,26.682,31.942,1051,1200,87.6,522,624,83.7,249,1200,20.8,98,624,15.7,1065,1200,88.8,533,624,85.4,1.2,1.7,46.907,12.151,46.213,COMPLETED
Math,39,org.apache.commons.math.ode.nonstiff.EmbeddedRungeKuttaIntegrator,35,127.327,0,True,True,17,17,0,NO,25.782,24.587,107,107,100.0,48,48,100.0,24,107,22.4,1,48,2.1,107,107,100.0,48,48,100.0,0.0,0.0,30.948,10.367,29.08,COMPLETED
Math,40,org.apache.commons.math.analysis.solvers.BracketingNthOrderBrentSolver,65,121.084,0,True,True,40,40,0,NO,25.424,26.297,125,126,99.2,65,66,98.5,36,126,28.6,13,66,19.7,125,126,99.2,65,66,98.5,0.0,0.0,29.938,10.641,29.548,COMPLETED
Math,41,org.apache.commons.math.stat.descriptive.moment.Variance,137,72.688,0,True,True,21,21,0,NO,24.511,25.633,102,112,91.1,32,46,69.6,100,112,89.3,40,46,87.0,109,112,97.3,40,46,87.0,6.2,17.4,31.07,11.201,28.882,COMPLETED
Math,42,org.apache.commons.math.optimization.linear.SimplexTableau,300,156.75,0,True,True,161,161,0,NO,32.519,32.997,173,183,94.5,109,120,90.8,112,183,61.2,69,120,57.5,183,183,100.0,120,120,100.0,5.5,9.2,31.238,18.598,37.247,COMPLETED
Math,43,org.apache.commons.math.stat.descriptive.SummaryStatistics,214,149.14,0,True,True,0,0,0,ERROR,3.186,3.493,,,,,,,,,,,,,,,,,,,,,,,,TEST_COMPILE_INCOMPATIBLE
Math,44,org.apache.commons.math.ode.AbstractIntegrator,135,132.983,0,True,True,0,0,0,ERROR,3.225,3.164,,,,,,,,,,,,,,,,,,,,,,,,TEST_COMPILE_INCOMPATIBLE
Math,45,org.apache.commons.math.linear.OpenMapRealMatrix,198,136.111,0,True,True,123,124,0,NO,31.468,29.348,79,97,81.4,18,22,81.8,83,97,85.6,15,22,68.2,89,97,91.8,18,22,81.8,10.4,0.0,30.498,14.088,33.959,COMPLETED
Math,46,org.apache.commons.math.complex.Complex,300,127.859,0,True,True,0,2,0,NO,77.903,79.911,189,202,93.6,132,148,89.2,198,202,98.0,142,148,95.9,199,202,98.5,144,148,97.3,4.9,8.1,81.085,11.909,79.072,COMPLETED
Math,47,org.apache.commons.math.complex.Complex,296,126.726,0,True,True,0,1,0,NO,77.761,76.724,188,201,93.5,127,142,89.4,193,201,96.0,136,142,95.8,198,201,98.5,140,142,98.6,5.0,9.2,79.429,12.248,80.313,COMPLETED
Math,48,org.apache.commons.math.analysis.solvers.BaseSecantSolver,37,128.852,0,True,True,0,0,0,NO,75.349,76.54,70,73,95.9,43,46,93.5,20,73,27.4,3,46,6.5,70,73,95.9,43,46,93.5,0.0,0.0,81.745,10.765,79.81,COMPLETED
Math,49,org.apache.commons.math.linear.OpenMapRealVector,361,148.689,0,True,True,219,219,0,NO,104.932,104.063,321,378,84.9,116,152,76.3,291,378,77.0,109,152,71.7,360,378,95.2,134,152,88.2,10.3,11.9,82.2,25.735,106.324,COMPLETED
Math,51,org.apache.commons.math.analysis.solvers.BaseSecantSolver,38,128.777,0,True,True,1,1,0,NO,71.356,74.227,69,71,97.2,43,45,95.6,38,71,53.5,8,45,17.8,69,71,97.2,43,45,95.6,0.0,0.0,80.916,12.277,76.454,COMPLETED
Math,52,org.apache.commons.math.geometry.euclidean.threed.Rotation,37,133.207,0,True,True,22,22,0,NO,69.83,68.748,367,367,100.0,116,122,95.1,90,367,24.5,20,122,16.4,367,367,100.0,116,122,95.1,0.0,0.0,74.378,11.81,74.777,COMPLETED
Math,53,org.apache.commons.math.complex.Complex,242,128.395,0,True,True,0,0,0,NO,69.202,70.486,163,170,95.9,106,114,93.0,146,170,85.9,101,114,88.6,166,170,97.6,110,114,96.5,1.7,3.5,75.189,11.818,72.084,COMPLETED
Math,54,org.apache.commons.math.dfp.Dfp,622,143.64,0,True,True,383,379,5,YES,71.519,71.195,898,996,90.2,604,694,87.0,774,996,77.7,528,694,76.1,965,996,96.9,659,694,95.0,6.7,8.0,72.362,17.678,76.67,COMPLETED
Math,55,org.apache.commons.math.geometry.Vector3D,88,118.059,0,True,True,20,20,0,NO,63.659,64.341,108,116,93.1,30,48,62.5,72,116,62.1,32,48,66.7,115,116,99.1,46,48,95.8,6.0,33.3,70.253,10.586,71.129,COMPLETED
Math,56,org.apache.commons.math.util.MultidimensionalCounter,34,13.664,0,True,True,20,20,0,NO,63.865,62.993,65,75,86.7,28,34,82.4,44,75,58.7,20,34,58.8,70,75,93.3,30,34,88.2,6.6,5.8,69.14,10.589,70.588,COMPLETED
Math,57,org.apache.commons.math.stat.clustering.KMeansPlusPlusClusterer,112,133.331,0,True,True,0,0,0,ERROR,3.327,3.309,,,,,,,,,,,,,,,,,,,,,,,,TEST_COMPILE_INCOMPATIBLE
Math,58,org.apache.commons.math.optimization.fitting.GaussianFitter,29,126.669,0,True,True,28,28,0,NO,63.253,62.073,64,96,66.7,36,58,62.1,81,96,84.4,54,58,93.1,83,96,86.5,54,58,93.1,19.8,31.0,67.44,10.618,68.016,COMPLETED
Math,59,org.apache.commons.math.util.FastMath,211,152.218,0,True,True,55,56,0,NO,59.587,60.769,1348,1549,87.0,438,652,67.2,1142,1549,73.7,355,652,54.4,1485,1549,95.9,520,652,79.8,8.9,12.6,153.144,11.532,140.893,COMPLETED
Math,60,org.apache.commons.math.distribution.NormalDistributionImpl,43,486.486,124,True,True,0,0,0,ERROR,,,,,,,,,,,,,,,,,,,,,,,,,,GENERATION_TIMEOUT
Math,61,org.apache.commons.math.distribution.PoissonDistributionImpl,22,125.607,0,True,True,7,7,0,NO,60.91,61.028,30,34,88.2,11,12,91.7,24,34,70.6,10,12,83.3,30,34,88.2,12,12,100.0,0.0,8.3,64.765,14.193,65.117,COMPLETED
Math,62,org.apache.commons.math.optimization.univariate.MultiStartUnivariateRealOptimizer,47,127.76,0,True,True,19,19,0,NO,60.564,60.152,31,47,66.0,11,18,61.1,39,47,83.0,15,18,83.3,40,47,85.1,17,18,94.4,19.1,33.3,62.539,13.359,62.311,COMPLETED
Math,63,org.apache.commons.math.util.MathUtils,0,125.385,1,True,True,0,0,0,ERROR,,,,,,,,,,,,,,,,,,,,,,,,,,GENERATION_FAILED
Math,64,org.apache.commons.math.optimization.general.LevenbergMarquardtOptimizer,143,128.151,0,True,True,110,112,0,NO,12.294,12.388,334,342,97.7,182,200,91.0,215,342,62.9,102,200,51.0,337,342,98.5,190,200,95.0,0.8,4.0,17.258,11.77,15.952,COMPLETED
Math,65,org.apache.commons.math.optimization.general.AbstractLeastSquaresOptimizer,68,126.169,0,True,True,0,0,0,NO,11.693,12.061,90,96,93.8,28,30,93.3,84,96,87.5,23,30,76.7,90,96,93.8,28,30,93.3,0.0,0.0,16.579,10.793,15.395,COMPLETED
Math,66,org.apache.commons.math.optimization.univariate.BrentOptimizer,48,128.177,0,True,True,14,39,0,NO,12.062,12.15,99,102,97.1,55,58,94.8,65,102,63.7,22,58,37.9,102,102,100.0,58,58,100.0,2.9,5.2,16.262,10.985,15.116,COMPLETED
Math,67,org.apache.commons.math.optimization.MultiStartUnivariateRealOptimizer,49,122.51,0,True,True,30,32,0,NO,11.466,11.6,68,93,73.1,28,34,82.4,55,93,59.1,10,34,29.4,87,93,93.5,29,34,85.3,20.4,2.9,16.458,10.493,15.52,COMPLETED
Math,68,org.apache.commons.math.optimization.general.LevenbergMarquardtOptimizer,151,128.581,0,True,True,117,117,0,NO,12.093,11.735,324,332,97.6,178,196,90.8,248,332,74.7,122,196,62.2,329,332,99.1,187,196,95.4,1.5,4.6,16.376,11.748,15.505,COMPLETED
Math,69,org.apache.commons.math.stat.correlation.PearsonsCorrelation,50,127.645,0,True,True,41,41,0,NO,12.448,12.325,74,75,98.7,27,30,90.0,30,75,40.0,11,30,36.7,74,75,98.7,27,30,90.0,0.0,0.0,16.118,11.496,15.597,COMPLETED
Math,70,org.apache.commons.math.analysis.solvers.BisectionSolver,11,127.9,0,True,True,2,4,0,NO,11.033,11.262,21,23,91.3,5,6,83.3,11,23,47.8,2,6,33.3,23,23,100.0,6,6,100.0,8.7,16.7,15.555,10.116,14.588,COMPLETED
Math,71,org.apache.commons.math.ode.nonstiff.EmbeddedRungeKuttaIntegrator,16,124.816,0,True,True,9,9,0,NO,11.168,10.903,197,197,100.0,95,98,96.9,41,197,20.8,6,98,6.1,197,197,100.0,95,98,96.9,0.0,0.0,16.413,10.507,15.748,COMPLETED
Math,71,org.apache.commons.math.ode.nonstiff.RungeKuttaIntegrator,6,126.221,0,True,True,9,9,0,NO,11.168,10.903,197,197,100.0,95,98,96.9,41,197,20.8,6,98,6.1,197,197,100.0,95,98,96.9,0.0,0.0,16.413,10.507,15.748,COMPLETED
Math,72,org.apache.commons.math.analysis.solvers.BrentSolver,17,128.978,0,True,True,1,1,0,NO,10.603,10.795,100,107,93.5,49,54,90.7,62,107,57.9,22,54,40.7,101,107,94.4,50,54,92.6,0.9,1.9,16.074,10.706,14.678,COMPLETED
Math,73,org.apache.commons.math.analysis.solvers.BrentSolver,33,128.75,0,True,True,13,13,0,NO,10.89,10.697,96,104,92.3,47,52,90.4,64,104,61.5,23,52,44.2,99,104,95.2,49,52,94.2,2.9,3.8,16.145,10.289,15.248,COMPLETED
Math,74,org.apache.commons.math.ode.nonstiff.EmbeddedRungeKuttaIntegrator,21,125.508,0,True,True,7,7,0,NO,10.659,10.813,121,122,99.2,51,54,94.4,30,122,24.6,5,54,9.3,121,122,99.2,52,54,96.3,0.0,1.9,15.806,10.609,14.868,COMPLETED
Math,76,org.apache.commons.math.linear.SingularValueDecompositionImpl,106,134.589,0,True,True,95,95,0,NO,11.164,11.496,128,134,95.5,49,54,90.7,43,134,32.1,22,54,40.7,132,134,98.5,53,54,98.1,3.0,7.4,15.473,10.989,14.731,COMPLETED
Math,77,org.apache.commons.math.linear.ArrayRealVector,296,134.061,0,True,True,295,295,0,NO,28.668,28.038,480,799,60.1,186,338,55.0,563,799,70.5,225,338,66.6,658,799,82.4,254,338,75.1,22.3,20.1,16.969,27.809,32.177,COMPLETED
Math,77,org.apache.commons.math.linear.OpenMapRealVector,274,138.385,0,True,True,295,295,0,NO,28.668,28.038,480,799,60.1,186,338,55.0,563,799,70.5,225,338,66.6,658,799,82.4,254,338,75.1,22.3,20.1,16.969,27.809,32.177,COMPLETED
Math,78,org.apache.commons.math.ode.events.EventState,21,61.001,0,True,True,4,4,0,NO,10.47,10.86,75,90,83.3,37,50,74.0,27,90,30.0,18,50,36.0,75,90,83.3,37,50,74.0,0.0,0.0,15.898,10.481,14.57,COMPLETED
Math,79,org.apache.commons.math.util.MathUtils,0,126.098,1,True,True,0,0,0,ERROR,,,,,,,,,,,,,,,,,,,,,,,,,,GENERATION_FAILED
Math,80,org.apache.commons.math.linear.EigenDecompositionImpl,362,127.189,0,True,True,275,276,0,NO,11.693,11.549,796,855,93.1,349,414,84.3,515,855,60.2,195,414,47.1,829,855,97.0,374,414,90.3,3.9,6.0,16.072,12.705,14.932,COMPLETED
Math,81,org.apache.commons.math.linear.EigenDecompositionImpl,368,127.946,0,True,True,285,286,0,NO,11.838,11.45,760,854,89.0,336,414,81.2,523,854,61.2,201,414,48.6,816,854,95.6,372,414,89.9,6.6,8.7,15.943,12.489,14.979,COMPLETED
Math,82,org.apache.commons.math.optimization.linear.SimplexSolver,170,131.809,0,True,True,78,79,0,NO,11.531,11.529,58,60,96.7,34,36,94.4,52,60,86.7,30,36,83.3,60,60,100.0,36,36,100.0,3.3,5.6,15.426,11.642,14.372,COMPLETED
Math,83,org.apache.commons.math.optimization.linear.SimplexTableau,337,147.557,0,True,True,177,192,0,NO,16.603,16.083,11,155,7.1,7,92,7.6,0,155,0.0,9,92,9.8,11,155,7.1,11,92,12.0,0.0,4.4,15.727,16.307,18.896,COMPLETED
Math,84,org.apache.commons.math.optimization.direct.MultiDirectional,30,129.307,0,True,True,18,18,0,NO,11.057,11.057,34,34,100.0,10,10,100.0,16,34,47.1,4,10,40.0,34,34,100.0,10,10,100.0,0.0,0.0,15.521,11.069,14.613,COMPLETED
Math,85,org.apache.commons.math.analysis.solvers.UnivariateRealSolverUtils,8,128.08,0,True,True,0,0,0,ERROR,300.016,300.025,,,,,,,,,,,,,,,,,,,,,,,,TEST_TIMEOUT
Math,86,org.apache.commons.math.linear.CholeskyDecompositionImpl,11,83.78,0,True,True,0,0,0,ERROR,300.026,300.015,,,,,,,,,,,,,,,,,,,,,,,,TEST_TIMEOUT
Math,87,org.apache.commons.math.optimization.linear.SimplexTableau,300,151.957,0,True,True,0,0,0,ERROR,300.006,300.022,,,,,,,,,,,,,,,,,,,,,,,,TEST_TIMEOUT
Math,88,org.apache.commons.math.optimization.linear.SimplexTableau,304,153.128,0,True,True,0,0,0,ERROR,300.012,300.014,,,,,,,,,,,,,,,,,,,,,,,,TEST_TIMEOUT
Math,89,org.apache.commons.math.stat.Frequency,88,138.304,0,True,True,0,0,0,ERROR,3.135,3.027,,,,,,,,,,,,,,,,,,,,,,,,TEST_COMPILE_INCOMPATIBLE
Math,90,org.apache.commons.math.stat.Frequency,90,140.387,0,True,True,0,0,0,ERROR,2.958,2.972,,,,,,,,,,,,,,,,,,,,,,,,TEST_COMPILE_INCOMPATIBLE
Math,91,org.apache.commons.math.fraction.Fraction,97,147.321,0,True,True,0,0,0,ERROR,300.018,300.013,,,,,,,,,,,,,,,,,,,,,,,,TEST_TIMEOUT
Math,92,org.apache.commons.math.util.MathUtils,0,118.595,1,True,True,0,0,0,ERROR,,,,,,,,,,,,,,,,,,,,,,,,,,GENERATION_FAILED
Math,93,org.apache.commons.math.util.MathUtils,0,117.315,1,True,True,0,0,0,ERROR,,,,,,,,,,,,,,,,,,,,,,,,,,GENERATION_FAILED
Math,94,org.apache.commons.math.util.MathUtils,0,118.108,1,True,True,0,0,0,ERROR,,,,,,,,,,,,,,,,,,,,,,,,,,GENERATION_FAILED
Math,95,org.apache.commons.math.distribution.FDistributionImpl,17,16.513,0,True,True,0,0,0,ERROR,2.276,2.18,,,,,,,,,,,,,,,,,,,,,,,,TEST_COMPILE_INCOMPATIBLE
Math,96,org.apache.commons.math.complex.Complex,122,122.943,0,True,True,0,0,0,ERROR,2.334,2.382,,,,,,,,,,,,,,,,,,,,,,,,TEST_COMPILE_INCOMPATIBLE
Math,97,org.apache.commons.math.analysis.BrentSolver,26,126.445,0,True,True,0,0,0,ERROR,2.314,2.382,,,,,,,,,,,,,,,,,,,,,,,,TEST_COMPILE_INCOMPATIBLE
Math,98,org.apache.commons.math.linear.BigMatrixImpl,322,147.767,0,True,True,0,0,0,ERROR,2.412,2.38,,,,,,,,,,,,,,,,,,,,,,,,TEST_COMPILE_INCOMPATIBLE
Math,98,org.apache.commons.math.linear.RealMatrixImpl,341,127.46,0,True,True,0,0,0,ERROR,2.412,2.38,,,,,,,,,,,,,,,,,,,,,,,,TEST_COMPILE_INCOMPATIBLE
Math,99,org.apache.commons.math.util.MathUtils,0,120.501,1,True,True,0,0,0,ERROR,,,,,,,,,,,,,,,,,,,,,,,,,,GENERATION_FAILED
Math,101,org.apache.commons.math.complex.ComplexFormat,150,129.74,0,True,True,0,0,0,ERROR,2.936,2.51,,,,,,,,,,,,,,,,,,,,,,,,TEST_COMPILE_INCOMPATIBLE
Math,102,org.apache.commons.math.stat.inference.ChiSquareTestImpl,104,123.084,0,True,True,0,0,0,ERROR,2.574,2.721,,,,,,,,,,,,,,,,,,,,,,,,TEST_COMPILE_INCOMPATIBLE
Math,103,org.apache.commons.math.distribution.NormalDistributionImpl,23,75.981,0,True,True,0,0,0,ERROR,2.443,2.59,,,,,,,,,,,,,,,,,,,,,,,,TEST_COMPILE_INCOMPATIBLE
Math,104,org.apache.commons.math.special.Gamma,32,81.396,0,True,True,0,0,0,ERROR,2.867,2.884,,,,,,,,,,,,,,,,,,,,,,,,TEST_COMPILE_INCOMPATIBLE
Math,105,org.apache.commons.math.stat.regression.SimpleRegression,50,31.117,0,True,True,0,0,0,ERROR,2.852,2.682,,,,,,,,,,,,,,,,,,,,,,,,TEST_COMPILE_INCOMPATIBLE
Math,106,org.apache.commons.math.fraction.ProperFractionFormat,40,128.171,0,True,True,0,0,0,ERROR,2.599,2.828,,,,,,,,,,,,,,,,,,,,,,,,TEST_COMPILE_INCOMPATIBLE
Chart,1,org.jfree.chart.renderer.category.AbstractCategoryItemRenderer,311,162.864,0,True,True,0,0,0,ERROR,2.15,1.963,,,,,,,,,,,,,,,,,,,,,,,,TEST_COMPILE_INCOMPATIBLE
Chart,2,org.jfree.data.general.DatasetUtilities,239,154.763,0,True,True,0,0,0,ERROR,2.045,1.988,,,,,,,,,,,,,,,,,,,,,,,,TEST_COMPILE_INCOMPATIBLE
Chart,3,org.jfree.data.time.TimeSeries,189,140.939,0,True,True,0,0,0,ERROR,2.199,1.91,,,,,,,,,,,,,,,,,,,,,,,,TEST_COMPILE_INCOMPATIBLE
Chart,4,org.jfree.chart.plot.XYPlot,392,131.498,0,True,True,0,0,0,ERROR,1.872,1.8,,,,,,,,,,,,,,,,,,,,,,,,TEST_COMPILE_INCOMPATIBLE
Chart,5,org.jfree.data.xy.XYSeries,119,139.053,0,True,True,0,0,0,ERROR,1.956,1.795,,,,,,,,,,,,,,,,,,,,,,,,TEST_COMPILE_INCOMPATIBLE
Chart,6,org.jfree.chart.util.ShapeList,42,154.981,0,True,True,0,0,0,ERROR,1.88,1.903,,,,,,,,,,,,,,,,,,,,,,,,TEST_COMPILE_INCOMPATIBLE
Chart,7,org.jfree.data.time.TimePeriodValues,0,300.07,124,True,True,0,0,0,ERROR,,,,,,,,,,,,,,,,,,,,,,,,,,GENERATION_TIMEOUT
Chart,8,org.jfree.data.time.Week,47,138.807,0,True,True,0,0,0,ERROR,1.768,1.775,,,,,,,,,,,,,,,,,,,,,,,,TEST_COMPILE_INCOMPATIBLE
Chart,9,org.jfree.data.time.TimeSeries,128,144.777,0,True,True,0,0,0,ERROR,1.836,1.774,,,,,,,,,,,,,,,,,,,,,,,,TEST_COMPILE_INCOMPATIBLE
Chart,10,org.jfree.chart.imagemap.StandardToolTipTagFragmentGenerator,1,24.873,0,True,True,0,0,0,NO,24.738,23.536,3,3,100.0,0,0,0.0,3,3,100.0,0,0,0.0,3,3,100.0,0,0,0.0,0.0,0.0,27.85,7.719,26.882,COMPLETED
Chart,11,org.jfree.chart.util.ShapeUtilities,70,139.751,0,True,True,0,0,0,ERROR,2.223,1.775,,,,,,,,,,,,,,,,,,,,,,,,TEST_COMPILE_INCOMPATIBLE
Chart,12,org.jfree.chart.plot.MultiplePiePlot,77,143.817,0,True,True,0,0,0,ERROR,1.792,1.855,,,,,,,,,,,,,,,,,,,,,,,,TEST_COMPILE_INCOMPATIBLE
Chart,13,org.jfree.chart.block.BorderArrangement,42,154.305,0,True,True,0,0,0,ERROR,1.922,1.839,,,,,,,,,,,,,,,,,,,,,,,,TEST_COMPILE_INCOMPATIBLE
Chart,14,org.jfree.chart.plot.CategoryPlot,394,146.384,0,True,True,0,0,0,ERROR,2.0,1.906,,,,,,,,,,,,,,,,,,,,,,,,TEST_COMPILE_INCOMPATIBLE
Chart,14,org.jfree.chart.plot.XYPlot,477,108.409,0,True,True,0,0,0,ERROR,2.0,1.906,,,,,,,,,,,,,,,,,,,,,,,,TEST_COMPILE_INCOMPATIBLE
Chart,15,org.jfree.chart.plot.PiePlot,321,133.911,0,True,True,0,0,0,ERROR,1.872,1.905,,,,,,,,,,,,,,,,,,,,,,,,TEST_COMPILE_INCOMPATIBLE
Chart,16,org.jfree.data.category.DefaultIntervalCategoryDataset,154,133.498,0,True,True,0,0,0,ERROR,1.871,2.035,,,,,,,,,,,,,,,,,,,,,,,,TEST_COMPILE_INCOMPATIBLE
Chart,17,org.jfree.data.time.TimeSeries,148,134.91,0,True,True,0,0,0,ERROR,2.093,1.881,,,,,,,,,,,,,,,,,,,,,,,,TEST_COMPILE_INCOMPATIBLE
Chart,18,org.jfree.data.DefaultKeyedValues,88,146.125,0,True,True,0,0,0,ERROR,2.04,1.802,,,,,,,,,,,,,,,,,,,,,,,,TEST_COMPILE_INCOMPATIBLE
Chart,18,org.jfree.data.DefaultKeyedValues2D,92,138.571,0,True,True,0,0,0,ERROR,2.04,1.802,,,,,,,,,,,,,,,,,,,,,,,,TEST_COMPILE_INCOMPATIBLE
Chart,19,org.jfree.chart.plot.CategoryPlot,372,112.321,0,True,True,0,0,0,ERROR,2.084,1.93,,,,,,,,,,,,,,,,,,,,,,,,TEST_COMPILE_INCOMPATIBLE
Chart,20,org.jfree.chart.plot.ValueMarker,24,131.057,0,True,True,0,0,0,ERROR,1.786,1.738,,,,,,,,,,,,,,,,,,,,,,,,TEST_COMPILE_INCOMPATIBLE
Chart,21,org.jfree.data.statistics.DefaultBoxAndWhiskerCategoryDataset,196,129.738,0,True,True,0,0,0,ERROR,1.828,1.782,,,,,,,,,,,,,,,,,,,,,,,,TEST_COMPILE_INCOMPATIBLE
Chart,22,org.jfree.data.KeyedObjects2D,85,130.792,0,True,True,0,0,0,ERROR,1.991,1.939,,,,,,,,,,,,,,,,,,,,,,,,TEST_COMPILE_INCOMPATIBLE
Chart,23,org.jfree.chart.renderer.category.MinMaxCategoryRenderer,91,154.631,0,True,True,0,0,0,ERROR,1.865,1.772,,,,,,,,,,,,,,,,,,,,,,,,TEST_COMPILE_INCOMPATIBLE
Chart,24,org.jfree.chart.renderer.GrayPaintScale,11,38.332,0,True,True,0,0,0,ERROR,1.822,1.777,,,,,,,,,,,,,,,,,,,,,,,,TEST_COMPILE_INCOMPATIBLE
Chart,25,org.jfree.chart.renderer.category.StatisticalBarRenderer,94,154.632,0,True,True,0,0,0,ERROR,1.787,1.91,,,,,,,,,,,,,,,,,,,,,,,,TEST_COMPILE_INCOMPATIBLE
Chart,26,org.jfree.chart.axis.Axis,230,140.495,0,True,True,0,0,0,ERROR,2.059,1.961,,,,,,,,,,,,,,,,,,,,,,,,TEST_COMPILE_INCOMPATIBLE
Cli,1,org.apache.commons.cli.CommandLine,39,162.658,0,True,True,0,0,0,ERROR,1.706,1.721,,,,,,,,,,,,,,,,,,,,,,,,TEST_COMPILE_INCOMPATIBLE
Cli,2,org.apache.commons.cli.PosixParser,32,220.533,0,True,True,0,0,0,ERROR,1.878,1.564,,,,,,,,,,,,,,,,,,,,,,,,TEST_COMPILE_INCOMPATIBLE
Cli,39,org.apache.commons.cli.TypeHandler,16,39.533,0,True,True,6,6,0,NO,2.986,2.924,40,42,95.2,19,20,95.0,28,42,66.7,11,20,55.0,41,42,97.6,20,20,100.0,2.4,5.0,7.063,7.818,5.585,COMPLETED
Cli,3,org.apache.commons.cli.TypeHandler,32,134.757,0,True,True,0,0,0,ERROR,1.796,1.698,,,,,,,,,,,,,,,,,,,,,,,,TEST_COMPILE_INCOMPATIBLE
Cli,4,org.apache.commons.cli.Parser,22,134.71,0,True,True,0,0,0,ERROR,6.824,3.842,,,,,,,,,,,,,,,,,,,,,,,,TEST_COMPILE_INCOMPATIBLE
Cli,5,org.apache.commons.cli.Util,8,10.004,0,True,True,2,1,1,YES,8.228,9.328,10,11,90.9,8,8,100.0,10,11,90.9,8,8,100.0,10,11,90.9,8,8,100.0,0.0,0.0,12.839,14.3,15.393,COMPLETED
Cli,8,org.apache.commons.cli.HelpFormatter,0,300.056,124,True,True,0,0,0,ERROR,,,,,,,,,,,,,,,,,,,,,,,,,,GENERATION_TIMEOUT
Cli,9,org.apache.commons.cli.Parser,30,169.502,0,True,True,0,0,0,ERROR,6.838,4.492,,,,,,,,,,,,,,,,,,,,,,,,TEST_COMPILE_INCOMPATIBLE
Cli,10,org.apache.commons.cli.Parser,49,136.235,0,True,True,0,0,0,ERROR,6.801,4.125,,,,,,,,,,,,,,,,,,,,,,,,TEST_COMPILE_INCOMPATIBLE
Cli,11,org.apache.commons.cli.HelpFormatter,119,184.349,0,True,True,0,0,0,ERROR,6.834,4.12,,,,,,,,,,,,,,,,,,,,,,,,TEST_COMPILE_INCOMPATIBLE
Cli,12,org.apache.commons.cli.GnuParser,15,52.303,0,True,True,0,0,0,ERROR,7.284,4.431,,,,,,,,,,,,,,,,,,,,,,,,TEST_COMPILE_INCOMPATIBLE
Cli,17,org.apache.commons.cli.PosixParser,0,300.041,124,True,True,0,0,0,ERROR,,,,,,,,,,,,,,,,,,,,,,,,,,GENERATION_TIMEOUT
Cli,18,org.apache.commons.cli.PosixParser,48,128.629,0,True,True,0,0,0,ERROR,6.779,4.019,,,,,,,,,,,,,,,,,,,,,,,,TEST_COMPILE_INCOMPATIBLE
Cli,19,org.apache.commons.cli.PosixParser,40,127.633,0,True,True,0,0,0,ERROR,6.779,3.936,,,,,,,,,,,,,,,,,,,,,,,,TEST_COMPILE_INCOMPATIBLE
Cli,20,org.apache.commons.cli.PosixParser,0,300.025,124,True,True,0,0,0,ERROR,,,,,,,,,,,,,,,,,,,,,,,,,,GENERATION_TIMEOUT
Cli,22,org.apache.commons.cli.PosixParser,30,130.694,0,True,True,0,0,0,ERROR,2.008,1.785,,,,,,,,,,,,,,,,,,,,,,,,TEST_COMPILE_INCOMPATIBLE
Cli,23,org.apache.commons.cli.HelpFormatter,87,208.383,0,True,True,0,0,0,ERROR,1.703,1.797,,,,,,,,,,,,,,,,,,,,,,,,TEST_COMPILE_INCOMPATIBLE
Cli,24,org.apache.commons.cli.HelpFormatter,77,200.862,0,True,True,0,0,0,ERROR,1.848,1.54,,,,,,,,,,,,,,,,,,,,,,,,TEST_COMPILE_INCOMPATIBLE
Cli,25,org.apache.commons.cli.HelpFormatter,0,300.045,124,True,True,0,0,0,ERROR,,,,,,,,,,,,,,,,,,,,,,,,,,GENERATION_TIMEOUT
Cli,26,org.apache.commons.cli.OptionBuilder,28,11.87,0,True,True,0,0,0,ERROR,1.729,1.616,,,,,,,,,,,,,,,,,,,,,,,,TEST_COMPILE_INCOMPATIBLE
Cli,27,org.apache.commons.cli.OptionGroup,20,111.481,0,True,True,0,0,0,ERROR,1.688,1.854,,,,,,,,,,,,,,,,,,,,,,,,TEST_COMPILE_INCOMPATIBLE
Cli,28,org.apache.commons.cli.Parser,48,201.869,0,True,True,0,0,0,ERROR,1.568,1.588,,,,,,,,,,,,,,,,,,,,,,,,TEST_COMPILE_INCOMPATIBLE
Cli,29,org.apache.commons.cli.Util,8,10.094,0,True,True,1,3,0,NO,4.061,2.414,13,14,92.9,10,10,100.0,13,14,92.9,10,10,100.0,13,14,92.9,10,10,100.0,0.0,0.0,6.124,7.586,6.001,COMPLETED
Cli,30,org.apache.commons.cli.DefaultParser,116,134.331,0,True,True,0,0,0,ERROR,1.669,1.809,,,,,,,,,,,,,,,,,,,,,,,,TEST_COMPILE_INCOMPATIBLE
Cli,30,org.apache.commons.cli.Parser,50,133.545,0,True,True,0,0,0,ERROR,1.669,1.809,,,,,,,,,,,,,,,,,,,,,,,,TEST_COMPILE_INCOMPATIBLE
Cli,31,org.apache.commons.cli.HelpFormatter,0,300.04,124,True,True,0,0,0,ERROR,1.818,1.675,,,,,,,,,,,,,,,,,,,,,,,,GENERATION_TIMEOUT
Cli,31,org.apache.commons.cli.Option,124,67.155,0,True,True,0,0,0,ERROR,1.818,1.675,,,,,,,,,,,,,,,,,,,,,,,,TEST_COMPILE_INCOMPATIBLE
Cli,31,org.apache.commons.cli.OptionBuilder,25,22.16,0,True,True,0,0,0,ERROR,1.818,1.675,,,,,,,,,,,,,,,,,,,,,,,,TEST_COMPILE_INCOMPATIBLE
Cli,32,org.apache.commons.cli.HelpFormatter,0,300.029,124,True,True,0,0,0,ERROR,,,,,,,,,,,,,,,,,,,,,,,,,,GENERATION_TIMEOUT
Cli,33,org.apache.commons.cli.HelpFormatter,113,149.501,0,True,True,0,0,0,ERROR,2.04,1.859,,,,,,,,,,,,,,,,,,,,,,,,TEST_COMPILE_INCOMPATIBLE
Cli,34,org.apache.commons.cli.Option,0,300.03,124,True,True,0,0,0,ERROR,1.72,1.606,,,,,,,,,,,,,,,,,,,,,,,,GENERATION_TIMEOUT
Cli,34,org.apache.commons.cli.OptionBuilder,25,20.107,0,True,True,0,0,0,ERROR,1.72,1.606,,,,,,,,,,,,,,,,,,,,,,,,TEST_COMPILE_INCOMPATIBLE
Cli,35,org.apache.commons.cli.Options,92,133.223,0,True,True,0,0,0,ERROR,1.63,1.616,,,,,,,,,,,,,,,,,,,,,,,,TEST_COMPILE_INCOMPATIBLE
Cli,36,org.apache.commons.cli.OptionGroup,25,56.768,0,True,True,0,0,0,ERROR,1.789,1.546,,,,,,,,,,,,,,,,,,,,,,,,TEST_COMPILE_INCOMPATIBLE
Cli,36,org.apache.commons.cli.Options,94,153.576,0,True,True,0,0,0,ERROR,1.789,1.546,,,,,,,,,,,,,,,,,,,,,,,,TEST_COMPILE_INCOMPATIBLE
Cli,37,org.apache.commons.cli.DefaultParser,113,144.45,0,True,True,0,0,0,ERROR,1.771,1.765,,,,,,,,,,,,,,,,,,,,,,,,TEST_COMPILE_INCOMPATIBLE
Cli,38,org.apache.commons.cli.DefaultParser,122,147.717,0,True,True,0,0,0,ERROR,1.797,1.585,,,,,,,,,,,,,,,,,,,,,,,,TEST_COMPILE_INCOMPATIBLE
Cli,40,org.apache.commons.cli.TypeHandler,18,36.636,0,True,True,7,8,0,NO,2.934,3.079,44,45,97.8,20,20,100.0,29,45,64.4,11,20,55.0,44,45,97.8,20,20,100.0,0.0,0.0,7.109,7.489,5.927,COMPLETED
Cli,7,org.apache.commons.cli2.builder.PatternBuilder,48,87.071,0,True,True,0,0,0,ERROR,1.868,1.585,,,,,,,,,,,,,,,,,,,,,,,,TEST_COMPILE_INCOMPATIBLE
Cli,13,org.apache.commons.cli2.WriteableCommandLine,0,3.636,1,True,True,0,0,0,ERROR,1.681,1.794,,,,,,,,,,,,,,,,,,,,,,,,GENERATION_FAILED
Cli,13,org.apache.commons.cli2.commandline.WriteableCommandLineImpl,98,143.85,0,True,True,0,0,0,ERROR,1.681,1.794,,,,,,,,,,,,,,,,,,,,,,,,TEST_COMPILE_INCOMPATIBLE
Cli,13,org.apache.commons.cli2.option.ArgumentImpl,0,300.029,124,True,True,0,0,0,ERROR,1.681,1.794,,,,,,,,,,,,,,,,,,,,,,,,GENERATION_TIMEOUT
Cli,14,org.apache.commons.cli2.option.GroupImpl,57,145.273,0,True,True,0,0,0,ERROR,1.599,1.577,,,,,,,,,,,,,,,,,,,,,,,,TEST_COMPILE_INCOMPATIBLE
Cli,15,org.apache.commons.cli2.commandline.WriteableCommandLineImpl,119,141.087,0,True,True,0,0,0,ERROR,1.633,1.849,,,,,,,,,,,,,,,,,,,,,,,,TEST_COMPILE_INCOMPATIBLE
Cli,16,org.apache.commons.cli2.Option,0,4.272,1,True,True,0,0,0,ERROR,1.851,1.767,,,,,,,,,,,,,,,,,,,,,,,,GENERATION_FAILED
Cli,16,org.apache.commons.cli2.commandline.WriteableCommandLineImpl,108,147.183,0,True,True,0,0,0,ERROR,1.851,1.767,,,,,,,,,,,,,,,,,,,,,,,,TEST_COMPILE_INCOMPATIBLE
Cli,16,org.apache.commons.cli2.option.GroupImpl,40,137.301,0,True,True,0,0,0,ERROR,1.851,1.767,,,,,,,,,,,,,,,,,,,,,,,,TEST_COMPILE_INCOMPATIBLE
Cli,16,org.apache.commons.cli2.option.OptionImpl,57,135.203,0,True,True,0,0,0,ERROR,1.851,1.767,,,,,,,,,,,,,,,,,,,,,,,,TEST_COMPILE_INCOMPATIBLE
Cli,21,org.apache.commons.cli2.WriteableCommandLine,0,4.336,1,True,True,0,0,0,ERROR,1.952,1.9,,,,,,,,,,,,,,,,,,,,,,,,GENERATION_FAILED
Cli,21,org.apache.commons.cli2.commandline.WriteableCommandLineImpl,118,129.651,0,True,True,0,0,0,ERROR,1.952,1.9,,,,,,,,,,,,,,,,,,,,,,,,TEST_COMPILE_INCOMPATIBLE
Cli,21,org.apache.commons.cli2.option.GroupImpl,99,128.954,0,True,True,0,0,0,ERROR,1.952,1.9,,,,,,,,,,,,,,,,,,,,,,,,TEST_COMPILE_INCOMPATIBLE
Codec,1,org.apache.commons.codec.language.Caverphone,13,29.437,0,True,True,0,0,0,ERROR,1.615,1.817,,,,,,,,,,,,,,,,,,,,,,,,TEST_COMPILE_INCOMPATIBLE
Codec,1,org.apache.commons.codec.language.Metaphone,50,14.707,0,True,True,0,0,0,ERROR,1.615,1.817,,,,,,,,,,,,,,,,,,,,,,,,TEST_COMPILE_INCOMPATIBLE
Codec,1,org.apache.commons.codec.language.SoundexUtils,31,15.125,0,True,True,0,0,0,ERROR,1.615,1.817,,,,,,,,,,,,,,,,,,,,,,,,TEST_COMPILE_INCOMPATIBLE
Codec,2,org.apache.commons.codec.binary.Base64,180,128.798,0,True,True,61,59,2,YES,4.372,3.975,202,214,94.4,127,146,87.0,200,214,93.5,138,146,94.5,211,214,98.6,143,146,97.9,4.2,10.9,7.781,10.051,6.124,COMPLETED
Codec,3,org.apache.commons.codec.language.DoubleMetaphone,308,136.321,0,True,True,0,0,0,ERROR,1.873,1.735,,,,,,,,,,,,,,,,,,,,,,,,TEST_COMPILE_INCOMPATIBLE
Codec,4,org.apache.commons.codec.binary.Base64,186,144.073,0,True,True,0,0,0,ERROR,1.906,1.813,,,,,,,,,,,,,,,,,,,,,,,,TEST_COMPILE_INCOMPATIBLE
Codec,5,org.apache.commons.codec.binary.Base64,211,129.075,0,True,True,0,0,0,ERROR,1.63,1.582,,,,,,,,,,,,,,,,,,,,,,,,TEST_COMPILE_INCOMPATIBLE
Codec,6,org.apache.commons.codec.binary.Base64InputStream,25,12.073,0,True,True,0,0,0,ERROR,1.541,1.505,,,,,,,,,,,,,,,,,,,,,,,,TEST_COMPILE_INCOMPATIBLE
Codec,7,org.apache.commons.codec.binary.Base64,225,128.783,0,True,True,0,0,0,ERROR,1.838,1.645,,,,,,,,,,,,,,,,,,,,,,,,TEST_COMPILE_INCOMPATIBLE
Codec,8,org.apache.commons.codec.binary.Base64,200,121.137,0,True,True,0,0,0,ERROR,1.677,1.61,,,,,,,,,,,,,,,,,,,,,,,,TEST_COMPILE_INCOMPATIBLE
Codec,8,org.apache.commons.codec.binary.Base64InputStream,19,11.432,0,True,True,0,0,0,ERROR,1.677,1.61,,,,,,,,,,,,,,,,,,,,,,,,TEST_COMPILE_INCOMPATIBLE
Codec,9,org.apache.commons.codec.binary.Base64,211,119.567,0,True,True,0,0,0,ERROR,1.643,1.638,,,,,,,,,,,,,,,,,,,,,,,,TEST_COMPILE_INCOMPATIBLE
Codec,10,org.apache.commons.codec.language.Caverphone,17,9.826,0,True,True,0,0,0,NO,3.625,3.649,69,69,100.0,6,6,100.0,69,69,100.0,6,6,100.0,69,69,100.0,6,6,100.0,0.0,0.0,7.522,7.708,6.471,COMPLETED
Codec,11,org.apache.commons.codec.net.QuotedPrintableCodec,57,38.457,0,True,True,0,0,0,ERROR,1.65,1.728,,,,,,,,,,,,,,,,,,,,,,,,TEST_COMPILE_INCOMPATIBLE
Codec,12,org.apache.commons.codec.binary.BaseNCodecInputStream,17,10.82,0,True,True,0,0,0,ERROR,1.646,1.575,,,,,,,,,,,,,,,,,,,,,,,,TEST_COMPILE_INCOMPATIBLE
Codec,13,org.apache.commons.codec.binary.CharSequenceUtils,0,0.0,-1,True,True,0,0,0,ERROR,1.634,1.703,,,,,,,,,,,,,,,,,,,,,,,,SOURCE_NOT_FOUND
Codec,13,org.apache.commons.codec.binary.StringUtils,23,10.46,0,True,True,0,0,0,ERROR,1.634,1.703,,,,,,,,,,,,,,,,,,,,,,,,TEST_COMPILE_INCOMPATIBLE
Codec,13,org.apache.commons.codec.language.DoubleMetaphone,394,126.539,0,True,True,0,0,0,ERROR,1.634,1.703,,,,,,,,,,,,,,,,,,,,,,,,TEST_COMPILE_INCOMPATIBLE
Codec,14,org.apache.commons.codec.language.bm.Lang,23,16.858,0,True,True,0,0,0,ERROR,1.434,1.428,,,,,,,,,,,,,,,,,,,,,,,,TEST_COMPILE_INCOMPATIBLE
Codec,14,org.apache.commons.codec.language.bm.PhoneticEngine,16,127.447,0,True,True,0,0,0,ERROR,1.434,1.428,,,,,,,,,,,,,,,,,,,,,,,,TEST_COMPILE_INCOMPATIBLE
Codec,14,org.apache.commons.codec.language.bm.Rule,40,126.324,0,True,True,0,0,0,ERROR,1.434,1.428,,,,,,,,,,,,,,,,,,,,,,,,TEST_COMPILE_INCOMPATIBLE
Codec,14,src.main.resources.org.apache.commons.codec.language.bm.ash_lang.txt,0,0.0,-1,True,True,0,0,0,ERROR,1.434,1.428,,,,,,,,,,,,,,,,,,,,,,,,SOURCE_NOT_FOUND
Codec,14,src.main.resources.org.apache.commons.codec.language.bm.gen_lang.txt,0,0.0,-1,True,True,0,0,0,ERROR,1.434,1.428,,,,,,,,,,,,,,,,,,,,,,,,SOURCE_NOT_FOUND
Codec,14,src.main.resources.org.apache.commons.codec.language.bm.sep_lang.txt,0,0.0,-1,True,True,0,0,0,ERROR,1.434,1.428,,,,,,,,,,,,,,,,,,,,,,,,SOURCE_NOT_FOUND
Codec,15,org.apache.commons.codec.language.Soundex,37,13.972,0,True,True,0,0,0,ERROR,1.605,1.589,,,,,,,,,,,,,,,,,,,,,,,,TEST_COMPILE_INCOMPATIBLE
Codec,16,org.apache.commons.codec.binary.Base32,111,19.968,0,True,True,0,0,0,ERROR,1.525,1.525,,,,,,,,,,,,,,,,,,,,,,,,TEST_COMPILE_INCOMPATIBLE
Codec,17,org.apache.commons.codec.binary.StringUtils,34,16.782,0,True,True,6,6,0,NO,9.943,9.662,37,39,94.9,17,20,85.0,37,39,94.9,19,20,95.0,39,39,100.0,20,20,100.0,5.1,15.0,14.112,7.899,12.472,COMPLETED
Codec,18,org.apache.commons.codec.binary.StringUtils,33,16.539,0,True,True,6,5,1,YES,9.912,9.568,38,39,97.4,19,20,95.0,37,39,94.9,18,20,90.0,39,39,100.0,20,20,100.0,2.6,5.0,14.112,8.094,12.531,COMPLETED
JacksonXml,1,com.fasterxml.jackson.dataformat.xml.deser.FromXmlParser,257,132.298,0,True,True,0,0,0,ERROR,1.814,1.631,,,,,,,,,,,,,,,,,,,,,,,,TEST_COMPILE_INCOMPATIBLE
JacksonXml,2,com.fasterxml.jackson.dataformat.xml.deser.XmlTokenStream,150,147.269,0,True,True,0,0,0,ERROR,2.007,1.685,,,,,,,,,,,,,,,,,,,,,,,,TEST_COMPILE_INCOMPATIBLE
JacksonXml,3,com.fasterxml.jackson.dataformat.xml.deser.FromXmlParser,255,132.882,0,True,True,0,0,0,ERROR,1.757,2.031,,,,,,,,,,,,,,,,,,,,,,,,TEST_COMPILE_INCOMPATIBLE
JacksonXml,4,com.fasterxml.jackson.dataformat.xml.ser.XmlSerializerProvider,75,182.474,0,True,True,0,0,0,ERROR,1.753,1.582,,,,,,,,,,,,,,,,,,,,,,,,TEST_COMPILE_INCOMPATIBLE
JacksonXml,5,com.fasterxml.jackson.dataformat.xml.ser.XmlSerializerProvider,60,148.339,0,True,True,0,0,0,ERROR,1.606,1.695,,,,,,,,,,,,,,,,,,,,,,,,TEST_COMPILE_INCOMPATIBLE
JacksonXml,6,com.fasterxml.jackson.dataformat.xml.ser.ToXmlGenerator,0,300.046,124,True,True,0,0,0,ERROR,,,,,,,,,,,,,,,,,,,,,,,,,,GENERATION_TIMEOUT
Closure,1,com.google.javascript.jscomp.RemoveUnusedVars,110,142.611,0,True,True,0,0,0,ERROR,3.892,4.101,,,,,,,,,,,,,,,,,,,,,,,,TEST_COMPILE_INCOMPATIBLE
Closure,2,com.google.javascript.jscomp.TypeCheck,353,148.182,0,True,True,0,0,0,ERROR,3.654,4.062,,,,,,,,,,,,,,,,,,,,,,,,TEST_COMPILE_INCOMPATIBLE
Closure,3,com.google.javascript.jscomp.FlowSensitiveInlineVariables,27,137.665,0,True,True,0,0,0,ERROR,3.666,3.866,,,,,,,,,,,,,,,,,,,,,,,,TEST_COMPILE_INCOMPATIBLE
Closure,4,com.google.javascript.rhino.jstype.NamedType,101,137.089,0,True,True,0,0,0,ERROR,4.205,3.55,,,,,,,,,,,,,,,,,,,,,,,,TEST_COMPILE_INCOMPATIBLE
Closure,5,com.google.javascript.jscomp.InlineObjectLiterals,0,17.212,0,True,True,0,0,0,NO,73.588,73.825,178,181,98.3,100,108,92.6,0,181,0.0,0,108,0.0,178,181,98.3,100,108,92.6,0.0,0.0,80.634,11.617,80.666,COMPLETED
Closure,6,com.google.javascript.jscomp.TypeValidator,193,186.458,0,True,True,0,0,0,ERROR,4.07,3.542,,,,,,,,,,,,,,,,,,,,,,,,TEST_COMPILE_INCOMPATIBLE
Closure,7,com.google.javascript.jscomp.type.ChainableReverseAbstractInterpreter,144,139.278,0,True,True,0,0,0,ERROR,3.651,4.079,,,,,,,,,,,,,,,,,,,,,,,,TEST_COMPILE_INCOMPATIBLE
Closure,8,com.google.javascript.jscomp.CollapseVariableDeclarations,23,132.596,0,True,True,0,0,0,ERROR,4.009,3.779,,,,,,,,,,,,,,,,,,,,,,,,TEST_COMPILE_INCOMPATIBLE
Closure,9,com.google.javascript.jscomp.ProcessCommonJSModules,29,132.688,0,True,True,0,0,0,ERROR,3.746,3.221,,,,,,,,,,,,,,,,,,,,,,,,TEST_COMPILE_INCOMPATIBLE
Closure,10,com.google.javascript.jscomp.NodeUtil,1019,139.911,0,True,True,0,0,0,ERROR,3.874,3.875,,,,,,,,,,,,,,,,,,,,,,,,TEST_COMPILE_INCOMPATIBLE
Closure,11,com.google.javascript.jscomp.TypeCheck,311,147.669,0,True,True,0,0,0,ERROR,3.988,4.046,,,,,,,,,,,,,,,,,,,,,,,,TEST_COMPILE_INCOMPATIBLE
Closure,12,com.google.javascript.jscomp.MaybeReachingVariableUse,82,138.692,0,True,True,0,0,0,ERROR,3.455,3.775,,,,,,,,,,,,,,,,,,,,,,,,TEST_COMPILE_INCOMPATIBLE
Closure,13,com.google.javascript.jscomp.PeepholeOptimizationsPass,106,177.014,0,True,True,0,0,0,ERROR,3.549,3.462,,,,,,,,,,,,,,,,,,,,,,,,TEST_COMPILE_INCOMPATIBLE
Closure,14,com.google.javascript.jscomp.ControlFlowAnalysis,0,162.392,1,True,True,0,0,0,ERROR,,,,,,,,,,,,,,,,,,,,,,,,,,GENERATION_FAILED
Closure,15,com.google.javascript.jscomp.FlowSensitiveInlineVariables,26,135.476,0,True,True,0,0,0,ERROR,3.911,3.353,,,,,,,,,,,,,,,,,,,,,,,,TEST_COMPILE_INCOMPATIBLE
Closure,16,com.google.javascript.jscomp.ScopedAliases,7,132.288,0,True,True,0,0,0,ERROR,3.295,3.178,,,,,,,,,,,,,,,,,,,,,,,,TEST_COMPILE_INCOMPATIBLE
Closure,17,com.google.javascript.jscomp.TypedScopeCreator,55,135.383,0,True,True,0,0,0,ERROR,3.534,3.559,,,,,,,,,,,,,,,,,,,,,,,,TEST_COMPILE_INCOMPATIBLE
Closure,18,com.google.javascript.jscomp.Compiler,375,115.714,0,True,True,0,0,0,ERROR,3.797,3.627,,,,,,,,,,,,,,,,,,,,,,,,TEST_COMPILE_INCOMPATIBLE
Closure,19,com.google.javascript.jscomp.type.ChainableReverseAbstractInterpreter,153,144.901,0,True,True,0,0,0,ERROR,4.006,3.538,,,,,,,,,,,,,,,,,,,,,,,,TEST_COMPILE_INCOMPATIBLE
Closure,20,com.google.javascript.jscomp.PeepholeSubstituteAlternateSyntax,0,170.207,1,True,True,0,0,0,ERROR,,,,,,,,,,,,,,,,,,,,,,,,,,GENERATION_FAILED
Closure,21,com.google.javascript.jscomp.CheckSideEffects,63,136.521,0,True,True,0,0,0,ERROR,3.756,3.094,,,,,,,,,,,,,,,,,,,,,,,,TEST_COMPILE_INCOMPATIBLE
Closure,22,com.google.javascript.jscomp.CheckSideEffects,53,135.693,0,True,True,0,0,0,ERROR,3.271,3.73,,,,,,,,,,,,,,,,,,,,,,,,TEST_COMPILE_INCOMPATIBLE
Closure,23,com.google.javascript.jscomp.PeepholeFoldConstants,421,174.685,0,True,True,0,0,0,ERROR,3.976,3.541,,,,,,,,,,,,,,,,,,,,,,,,TEST_COMPILE_INCOMPATIBLE
Closure,24,com.google.javascript.jscomp.ScopedAliases,12,131.346,0,True,True,0,0,0,ERROR,3.124,3.638,,,,,,,,,,,,,,,,,,,,,,,,TEST_COMPILE_INCOMPATIBLE
Closure,25,com.google.javascript.jscomp.TypeInference,354,147.242,0,True,True,0,0,0,ERROR,4.141,3.641,,,,,,,,,,,,,,,,,,,,,,,,TEST_COMPILE_INCOMPATIBLE
Closure,26,com.google.javascript.jscomp.ProcessCommonJSModules,22,131.145,0,True,True,0,0,0,ERROR,3.411,3.242,,,,,,,,,,,,,,,,,,,,,,,,TEST_COMPILE_INCOMPATIBLE
Closure,27,com.google.javascript.rhino.IR,255,265.174,0,True,True,0,0,0,ERROR,3.868,4.237,,,,,,,,,,,,,,,,,,,,,,,,TEST_COMPILE_INCOMPATIBLE
Closure,28,com.google.javascript.jscomp.InlineCostEstimator,217,101.63,0,True,True,0,0,0,ERROR,3.569,4.086,,,,,,,,,,,,,,,,,,,,,,,,TEST_COMPILE_INCOMPATIBLE
Closure,29,com.google.javascript.jscomp.InlineObjectLiterals,0,16.808,0,True,True,0,0,0,NO,64.707,63.893,171,174,98.3,96,104,92.3,0,174,0.0,0,104,0.0,171,174,98.3,96,104,92.3,0.0,0.0,70.94,10.796,69.516,COMPLETED
Closure,30,com.google.javascript.jscomp.FlowSensitiveInlineVariables,35,132.808,0,True,True,0,0,0,ERROR,3.775,3.298,,,,,,,,,,,,,,,,,,,,,,,,TEST_COMPILE_INCOMPATIBLE
Closure,30,com.google.javascript.jscomp.MustBeReachingVariableDef,71,140.164,0,True,True,0,0,0,ERROR,3.775,3.298,,,,,,,,,,,,,,,,,,,,,,,,TEST_COMPILE_INCOMPATIBLE
Closure,31,com.google.javascript.jscomp.Compiler,378,117.885,0,True,True,0,0,0,ERROR,3.608,3.623,,,,,,,,,,,,,,,,,,,,,,,,TEST_COMPILE_INCOMPATIBLE
Closure,32,com.google.javascript.jscomp.parsing.JsDocInfoParser,480,139.34,0,True,True,0,0,0,ERROR,3.775,3.501,,,,,,,,,,,,,,,,,,,,,,,,TEST_COMPILE_INCOMPATIBLE
Closure,33,com.google.javascript.rhino.jstype.PrototypeObjectType,81,162.628,0,True,True,0,0,0,ERROR,3.578,3.634,,,,,,,,,,,,,,,,,,,,,,,,TEST_COMPILE_INCOMPATIBLE
Closure,34,com.google.javascript.jscomp.CodeGenerator,0,190.198,1,True,True,0,0,0,ERROR,3.636,3.665,,,,,,,,,,,,,,,,,,,,,,,,GENERATION_FAILED
Closure,34,com.google.javascript.jscomp.CodePrinter,104,64.415,0,True,True,0,0,0,ERROR,3.636,3.665,,,,,,,,,,,,,,,,,,,,,,,,TEST_COMPILE_INCOMPATIBLE
Closure,35,com.google.javascript.jscomp.TypeInference,471,147.864,0,True,True,0,0,0,ERROR,3.884,3.898,,,,,,,,,,,,,,,,,,,,,,,,TEST_COMPILE_INCOMPATIBLE
Closure,36,com.google.javascript.jscomp.InlineVariables,8,33.542,0,True,True,0,0,0,ERROR,3.497,3.787,,,,,,,,,,,,,,,,,,,,,,,,TEST_COMPILE_INCOMPATIBLE
Closure,37,com.google.javascript.jscomp.NodeTraversal,212,147.116,0,True,True,0,0,0,ERROR,3.882,4.009,,,,,,,,,,,,,,,,,,,,,,,,TEST_COMPILE_INCOMPATIBLE
Closure,37,com.google.javascript.jscomp.parsing.IRFactory,0,300.037,124,True,True,0,0,0,ERROR,3.882,4.009,,,,,,,,,,,,,,,,,,,,,,,,GENERATION_TIMEOUT
Closure,38,com.google.javascript.jscomp.CodeConsumer,96,123.263,0,True,True,0,0,0,ERROR,3.562,3.47,,,,,,,,,,,,,,,,,,,,,,,,TEST_COMPILE_INCOMPATIBLE
Closure,39,com.google.javascript.rhino.jstype.PrototypeObjectType,93,156.775,0,True,True,0,0,0,ERROR,3.756,3.799,,,,,,,,,,,,,,,,,,,,,,,,TEST_COMPILE_INCOMPATIBLE
Closure,40,com.google.javascript.jscomp.NameAnalyzer,0,162.32,1,True,True,0,0,0,ERROR,,,,,,,,,,,,,,,,,,,,,,,,,,GENERATION_FAILED
Closure,41,com.google.javascript.jscomp.FunctionTypeBuilder,222,142.863,0,True,True,0,0,0,ERROR,3.685,3.754,,,,,,,,,,,,,,,,,,,,,,,,TEST_COMPILE_INCOMPATIBLE
Closure,42,com.google.javascript.jscomp.parsing.IRFactory,323,168.186,0,True,True,0,0,0,ERROR,4.118,3.637,,,,,,,,,,,,,,,,,,,,,,,,TEST_COMPILE_INCOMPATIBLE
Closure,43,com.google.javascript.jscomp.TypedScopeCreator,47,153.242,0,True,True,0,0,0,ERROR,3.753,3.556,,,,,,,,,,,,,,,,,,,,,,,,TEST_COMPILE_INCOMPATIBLE
Closure,44,com.google.javascript.jscomp.CodeConsumer,96,121.136,0,True,True,0,0,0,ERROR,3.593,3.586,,,,,,,,,,,,,,,,,,,,,,,,TEST_COMPILE_INCOMPATIBLE
Closure,45,com.google.javascript.jscomp.RemoveUnusedVars,108,145.403,0,True,True,0,0,0,ERROR,3.757,3.469,,,,,,,,,,,,,,,,,,,,,,,,TEST_COMPILE_INCOMPATIBLE
Closure,46,com.google.javascript.rhino.jstype.RecordType,66,147.441,0,True,True,0,0,0,ERROR,3.39,3.224,,,,,,,,,,,,,,,,,,,,,,,,TEST_COMPILE_INCOMPATIBLE
Closure,47,com.google.debugging.sourcemap.SourceMapConsumerV3,102,149.347,0,True,True,0,0,0,ERROR,3.562,3.399,,,,,,,,,,,,,,,,,,,,,,,,TEST_COMPILE_INCOMPATIBLE
Closure,47,com.google.javascript.jscomp.SourceMap,65,136.178,0,True,True,0,0,0,ERROR,3.562,3.399,,,,,,,,,,,,,,,,,,,,,,,,TEST_COMPILE_INCOMPATIBLE
Closure,48,com.google.javascript.jscomp.TypedScopeCreator,45,134.487,0,True,True,0,0,0,ERROR,3.309,4.023,,,,,,,,,,,,,,,,,,,,,,,,TEST_COMPILE_INCOMPATIBLE
Closure,49,com.google.javascript.jscomp.MakeDeclaredNamesUnique,84,138.45,0,True,True,0,0,0,ERROR,3.437,3.863,,,,,,,,,,,,,,,,,,,,,,,,TEST_COMPILE_INCOMPATIBLE
Closure,50,com.google.javascript.jscomp.PeepholeReplaceKnownMethods,206,140.487,0,True,True,0,0,0,ERROR,3.563,3.592,,,,,,,,,,,,,,,,,,,,,,,,TEST_COMPILE_INCOMPATIBLE
Closure,51,com.google.javascript.jscomp.CodeConsumer,93,122.151,0,True,True,0,0,0,ERROR,3.229,3.797,,,,,,,,,,,,,,,,,,,,,,,,TEST_COMPILE_INCOMPATIBLE
Closure,52,com.google.javascript.jscomp.CodeGenerator,0,199.232,1,True,True,0,0,0,ERROR,,,,,,,,,,,,,,,,,,,,,,,,,,GENERATION_FAILED
Closure,53,com.google.javascript.jscomp.InlineObjectLiterals,0,16.698,0,True,True,0,0,0,NO,58.704,59.437,167,170,98.2,99,112,88.4,0,170,0.0,0,112,0.0,167,170,98.2,99,112,88.4,0.0,0.0,66.2,10.574,62.927,COMPLETED
Closure,54,com.google.javascript.jscomp.TypedScopeCreator,50,136.54,0,True,True,0,0,0,ERROR,3.743,3.574,,,,,,,,,,,,,,,,,,,,,,,,TEST_COMPILE_INCOMPATIBLE
Closure,54,com.google.javascript.rhino.jstype.FunctionType,294,175.405,0,True,True,0,0,0,ERROR,3.743,3.574,,,,,,,,,,,,,,,,,,,,,,,,TEST_COMPILE_INCOMPATIBLE
Closure,55,com.google.javascript.jscomp.FunctionRewriter,26,131.075,0,True,True,0,0,0,ERROR,3.127,3.693,,,,,,,,,,,,,,,,,,,,,,,,TEST_COMPILE_INCOMPATIBLE
Closure,56,com.google.javascript.jscomp.SourceFile,79,45.677,0,True,True,0,0,0,ERROR,3.695,3.123,,,,,,,,,,,,,,,,,,,,,,,,TEST_COMPILE_INCOMPATIBLE
Closure,57,com.google.javascript.jscomp.ClosureCodingConvention,147,139.534,0,True,True,0,0,0,ERROR,3.394,3.464,,,,,,,,,,,,,,,,,,,,,,,,TEST_COMPILE_INCOMPATIBLE
Closure,58,com.google.javascript.jscomp.LiveVariablesAnalysis,0,300.021,124,True,True,0,0,0,ERROR,,,,,,,,,,,,,,,,,,,,,,,,,,GENERATION_TIMEOUT
Closure,59,com.google.javascript.jscomp.Compiler,360,125.224,0,True,True,0,0,0,ERROR,3.502,3.744,,,,,,,,,,,,,,,,,,,,,,,,TEST_COMPILE_INCOMPATIBLE
Closure,60,com.google.javascript.jscomp.NodeUtil,0,119.652,1,True,True,0,0,0,ERROR,,,,,,,,,,,,,,,,,,,,,,,,,,GENERATION_FAILED
Closure,61,com.google.javascript.jscomp.NodeUtil,0,118.4,1,True,True,0,0,0,ERROR,,,,,,,,,,,,,,,,,,,,,,,,,,GENERATION_FAILED
Closure,62,com.google.javascript.jscomp.LightweightMessageFormatter,25,134.071,0,True,True,0,0,0,ERROR,3.136,3.097,,,,,,,,,,,,,,,,,,,,,,,,TEST_COMPILE_INCOMPATIBLE
Closure,64,com.google.javascript.jscomp.Compiler,363,126.725,0,True,True,0,0,0,ERROR,2.677,2.48,,,,,,,,,,,,,,,,,,,,,,,,TEST_COMPILE_INCOMPATIBLE
Closure,65,com.google.javascript.jscomp.CodeGenerator,0,200.858,1,True,True,0,0,0,ERROR,,,,,,,,,,,,,,,,,,,,,,,,,,GENERATION_FAILED
Closure,66,com.google.javascript.jscomp.TypeCheck,342,148.927,0,True,True,0,0,0,ERROR,2.488,2.257,,,,,,,,,,,,,,,,,,,,,,,,TEST_COMPILE_INCOMPATIBLE
Closure,67,com.google.javascript.jscomp.AnalyzePrototypeProperties,15,132.296,0,True,True,0,0,0,ERROR,2.361,2.18,,,,,,,,,,,,,,,,,,,,,,,,TEST_COMPILE_INCOMPATIBLE
Closure,68,com.google.javascript.jscomp.parsing.JsDocInfoParser,471,140.231,0,True,True,0,0,0,ERROR,2.465,2.389,,,,,,,,,,,,,,,,,,,,,,,,TEST_COMPILE_INCOMPATIBLE
Closure,69,com.google.javascript.jscomp.TypeCheck,359,145.454,0,True,True,0,0,0,ERROR,2.545,2.361,,,,,,,,,,,,,,,,,,,,,,,,TEST_COMPILE_INCOMPATIBLE
Closure,70,com.google.javascript.jscomp.TypedScopeCreator,0,137.47,1,True,True,0,0,0,ERROR,,,,,,,,,,,,,,,,,,,,,,,,,,GENERATION_FAILED
Closure,71,com.google.javascript.jscomp.CheckAccessControls,172,155.741,0,True,True,0,0,0,ERROR,2.718,2.483,,,,,,,,,,,,,,,,,,,,,,,,TEST_COMPILE_INCOMPATIBLE
Closure,72,com.google.javascript.jscomp.FunctionToBlockMutator,0,300.029,124,True,True,0,0,0,ERROR,2.444,2.365,,,,,,,,,,,,,,,,,,,,,,,,GENERATION_TIMEOUT
Closure,72,com.google.javascript.jscomp.RenameLabels,3,140.219,0,True,True,0,0,0,ERROR,2.444,2.365,,,,,,,,,,,,,,,,,,,,,,,,TEST_COMPILE_INCOMPATIBLE
Closure,73,com.google.javascript.jscomp.CodeGenerator,0,201.219,1,True,True,0,0,0,ERROR,,,,,,,,,,,,,,,,,,,,,,,,,,GENERATION_FAILED
Closure,74,com.google.javascript.jscomp.PeepholeFoldConstants,467,167.734,0,True,True,0,0,0,ERROR,2.61,2.383,,,,,,,,,,,,,,,,,,,,,,,,TEST_COMPILE_INCOMPATIBLE
Closure,75,com.google.javascript.jscomp.NodeUtil,0,134.53,1,True,True,0,0,0,ERROR,,,,,,,,,,,,,,,,,,,,,,,,,,GENERATION_FAILED
Closure,76,com.google.javascript.jscomp.DeadAssignmentsElimination,0,173.271,1,True,True,0,0,0,ERROR,,,,,,,,,,,,,,,,,,,,,,,,,,GENERATION_FAILED
Closure,77,com.google.javascript.jscomp.CodeGenerator,0,208.242,1,True,True,0,0,0,ERROR,,,,,,,,,,,,,,,,,,,,,,,,,,GENERATION_FAILED
Closure,78,com.google.javascript.jscomp.PeepholeFoldConstants,441,169.726,0,True,True,0,0,0,ERROR,2.676,2.582,,,,,,,,,,,,,,,,,,,,,,,,TEST_COMPILE_INCOMPATIBLE
Closure,79,com.google.javascript.jscomp.Normalize,18,134.475,0,True,True,0,0,0,ERROR,2.531,2.235,,,,,,,,,,,,,,,,,,,,,,,,TEST_COMPILE_INCOMPATIBLE
Closure,79,com.google.javascript.jscomp.VarCheck,45,136.614,0,True,True,0,0,0,ERROR,2.531,2.235,,,,,,,,,,,,,,,,,,,,,,,,TEST_COMPILE_INCOMPATIBLE
Closure,80,com.google.javascript.jscomp.NodeUtil,0,127.002,1,True,True,0,0,0,ERROR,,,,,,,,,,,,,,,,,,,,,,,,,,GENERATION_FAILED
Closure,81,com.google.javascript.jscomp.parsing.IRFactory,323,147.918,0,True,True,0,0,0,ERROR,2.514,2.353,,,,,,,,,,,,,,,,,,,,,,,,TEST_COMPILE_INCOMPATIBLE
Closure,82,com.google.javascript.rhino.jstype.JSType,318,160.937,0,True,True,0,0,0,ERROR,2.633,2.428,,,,,,,,,,,,,,,,,,,,,,,,TEST_COMPILE_INCOMPATIBLE
Closure,83,com.google.javascript.jscomp.CommandLineRunner,14,132.644,0,True,True,0,0,0,ERROR,2.31,2.254,,,,,,,,,,,,,,,,,,,,,,,,TEST_COMPILE_INCOMPATIBLE
Closure,84,com.google.javascript.jscomp.parsing.IRFactory,373,145.674,0,True,True,0,0,0,ERROR,2.556,2.378,,,,,,,,,,,,,,,,,,,,,,,,TEST_COMPILE_INCOMPATIBLE
Closure,85,com.google.javascript.jscomp.UnreachableCodeElimination,54,143.469,0,True,True,0,0,0,ERROR,2.205,2.257,,,,,,,,,,,,,,,,,,,,,,,,TEST_COMPILE_INCOMPATIBLE
Closure,86,com.google.javascript.jscomp.NodeUtil,0,134.117,1,True,True,0,0,0,ERROR,,,,,,,,,,,,,,,,,,,,,,,,,,GENERATION_FAILED
Closure,87,com.google.javascript.jscomp.PeepholeSubstituteAlternateSyntax,0,155.421,1,True,True,0,0,0,ERROR,,,,,,,,,,,,,,,,,,,,,,,,,,GENERATION_FAILED
Closure,88,com.google.javascript.jscomp.DeadAssignmentsElimination,0,169.386,1,True,True,0,0,0,ERROR,,,,,,,,,,,,,,,,,,,,,,,,,,GENERATION_FAILED
Closure,89,com.google.javascript.jscomp.CollapseProperties,181,143.632,0,True,True,0,0,0,ERROR,2.119,2.135,,,,,,,,,,,,,,,,,,,,,,,,TEST_COMPILE_INCOMPATIBLE
Closure,89,com.google.javascript.jscomp.GlobalNamespace,39,137.881,0,True,True,0,0,0,ERROR,2.119,2.135,,,,,,,,,,,,,,,,,,,,,,,,TEST_COMPILE_INCOMPATIBLE
Closure,90,com.google.javascript.jscomp.FunctionTypeBuilder,159,145.122,0,True,True,0,0,0,ERROR,1.973,1.683,,,,,,,,,,,,,,,,,,,,,,,,TEST_COMPILE_INCOMPATIBLE
Closure,90,com.google.javascript.rhino.jstype.FunctionType,305,169.414,0,True,True,0,0,0,ERROR,1.973,1.683,,,,,,,,,,,,,,,,,,,,,,,,TEST_COMPILE_INCOMPATIBLE
Closure,91,com.google.javascript.jscomp.CheckGlobalThis,63,27.779,0,True,True,0,0,0,ERROR,1.64,1.665,,,,,,,,,,,,,,,,,,,,,,,,TEST_COMPILE_INCOMPATIBLE
Closure,92,com.google.javascript.jscomp.ProcessClosurePrimitives,191,138.239,0,True,True,0,0,0,ERROR,1.772,1.732,,,,,,,,,,,,,,,,,,,,,,,,TEST_COMPILE_INCOMPATIBLE
Closure,94,com.google.javascript.jscomp.NodeUtil,0,137.197,1,True,True,0,0,0,ERROR,,,,,,,,,,,,,,,,,,,,,,,,,,GENERATION_FAILED
Closure,95,com.google.javascript.jscomp.TypedScopeCreator,73,135.382,0,True,True,0,0,0,ERROR,2.085,1.947,,,,,,,,,,,,,,,,,,,,,,,,TEST_COMPILE_INCOMPATIBLE
Closure,96,com.google.javascript.jscomp.TypeCheck,297,144.989,0,True,True,0,0,0,ERROR,2.034,1.872,,,,,,,,,,,,,,,,,,,,,,,,TEST_COMPILE_INCOMPATIBLE
Closure,97,com.google.javascript.jscomp.PeepholeFoldConstants,232,159.744,0,True,True,0,0,0,ERROR,1.808,1.723,,,,,,,,,,,,,,,,,,,,,,,,TEST_COMPILE_INCOMPATIBLE
Closure,103,com.google.javascript.jscomp.ControlFlowAnalysis,0,140.02,1,True,True,0,0,0,ERROR,1.938,1.848,,,,,,,,,,,,,,,,,,,,,,,,GENERATION_FAILED
Closure,103,com.google.javascript.jscomp.DisambiguateProperties,46,135.107,0,True,True,0,0,0,ERROR,1.938,1.848,,,,,,,,,,,,,,,,,,,,,,,,TEST_COMPILE_INCOMPATIBLE
Closure,104,com.google.javascript.rhino.jstype.UnionType,94,147.748,0,True,True,0,0,0,ERROR,1.659,1.62,,,,,,,,,,,,,,,,,,,,,,,,TEST_COMPILE_INCOMPATIBLE
Closure,105,com.google.javascript.jscomp.FoldConstants,391,166.838,0,True,True,0,0,0,ERROR,1.987,1.888,,,,,,,,,,,,,,,,,,,,,,,,TEST_COMPILE_INCOMPATIBLE
Closure,110,com.google.javascript.jscomp.ScopedAliases,2,21.54,0,True,True,2,2,0,NO,81.357,80.517,1000,1121,89.2,565,697,81.1,21,1121,1.9,0,697,0.0,1000,1121,89.2,565,697,81.1,0.0,0.0,99.39,13.645,100.576,COMPLETED
Closure,110,com.google.javascript.rhino.Node,0,137.874,1,True,True,2,2,0,NO,81.357,80.517,1000,1121,89.2,565,697,81.1,21,1121,1.9,0,697,0.0,1000,1121,89.2,565,697,81.1,0.0,0.0,99.39,13.645,100.576,GENERATION_FAILED
Closure,111,com.google.javascript.jscomp.type.ClosureReverseAbstractInterpreter,27,134.862,0,True,True,0,0,0,ERROR,3.55,3.358,,,,,,,,,,,,,,,,,,,,,,,,TEST_COMPILE_INCOMPATIBLE
Closure,112,com.google.javascript.jscomp.TypeInference,306,180.406,0,True,True,0,0,0,ERROR,4.209,3.716,,,,,,,,,,,,,,,,,,,,,,,,TEST_COMPILE_INCOMPATIBLE
Closure,113,com.google.javascript.jscomp.ProcessClosurePrimitives,214,167.77,0,True,True,0,0,0,ERROR,3.841,3.738,,,,,,,,,,,,,,,,,,,,,,,,TEST_COMPILE_INCOMPATIBLE
Closure,114,com.google.javascript.jscomp.NameAnalyzer,0,176.153,1,True,True,0,0,0,ERROR,,,,,,,,,,,,,,,,,,,,,,,,,,GENERATION_FAILED
Closure,115,com.google.javascript.jscomp.FunctionInjector,140,162.693,0,True,True,0,0,0,ERROR,3.778,3.563,,,,,,,,,,,,,,,,,,,,,,,,TEST_COMPILE_INCOMPATIBLE
Closure,116,com.google.javascript.jscomp.FunctionInjector,149,153.79,0,True,True,0,0,0,ERROR,3.829,3.474,,,,,,,,,,,,,,,,,,,,,,,,TEST_COMPILE_INCOMPATIBLE
Closure,117,com.google.javascript.jscomp.TypeValidator,109,185.444,0,True,True,0,0,0,ERROR,3.993,3.699,,,,,,,,,,,,,,,,,,,,,,,,TEST_COMPILE_INCOMPATIBLE
Closure,118,com.google.javascript.jscomp.DisambiguateProperties,36,138.971,0,True,True,0,0,0,ERROR,4.232,3.926,,,,,,,,,,,,,,,,,,,,,,,,TEST_COMPILE_INCOMPATIBLE
Closure,119,com.google.javascript.jscomp.GlobalNamespace,105,141.768,0,True,True,0,0,0,ERROR,3.597,3.549,,,,,,,,,,,,,,,,,,,,,,,,TEST_COMPILE_INCOMPATIBLE
Closure,120,com.google.javascript.jscomp.ReferenceCollectingCallback,76,135.37,0,True,True,0,0,0,ERROR,3.742,3.973,,,,,,,,,,,,,,,,,,,,,,,,TEST_COMPILE_INCOMPATIBLE
Closure,121,com.google.javascript.jscomp.InlineVariables,8,32.136,0,True,True,0,0,0,ERROR,3.301,3.179,,,,,,,,,,,,,,,,,,,,,,,,TEST_COMPILE_INCOMPATIBLE
Closure,122,com.google.javascript.jscomp.parsing.IRFactory,0,300.046,124,True,True,0,0,0,ERROR,,,,,,,,,,,,,,,,,,,,,,,,,,GENERATION_TIMEOUT
Closure,123,com.google.javascript.jscomp.CodeGenerator,0,217.852,1,True,True,0,0,0,ERROR,,,,,,,,,,,,,,,,,,,,,,,,,,GENERATION_FAILED
Closure,124,com.google.javascript.jscomp.ExploitAssigns,0,220.872,1,True,True,0,0,0,ERROR,,,,,,,,,,,,,,,,,,,,,,,,,,GENERATION_FAILED
Closure,125,com.google.javascript.jscomp.TypeCheck,0,148.21,1,True,True,0,0,0,ERROR,,,,,,,,,,,,,,,,,,,,,,,,,,GENERATION_FAILED
Closure,126,com.google.javascript.jscomp.MinimizeExitPoints,127,148.507,0,True,True,0,0,0,ERROR,4.16,3.381,,,,,,,,,,,,,,,,,,,,,,,,TEST_COMPILE_INCOMPATIBLE
Closure,127,com.google.javascript.jscomp.UnreachableCodeElimination,17,132.331,0,True,True,0,0,0,ERROR,3.499,3.946,,,,,,,,,,,,,,,,,,,,,,,,TEST_COMPILE_INCOMPATIBLE
Closure,128,com.google.javascript.jscomp.CodeGenerator,0,204.267,1,True,True,0,0,0,ERROR,,,,,,,,,,,,,,,,,,,,,,,,,,GENERATION_FAILED
Closure,129,com.google.javascript.jscomp.PrepareAst,93,133.634,0,True,True,0,0,0,ERROR,4.18,3.516,,,,,,,,,,,,,,,,,,,,,,,,TEST_COMPILE_INCOMPATIBLE
Closure,130,com.google.javascript.jscomp.CollapseProperties,202,152.054,0,True,True,0,0,0,ERROR,3.973,3.689,,,,,,,,,,,,,,,,,,,,,,,,TEST_COMPILE_INCOMPATIBLE
Closure,131,com.google.javascript.rhino.TokenStream,109,25.714,0,True,True,2,2,0,NO,78.206,78.067,112,113,99.1,164,165,99.4,112,113,99.1,163,165,98.8,112,113,99.1,164,165,99.4,0.0,0.0,84.67,12.869,84.318,COMPLETED
Closure,132,com.google.javascript.jscomp.PeepholeSubstituteAlternateSyntax,0,153.963,1,True,True,0,0,0,ERROR,,,,,,,,,,,,,,,,,,,,,,,,,,GENERATION_FAILED
Closure,133,com.google.javascript.jscomp.parsing.JsDocInfoParser,485,134.735,0,True,True,0,0,0,ERROR,3.684,3.737,,,,,,,,,,,,,,,,,,,,,,,,TEST_COMPILE_INCOMPATIBLE
Closure,135,com.google.javascript.jscomp.DevirtualizePrototypeMethods,0,300.038,124,True,True,0,0,0,ERROR,1.915,1.634,,,,,,,,,,,,,,,,,,,,,,,,GENERATION_TIMEOUT
Closure,135,com.google.javascript.rhino.jstype.FunctionType,325,197.008,0,True,True,0,0,0,ERROR,1.915,1.634,,,,,,,,,,,,,,,,,,,,,,,,TEST_COMPILE_INCOMPATIBLE
Closure,136,com.google.javascript.jscomp.MethodCompilerPass,27,134.645,0,True,True,0,0,0,ERROR,1.868,1.624,,,,,,,,,,,,,,,,,,,,,,,,TEST_COMPILE_INCOMPATIBLE
Closure,136,com.google.javascript.jscomp.RenameVars,59,134.034,0,True,True,0,0,0,ERROR,1.868,1.624,,,,,,,,,,,,,,,,,,,,,,,,TEST_COMPILE_INCOMPATIBLE
Closure,138,com.google.javascript.jscomp.ClosureReverseAbstractInterpreter,47,148.293,0,True,True,0,0,0,ERROR,1.985,2.011,,,,,,,,,,,,,,,,,,,,,,,,TEST_COMPILE_INCOMPATIBLE
Closure,138,com.google.javascript.jscomp.TypeInference,342,144.964,0,True,True,0,0,0,ERROR,1.985,2.011,,,,,,,,,,,,,,,,,,,,,,,,TEST_COMPILE_INCOMPATIBLE
Closure,141,com.google.javascript.jscomp.NodeUtil,0,133.678,1,True,True,0,0,0,ERROR,1.976,1.708,,,,,,,,,,,,,,,,,,,,,,,,GENERATION_FAILED
Closure,141,com.google.javascript.jscomp.PureFunctionIdentifier,65,135.113,0,True,True,0,0,0,ERROR,1.976,1.708,,,,,,,,,,,,,,,,,,,,,,,,TEST_COMPILE_INCOMPATIBLE
Closure,144,com.google.javascript.jscomp.FunctionTypeBuilder,161,140.065,0,True,True,0,0,0,ERROR,2.016,1.849,,,,,,,,,,,,,,,,,,,,,,,,TEST_COMPILE_INCOMPATIBLE
Closure,144,com.google.javascript.jscomp.TypedScopeCreator,58,133.153,0,True,True,0,0,0,ERROR,2.016,1.849,,,,,,,,,,,,,,,,,,,,,,,,TEST_COMPILE_INCOMPATIBLE
Closure,144,com.google.javascript.rhino.jstype.FunctionBuilder,50,130.529,0,True,True,0,0,0,ERROR,2.016,1.849,,,,,,,,,,,,,,,,,,,,,,,,TEST_COMPILE_INCOMPATIBLE
Closure,144,com.google.javascript.rhino.jstype.FunctionType,246,143.615,0,True,True,0,0,0,ERROR,2.016,1.849,,,,,,,,,,,,,,,,,,,,,,,,TEST_COMPILE_INCOMPATIBLE
Closure,145,com.google.javascript.jscomp.CodeGenerator,392,205.346,0,True,True,0,0,0,ERROR,1.782,1.75,,,,,,,,,,,,,,,,,,,,,,,,TEST_COMPILE_INCOMPATIBLE
Closure,149,com.google.javascript.jscomp.AbstractCommandLineRunner,4,129.237,0,True,True,0,0,0,ERROR,1.913,1.944,,,,,,,,,,,,,,,,,,,,,,,,TEST_COMPILE_INCOMPATIBLE
Closure,149,com.google.javascript.jscomp.CommandLineRunner,12,130.916,0,True,True,0,0,0,ERROR,1.913,1.944,,,,,,,,,,,,,,,,,,,,,,,,TEST_COMPILE_INCOMPATIBLE
Closure,149,com.google.javascript.jscomp.Compiler,328,123.045,0,True,True,0,0,0,ERROR,1.913,1.944,,,,,,,,,,,,,,,,,,,,,,,,TEST_COMPILE_INCOMPATIBLE
Closure,149,com.google.javascript.jscomp.CompilerOptions,56,132.942,0,True,True,0,0,0,ERROR,1.913,1.944,,,,,,,,,,,,,,,,,,,,,,,,TEST_COMPILE_INCOMPATIBLE
Closure,150,com.google.javascript.jscomp.TypedScopeCreator,73,133.672,0,True,True,0,0,0,ERROR,1.894,1.951,,,,,,,,,,,,,,,,,,,,,,,,TEST_COMPILE_INCOMPATIBLE
Closure,152,com.google.javascript.rhino.jstype.FunctionType,298,167.723,0,True,True,0,0,0,ERROR,1.966,1.761,,,,,,,,,,,,,,,,,,,,,,,,TEST_COMPILE_INCOMPATIBLE
Closure,153,com.google.javascript.jscomp.Normalize,17,133.432,0,True,True,0,0,0,ERROR,2.237,2.39,,,,,,,,,,,,,,,,,,,,,,,,TEST_COMPILE_INCOMPATIBLE
Closure,153,com.google.javascript.jscomp.SyntacticScopeCreator,108,136.4,0,True,True,0,0,0,ERROR,2.237,2.39,,,,,,,,,,,,,,,,,,,,,,,,TEST_COMPILE_INCOMPATIBLE
Closure,154,com.google.javascript.jscomp.TypeCheck,336,145.654,0,True,True,0,0,0,ERROR,2.775,2.579,,,,,,,,,,,,,,,,,,,,,,,,TEST_COMPILE_INCOMPATIBLE
Closure,154,com.google.javascript.jscomp.TypeValidator,231,141.239,0,True,True,0,0,0,ERROR,2.775,2.579,,,,,,,,,,,,,,,,,,,,,,,,TEST_COMPILE_INCOMPATIBLE
Closure,155,com.google.javascript.jscomp.InlineVariables,9,58.116,0,True,True,0,0,0,ERROR,2.249,2.199,,,,,,,,,,,,,,,,,,,,,,,,TEST_COMPILE_INCOMPATIBLE
Closure,155,com.google.javascript.jscomp.ReferenceCollectingCallback,60,135.33,0,True,True,0,0,0,ERROR,2.249,2.199,,,,,,,,,,,,,,,,,,,,,,,,TEST_COMPILE_INCOMPATIBLE
Closure,155,com.google.javascript.jscomp.Scope,42,148.985,0,True,True,0,0,0,ERROR,2.249,2.199,,,,,,,,,,,,,,,,,,,,,,,,TEST_COMPILE_INCOMPATIBLE
Closure,156,com.google.javascript.jscomp.CollapseProperties,180,147.204,0,True,True,0,0,0,ERROR,2.467,2.346,,,,,,,,,,,,,,,,,,,,,,,,TEST_COMPILE_INCOMPATIBLE
Closure,157,com.google.javascript.jscomp.CodeGenerator,0,193.156,1,True,True,0,0,0,ERROR,2.422,2.381,,,,,,,,,,,,,,,,,,,,,,,,GENERATION_FAILED
Closure,157,com.google.javascript.jscomp.parsing.IRFactory,359,170.933,0,True,True,0,0,0,ERROR,2.422,2.381,,,,,,,,,,,,,,,,,,,,,,,,TEST_COMPILE_INCOMPATIBLE
Closure,157,com.google.javascript.jscomp.RenamePrototypes,39,131.493,0,True,True,0,0,0,ERROR,2.422,2.381,,,,,,,,,,,,,,,,,,,,,,,,TEST_COMPILE_INCOMPATIBLE
Closure,158,com.google.javascript.jscomp.AbstractCommandLineRunner,116,145.664,0,True,True,0,0,0,ERROR,2.674,2.602,,,,,,,,,,,,,,,,,,,,,,,,TEST_COMPILE_INCOMPATIBLE
Closure,158,com.google.javascript.jscomp.CommandLineRunner,10,132.853,0,True,True,0,0,0,ERROR,2.674,2.602,,,,,,,,,,,,,,,,,,,,,,,,TEST_COMPILE_INCOMPATIBLE
Closure,158,com.google.javascript.jscomp.DiagnosticGroups,19,46.302,0,True,True,0,0,0,ERROR,2.674,2.602,,,,,,,,,,,,,,,,,,,,,,,,TEST_COMPILE_INCOMPATIBLE
Closure,159,com.google.javascript.jscomp.InlineFunctions,95,152.142,0,True,True,0,0,0,ERROR,2.234,2.281,,,,,,,,,,,,,,,,,,,,,,,,TEST_COMPILE_INCOMPATIBLE
Closure,160,com.google.javascript.jscomp.Compiler,351,126.736,0,True,True,0,0,0,ERROR,2.632,2.55,,,,,,,,,,,,,,,,,,,,,,,,TEST_COMPILE_INCOMPATIBLE
Closure,161,com.google.javascript.jscomp.PeepholeFoldConstants,364,163.441,0,True,True,0,0,0,ERROR,3.896,3.569,,,,,,,,,,,,,,,,,,,,,,,,TEST_COMPILE_INCOMPATIBLE
Closure,162,com.google.javascript.jscomp.Scope,47,163.078,0,True,True,0,0,0,ERROR,4.001,4.044,,,,,,,,,,,,,,,,,,,,,,,,TEST_COMPILE_INCOMPATIBLE
Closure,162,com.google.javascript.jscomp.ScopedAliases,12,131.733,0,True,True,0,0,0,ERROR,4.001,4.044,,,,,,,,,,,,,,,,,,,,,,,,TEST_COMPILE_INCOMPATIBLE
Closure,163,com.google.javascript.jscomp.AnalyzePrototypeProperties,22,131.796,0,True,True,0,0,0,ERROR,3.788,3.393,,,,,,,,,,,,,,,,,,,,,,,,TEST_COMPILE_INCOMPATIBLE
Closure,163,com.google.javascript.jscomp.CrossModuleMethodMotion,22,129.801,0,True,True,0,0,0,ERROR,3.788,3.393,,,,,,,,,,,,,,,,,,,,,,,,TEST_COMPILE_INCOMPATIBLE
Closure,164,com.google.javascript.rhino.jstype.ArrowType,144,169.625,0,True,True,0,0,0,ERROR,4.396,3.553,,,,,,,,,,,,,,,,,,,,,,,,TEST_COMPILE_INCOMPATIBLE
Closure,165,com.google.javascript.rhino.jstype.JSTypeRegistry,0,133.433,1,True,True,0,0,0,ERROR,3.802,4.113,,,,,,,,,,,,,,,,,,,,,,,,GENERATION_FAILED
Closure,165,com.google.javascript.rhino.jstype.ObjectType,149,180.848,0,True,True,0,0,0,ERROR,3.802,4.113,,,,,,,,,,,,,,,,,,,,,,,,TEST_COMPILE_INCOMPATIBLE
Closure,165,com.google.javascript.rhino.jstype.RecordType,54,148.939,0,True,True,0,0,0,ERROR,3.802,4.113,,,,,,,,,,,,,,,,,,,,,,,,TEST_COMPILE_INCOMPATIBLE
Closure,165,com.google.javascript.rhino.jstype.RecordTypeBuilder,11,132.233,0,True,True,0,0,0,ERROR,3.802,4.113,,,,,,,,,,,,,,,,,,,,,,,,TEST_COMPILE_INCOMPATIBLE
Closure,166,com.google.javascript.rhino.jstype.PrototypeObjectType,106,152.969,0,True,True,0,0,0,ERROR,3.955,3.459,,,,,,,,,,,,,,,,,,,,,,,,TEST_COMPILE_INCOMPATIBLE
Closure,167,com.google.javascript.jscomp.type.SemanticReverseAbstractInterpreter,140,147.777,0,True,True,0,0,0,ERROR,4.328,4.207,,,,,,,,,,,,,,,,,,,,,,,,TEST_COMPILE_INCOMPATIBLE
Closure,167,com.google.javascript.rhino.jstype.JSType,602,169.15,0,True,True,0,0,0,ERROR,4.328,4.207,,,,,,,,,,,,,,,,,,,,,,,,TEST_COMPILE_INCOMPATIBLE
Closure,168,com.google.javascript.jscomp.TypedScopeCreator,54,133.259,0,True,True,0,0,0,ERROR,3.755,3.128,,,,,,,,,,,,,,,,,,,,,,,,TEST_COMPILE_INCOMPATIBLE
Closure,169,com.google.javascript.rhino.jstype.ArrowType,195,163.622,0,True,True,0,0,0,ERROR,3.568,3.406,,,,,,,,,,,,,,,,,,,,,,,,TEST_COMPILE_INCOMPATIBLE
Closure,169,com.google.javascript.rhino.jstype.EquivalenceMethod,0,0.0,-1,True,True,0,0,0,ERROR,3.568,3.406,,,,,,,,,,,,,,,,,,,,,,,,SOURCE_NOT_FOUND
Closure,169,com.google.javascript.rhino.jstype.FunctionType,525,144.41,0,True,True,0,0,0,ERROR,3.568,3.406,,,,,,,,,,,,,,,,,,,,,,,,TEST_COMPILE_INCOMPATIBLE
Closure,169,com.google.javascript.rhino.jstype.JSType,663,168.864,0,True,True,0,0,0,ERROR,3.568,3.406,,,,,,,,,,,,,,,,,,,,,,,,TEST_COMPILE_INCOMPATIBLE
Closure,169,com.google.javascript.rhino.jstype.RecordType,71,151.902,0,True,True,0,0,0,ERROR,3.568,3.406,,,,,,,,,,,,,,,,,,,,,,,,TEST_COMPILE_INCOMPATIBLE
Closure,169,com.google.javascript.rhino.jstype.UnionType,147,137.384,0,True,True,0,0,0,ERROR,3.568,3.406,,,,,,,,,,,,,,,,,,,,,,,,TEST_COMPILE_INCOMPATIBLE
Closure,170,com.google.javascript.jscomp.FlowSensitiveInlineVariables,25,134.49,0,True,True,0,0,0,ERROR,3.169,3.154,,,,,,,,,,,,,,,,,,,,,,,,TEST_COMPILE_INCOMPATIBLE
Closure,171,com.google.javascript.jscomp.TypeInference,317,173.025,0,True,True,0,0,0,ERROR,3.989,4.124,,,,,,,,,,,,,,,,,,,,,,,,TEST_COMPILE_INCOMPATIBLE
Closure,171,com.google.javascript.jscomp.TypedScopeCreator,52,136.374,0,True,True,0,0,0,ERROR,3.989,4.124,,,,,,,,,,,,,,,,,,,,,,,,TEST_COMPILE_INCOMPATIBLE
Closure,172,com.google.javascript.jscomp.TypedScopeCreator,54,133.639,0,True,True,0,0,0,ERROR,3.381,3.98,,,,,,,,,,,,,,,,,,,,,,,,TEST_COMPILE_INCOMPATIBLE
Closure,173,com.google.javascript.jscomp.CodeGenerator,0,219.484,1,True,True,0,0,0,ERROR,3.933,3.758,,,,,,,,,,,,,,,,,,,,,,,,GENERATION_FAILED
Closure,173,com.google.javascript.jscomp.PeepholeSubstituteAlternateSyntax,197,157.485,0,True,True,0,0,0,ERROR,3.933,3.758,,,,,,,,,,,,,,,,,,,,,,,,TEST_COMPILE_INCOMPATIBLE
Closure,174,com.google.javascript.jscomp.JsAst,45,139.89,0,True,True,0,0,0,ERROR,3.783,3.86,,,,,,,,,,,,,,,,,,,,,,,,TEST_COMPILE_INCOMPATIBLE
Closure,174,com.google.javascript.jscomp.NodeUtil,0,132.998,1,True,True,0,0,0,ERROR,3.783,3.86,,,,,,,,,,,,,,,,,,,,,,,,GENERATION_FAILED
Closure,174,com.google.javascript.jscomp.ScopedAliases,2,21.57,0,True,True,0,0,0,ERROR,3.783,3.86,,,,,,,,,,,,,,,,,,,,,,,,TEST_COMPILE_INCOMPATIBLE
Closure,175,com.google.javascript.jscomp.FunctionInjector,147,162.518,0,True,True,0,0,0,ERROR,4.035,3.845,,,,,,,,,,,,,,,,,,,,,,,,TEST_COMPILE_INCOMPATIBLE
Closure,176,com.google.javascript.jscomp.TypeInference,363,174.307,0,True,True,0,0,0,ERROR,3.959,4.072,,,,,,,,,,,,,,,,,,,,,,,,TEST_COMPILE_INCOMPATIBLE
Closure,98,com.google.javascript.jscomp.ReferenceCollectingCallback,62,135.787,0,True,True,0,0,0,ERROR,1.725,1.721,,,,,,,,,,,,,,,,,,,,,,,,TEST_COMPILE_INCOMPATIBLE
Closure,99,com.google.javascript.jscomp.CheckGlobalThis,0,300.029,124,True,True,0,0,0,ERROR,,,,,,,,,,,,,,,,,,,,,,,,,,GENERATION_TIMEOUT
Closure,100,com.google.javascript.jscomp.CheckGlobalThis,0,300.025,124,True,True,0,0,0,ERROR,,,,,,,,,,,,,,,,,,,,,,,,,,GENERATION_TIMEOUT
Closure,101,com.google.javascript.jscomp.CommandLineRunner,12,132.373,0,True,True,0,0,0,ERROR,1.742,1.576,,,,,,,,,,,,,,,,,,,,,,,,TEST_COMPILE_INCOMPATIBLE
Closure,102,com.google.javascript.jscomp.Normalize,142,135.455,0,True,True,0,0,0,ERROR,1.795,1.672,,,,,,,,,,,,,,,,,,,,,,,,TEST_COMPILE_INCOMPATIBLE
Closure,106,com.google.javascript.jscomp.GlobalNamespace,44,136.482,0,True,True,0,0,0,ERROR,1.741,1.571,,,,,,,,,,,,,,,,,,,,,,,,TEST_COMPILE_INCOMPATIBLE
Closure,106,com.google.javascript.rhino.JSDocInfoBuilder,270,195.448,0,True,True,0,0,0,ERROR,1.741,1.571,,,,,,,,,,,,,,,,,,,,,,,,TEST_COMPILE_INCOMPATIBLE
Closure,134,com.google.javascript.jscomp.AmbiguateProperties,44,143.503,0,True,True,0,0,0,ERROR,1.899,1.803,,,,,,,,,,,,,,,,,,,,,,,,TEST_COMPILE_INCOMPATIBLE
Closure,134,com.google.javascript.jscomp.TypedScopeCreator,44,131.421,0,True,True,0,0,0,ERROR,1.899,1.803,,,,,,,,,,,,,,,,,,,,,,,,TEST_COMPILE_INCOMPATIBLE
Closure,137,com.google.javascript.jscomp.MakeDeclaredNamesUnique,69,164.791,0,True,True,0,0,0,ERROR,1.75,1.544,,,,,,,,,,,,,,,,,,,,,,,,TEST_COMPILE_INCOMPATIBLE
Closure,137,com.google.javascript.jscomp.NodeUtil,0,134.559,1,True,True,0,0,0,ERROR,1.75,1.544,,,,,,,,,,,,,,,,,,,,,,,,GENERATION_FAILED
Closure,137,com.google.javascript.jscomp.Normalize,50,141.466,0,True,True,0,0,0,ERROR,1.75,1.544,,,,,,,,,,,,,,,,,,,,,,,,TEST_COMPILE_INCOMPATIBLE
Closure,139,com.google.javascript.jscomp.Normalize,50,138.938,0,True,True,0,0,0,ERROR,1.737,1.809,,,,,,,,,,,,,,,,,,,,,,,,TEST_COMPILE_INCOMPATIBLE
Closure,140,com.google.javascript.jscomp.Compiler,384,129.125,0,True,True,0,0,0,ERROR,1.91,1.984,,,,,,,,,,,,,,,,,,,,,,,,TEST_COMPILE_INCOMPATIBLE
Closure,142,com.google.javascript.jscomp.CoalesceVariableNames,47,139.126,0,True,True,0,0,0,ERROR,1.914,1.838,,,,,,,,,,,,,,,,,,,,,,,,TEST_COMPILE_INCOMPATIBLE
Closure,142,com.google.javascript.jscomp.parsing.JsDocInfoParser,461,154.489,0,True,True,0,0,0,ERROR,1.914,1.838,,,,,,,,,,,,,,,,,,,,,,,,TEST_COMPILE_INCOMPATIBLE
Closure,143,com.google.javascript.jscomp.AbstractCommandLineRunner,8,129.293,0,True,True,0,0,0,ERROR,1.787,1.728,,,,,,,,,,,,,,,,,,,,,,,,TEST_COMPILE_INCOMPATIBLE
Closure,143,com.google.javascript.jscomp.RemoveConstantExpressions,8,134.466,0,True,True,0,0,0,ERROR,1.787,1.728,,,,,,,,,,,,,,,,,,,,,,,,TEST_COMPILE_INCOMPATIBLE
Closure,146,com.google.javascript.rhino.jstype.JSType,400,139.707,0,True,True,0,0,0,ERROR,1.861,1.76,,,,,,,,,,,,,,,,,,,,,,,,TEST_COMPILE_INCOMPATIBLE
Closure,147,com.google.javascript.jscomp.CheckGlobalThis,61,30.899,0,True,True,0,0,0,ERROR,1.818,1.742,,,,,,,,,,,,,,,,,,,,,,,,TEST_COMPILE_INCOMPATIBLE
Closure,147,com.google.javascript.jscomp.RuntimeTypeCheck,0,300.024,124,True,True,0,0,0,ERROR,1.818,1.742,,,,,,,,,,,,,,,,,,,,,,,,GENERATION_TIMEOUT
Closure,148,com.google.javascript.jscomp.PeepholeFoldConstants,225,159.913,0,True,True,0,0,0,ERROR,1.964,1.821,,,,,,,,,,,,,,,,,,,,,,,,TEST_COMPILE_INCOMPATIBLE
Closure,148,com.google.javascript.jscomp.SourceMap,0,300.027,124,True,True,0,0,0,ERROR,1.964,1.821,,,,,,,,,,,,,,,,,,,,,,,,GENERATION_TIMEOUT
Closure,151,com.google.javascript.jscomp.CommandLineRunner,13,133.23,0,True,True,0,0,0,ERROR,1.757,1.721,,,,,,,,,,,,,,,,,,,,,,,,TEST_COMPILE_INCOMPATIBLE
Closure,107,com.google.javascript.jscomp.CommandLineRunner,50,132.235,0,True,True,0,0,0,ERROR,4.072,3.651,,,,,,,,,,,,,,,,,,,,,,,,TEST_COMPILE_INCOMPATIBLE
Closure,108,com.google.javascript.jscomp.ScopedAliases,2,20.73,0,True,True,2,2,0,NO,165.897,223.332,266,269,98.9,141,150,94.0,21,269,7.8,0,150,0.0,266,269,98.9,141,150,94.0,0.0,0.0,236.766,13.744,163.128,COMPLETED
Closure,109,com.google.javascript.jscomp.parsing.JsDocInfoParser,505,137.643,0,True,True,0,0,0,ERROR,4.444,3.549,,,,,,,,,,,,,,,,,,,,,,,,TEST_COMPILE_INCOMPATIBLE
Collections,17,org.apache.commons.collections.functors.EqualPredicate,11,15.338,0,True,True,0,0,0,ERROR,1.783,1.649,,,,,,,,,,,,,,,,,,,,,,,,TEST_COMPILE_INCOMPATIBLE
Collections,18,org.apache.commons.collections.set.ListOrderedSet,67,132.461,0,True,True,0,0,0,ERROR,1.926,1.687,,,,,,,,,,,,,,,,,,,,,,,,TEST_COMPILE_INCOMPATIBLE
Collections,19,org.apache.commons.collections.list.SetUniqueList,60,134.815,0,True,True,0,0,0,ERROR,1.686,1.592,,,,,,,,,,,,,,,,,,,,,,,,TEST_COMPILE_INCOMPATIBLE
Collections,20,org.apache.commons.collections.list.TreeList,150,152.863,0,True,True,0,0,0,ERROR,1.676,1.719,,,,,,,,,,,,,,,,,,,,,,,,TEST_COMPILE_INCOMPATIBLE
Collections,21,org.apache.commons.collections4.list.SetUniqueList,59,133.169,0,True,True,0,0,0,ERROR,1.807,1.605,,,,,,,,,,,,,,,,,,,,,,,,TEST_COMPILE_INCOMPATIBLE
Collections,25,org.apache.commons.collections4.IteratorUtils,214,129.479,0,True,True,0,0,0,ERROR,1.709,1.589,,,,,,,,,,,,,,,,,,,,,,,,TEST_COMPILE_INCOMPATIBLE
Collections,26,org.apache.commons.collections4.keyvalue.MultiKey,26,190.344,0,True,True,0,0,0,ERROR,1.765,1.823,,,,,,,,,,,,,,,,,,,,,,,,TEST_COMPILE_INCOMPATIBLE
Collections,27,org.apache.commons.collections4.map.MultiValueMap,59,134.278,0,True,True,0,0,0,ERROR,1.866,1.643,,,,,,,,,,,,,,,,,,,,,,,,TEST_COMPILE_INCOMPATIBLE
Collections,28,org.apache.commons.collections4.trie.AbstractPatriciaTrie,0,135.608,1,True,True,0,0,0,ERROR,,,,,,,,,,,,,,,,,,,,,,,,,,GENERATION_FAILED
Collections,1,org.apache.commons.collections.map.Flat3Map,221,157.682,0,True,True,0,0,0,ERROR,1.854,1.971,,,,,,,,,,,,,,,,,,,,,,,,TEST_COMPILE_INCOMPATIBLE
Collections,2,org.apache.commons.collections.ExtendedProperties,147,158.117,0,True,True,0,0,0,ERROR,2.064,1.973,,,,,,,,,,,,,,,,,,,,,,,,TEST_COMPILE_INCOMPATIBLE
Collections,3,org.apache.commons.collections.CollectionUtils,133,137.239,0,True,True,0,0,0,ERROR,2.072,1.742,,,,,,,,,,,,,,,,,,,,,,,,TEST_COMPILE_INCOMPATIBLE
Collections,4,org.apache.commons.collections.map.MultiValueMap,40,145.106,0,True,True,0,0,0,ERROR,1.838,1.732,,,,,,,,,,,,,,,,,,,,,,,,TEST_COMPILE_INCOMPATIBLE
Collections,5,org.apache.commons.collections.list.SetUniqueList,50,132.354,0,True,True,0,0,0,ERROR,1.758,1.727,,,,,,,,,,,,,,,,,,,,,,,,TEST_COMPILE_INCOMPATIBLE
Collections,6,org.apache.commons.collections.map.Flat3Map,251,144.86,0,True,True,0,0,0,ERROR,1.773,1.733,,,,,,,,,,,,,,,,,,,,,,,,TEST_COMPILE_INCOMPATIBLE
Collections,7,org.apache.commons.collections.ExtendedProperties,179,154.019,0,True,True,0,0,0,ERROR,1.921,1.636,,,,,,,,,,,,,,,,,,,,,,,,TEST_COMPILE_INCOMPATIBLE
Collections,8,org.apache.commons.collections.buffer.UnboundedFifoBuffer,49,139.587,0,True,True,0,0,0,ERROR,1.638,1.814,,,,,,,,,,,,,,,,,,,,,,,,TEST_COMPILE_INCOMPATIBLE
Collections,9,org.apache.commons.collections.ExtendedProperties,0,300.034,124,True,True,0,0,0,ERROR,,,,,,,,,,,,,,,,,,,,,,,,,,GENERATION_TIMEOUT
Collections,10,org.apache.commons.collections.map.MultiValueMap,44,150.59,0,True,True,0,0,0,ERROR,1.673,1.648,,,,,,,,,,,,,,,,,,,,,,,,TEST_COMPILE_INCOMPATIBLE
Collections,11,org.apache.commons.collections.keyvalue.MultiKey,19,74.932,0,True,True,0,0,0,ERROR,1.656,1.622,,,,,,,,,,,,,,,,,,,,,,,,TEST_COMPILE_INCOMPATIBLE
Collections,12,org.apache.commons.collections.ExtendedProperties,187,154.459,0,True,True,0,0,0,ERROR,1.727,1.778,,,,,,,,,,,,,,,,,,,,,,,,TEST_COMPILE_INCOMPATIBLE
Collections,13,org.apache.commons.collections.ExtendedProperties,179,155.371,0,True,True,0,0,0,ERROR,1.795,1.622,,,,,,,,,,,,,,,,,,,,,,,,TEST_COMPILE_INCOMPATIBLE
Collections,14,org.apache.commons.collections.map.CaseInsensitiveMap,23,165.56,0,True,True,0,0,0,ERROR,1.683,1.626,,,,,,,,,,,,,,,,,,,,,,,,TEST_COMPILE_INCOMPATIBLE
Collections,15,org.apache.commons.collections.list.SetUniqueList,52,131.483,0,True,True,0,0,0,ERROR,1.741,1.571,,,,,,,,,,,,,,,,,,,,,,,,TEST_COMPILE_INCOMPATIBLE
Collections,16,org.apache.commons.collections.list.SetUniqueList,46,132.946,0,True,True,0,0,0,ERROR,1.816,1.643,,,,,,,,,,,,,,,,,,,,,,,,TEST_COMPILE_INCOMPATIBLE
Collections,22,org.apache.commons.collections4.map.ListOrderedMap,68,154.043,0,True,True,0,0,0,ERROR,1.886,1.634,,,,,,,,,,,,,,,,,,,,,,,,TEST_COMPILE_INCOMPATIBLE
Collections,23,org.apache.commons.collections4.trie.UnmodifiableTrie,151,128.238,0,True,True,0,0,0,ERROR,1.642,1.671,,,,,,,,,,,,,,,,,,,,,,,,TEST_COMPILE_INCOMPATIBLE
Collections,24,org.apache.commons.collections4.collection.UnmodifiableBoundedCollection,42,78.494,0,True,True,0,0,0,ERROR,1.662,1.662,,,,,,,,,,,,,,,,,,,,,,,,TEST_COMPILE_INCOMPATIBLE
Csv,1,org.apache.commons.csv.ExtendedBufferedReader,58,143.233,0,True,True,0,0,0,ERROR,1.774,1.49,,,,,,,,,,,,,,,,,,,,,,,,TEST_COMPILE_INCOMPATIBLE
Csv,2,org.apache.commons.csv.CSVRecord,27,29.661,0,True,True,0,0,0,ERROR,1.655,1.682,,,,,,,,,,,,,,,,,,,,,,,,TEST_COMPILE_INCOMPATIBLE
Csv,3,org.apache.commons.csv.Lexer,58,156.463,0,True,True,0,0,0,ERROR,1.847,1.555,,,,,,,,,,,,,,,,,,,,,,,,TEST_COMPILE_INCOMPATIBLE
Csv,4,org.apache.commons.csv.CSVParser,59,141.163,0,True,True,0,0,0,ERROR,1.693,1.594,,,,,,,,,,,,,,,,,,,,,,,,TEST_COMPILE_INCOMPATIBLE
Csv,5,org.apache.commons.csv.CSVPrinter,182,139.209,0,True,True,0,0,0,ERROR,1.942,1.584,,,,,,,,,,,,,,,,,,,,,,,,TEST_COMPILE_INCOMPATIBLE
Csv,6,org.apache.commons.csv.CSVRecord,43,100.521,0,True,True,0,0,0,ERROR,1.731,1.708,,,,,,,,,,,,,,,,,,,,,,,,TEST_COMPILE_INCOMPATIBLE
Csv,7,org.apache.commons.csv.CSVParser,72,137.32,0,True,True,0,0,0,ERROR,1.922,1.542,,,,,,,,,,,,,,,,,,,,,,,,TEST_COMPILE_INCOMPATIBLE
Csv,8,org.apache.commons.csv.CSVFormat,139,21.822,0,True,True,0,0,0,ERROR,1.599,1.606,,,,,,,,,,,,,,,,,,,,,,,,TEST_COMPILE_INCOMPATIBLE
Csv,9,org.apache.commons.csv.CSVRecord,47,99.09,0,True,True,0,0,0,ERROR,1.493,1.571,,,,,,,,,,,,,,,,,,,,,,,,TEST_COMPILE_INCOMPATIBLE
Csv,10,org.apache.commons.csv.CSVPrinter,206,152.455,0,True,True,0,0,0,ERROR,1.97,1.541,,,,,,,,,,,,,,,,,,,,,,,,TEST_COMPILE_INCOMPATIBLE
Csv,11,org.apache.commons.csv.CSVParser,55,138.254,0,True,True,0,0,0,ERROR,1.636,1.64,,,,,,,,,,,,,,,,,,,,,,,,TEST_COMPILE_INCOMPATIBLE
Csv,12,org.apache.commons.csv.CSVFormat,303,119.247,0,True,True,0,0,0,ERROR,1.89,1.638,,,,,,,,,,,,,,,,,,,,,,,,TEST_COMPILE_INCOMPATIBLE
Csv,13,org.apache.commons.csv.CSVFormat,819,141.017,0,True,True,0,0,0,ERROR,1.878,1.661,,,,,,,,,,,,,,,,,,,,,,,,TEST_COMPILE_INCOMPATIBLE
Csv,13,org.apache.commons.csv.CSVPrinter,245,140.17,0,True,True,0,0,0,ERROR,1.878,1.661,,,,,,,,,,,,,,,,,,,,,,,,TEST_COMPILE_INCOMPATIBLE
Csv,14,org.apache.commons.csv.CSVFormat,796,142.37,0,True,True,0,0,0,ERROR,1.775,1.736,,,,,,,,,,,,,,,,,,,,,,,,TEST_COMPILE_INCOMPATIBLE
Csv,15,org.apache.commons.csv.CSVFormat,825,139.284,0,True,True,0,0,0,ERROR,1.873,1.669,,,,,,,,,,,,,,,,,,,,,,,,TEST_COMPILE_INCOMPATIBLE
Csv,16,org.apache.commons.csv.CSVParser,66,139.759,0,True,True,0,0,0,ERROR,1.641,1.665,,,,,,,,,,,,,,,,,,,,,,,,TEST_COMPILE_INCOMPATIBLE
Compress,1,org.apache.commons.compress.archivers.cpio.CpioArchiveOutputStream,215,143.914,0,True,True,0,0,0,ERROR,1.756,1.635,,,,,,,,,,,,,,,,,,,,,,,,TEST_COMPILE_INCOMPATIBLE
Compress,2,org.apache.commons.compress.archivers.ar.ArArchiveInputStream,91,142.473,0,True,True,0,0,0,ERROR,1.845,1.8,,,,,,,,,,,,,,,,,,,,,,,,TEST_COMPILE_INCOMPATIBLE
Compress,3,org.apache.commons.compress.archivers.tar.TarArchiveOutputStream,93,183.188,0,True,True,0,0,0,ERROR,1.749,1.602,,,,,,,,,,,,,,,,,,,,,,,,TEST_COMPILE_INCOMPATIBLE
Compress,4,org.apache.commons.compress.archivers.cpio.CpioArchiveOutputStream,198,125.738,0,True,True,0,0,0,ERROR,1.855,1.689,,,,,,,,,,,,,,,,,,,,,,,,TEST_COMPILE_INCOMPATIBLE
Compress,4,org.apache.commons.compress.archivers.tar.TarArchiveOutputStream,96,191.739,0,True,True,0,0,0,ERROR,1.855,1.689,,,,,,,,,,,,,,,,,,,,,,,,TEST_COMPILE_INCOMPATIBLE
Compress,4,org.apache.commons.compress.archivers.zip.ZipArchiveOutputStream,204,133.716,0,True,True,0,0,0,ERROR,1.855,1.689,,,,,,,,,,,,,,,,,,,,,,,,TEST_COMPILE_INCOMPATIBLE
Compress,4,org.apache.commons.compress.changes.ChangeSetPerformer,24,41.554,0,True,True,0,0,0,ERROR,1.855,1.689,,,,,,,,,,,,,,,,,,,,,,,,TEST_COMPILE_INCOMPATIBLE
Compress,5,org.apache.commons.compress.archivers.zip.ZipArchiveInputStream,174,135.648,0,True,True,0,0,0,ERROR,1.73,1.69,,,,,,,,,,,,,,,,,,,,,,,,TEST_COMPILE_INCOMPATIBLE
Compress,6,org.apache.commons.compress.archivers.zip.ZipArchiveEntry,19,129.824,0,True,True,0,0,0,ERROR,1.703,1.587,,,,,,,,,,,,,,,,,,,,,,,,TEST_COMPILE_INCOMPATIBLE
Compress,7,org.apache.commons.compress.archivers.tar.TarUtils,79,13.319,0,True,True,45,46,0,NO,4.367,4.704,61,63,96.8,37,38,97.4,61,63,96.8,38,38,100.0,61,63,96.8,38,38,100.0,0.0,2.6,8.439,7.924,7.137,COMPLETED
Compress,8,org.apache.commons.compress.archivers.tar.TarUtils,82,13.349,0,True,True,46,52,0,NO,4.108,4.169,62,70,88.6,36,38,94.7,68,70,97.1,38,38,100.0,68,70,97.1,38,38,100.0,8.5,5.3,8.271,8.157,7.104,COMPLETED
Compress,9,org.apache.commons.compress.archivers.tar.TarArchiveOutputStream,124,171.025,0,True,True,0,0,0,ERROR,1.728,1.681,,,,,,,,,,,,,,,,,,,,,,,,TEST_COMPILE_INCOMPATIBLE
Compress,10,org.apache.commons.compress.archivers.zip.ZipFile,51,142.064,0,True,True,0,0,0,ERROR,1.643,1.684,,,,,,,,,,,,,,,,,,,,,,,,TEST_COMPILE_INCOMPATIBLE
Compress,11,org.apache.commons.compress.archivers.ArchiveStreamFactory,17,115.238,0,True,True,0,0,0,ERROR,1.665,1.747,,,,,,,,,,,,,,,,,,,,,,,,TEST_COMPILE_INCOMPATIBLE
Compress,12,org.apache.commons.compress.archivers.tar.TarArchiveInputStream,157,139.531,0,True,True,0,0,0,ERROR,1.746,1.697,,,,,,,,,,,,,,,,,,,,,,,,TEST_COMPILE_INCOMPATIBLE
Compress,13,org.apache.commons.compress.archivers.zip.ZipArchiveEntry,18,134.629,0,True,True,0,0,0,ERROR,1.799,1.67,,,,,,,,,,,,,,,,,,,,,,,,TEST_COMPILE_INCOMPATIBLE
Compress,14,org.apache.commons.compress.archivers.tar.TarUtils,118,18.651,0,True,True,62,63,2,YES,6.028,5.535,97,101,96.0,61,66,92.4,99,101,98.0,66,66,100.0,99,101,98.0,66,66,100.0,2.0,7.6,9.524,8.332,8.229,COMPLETED
Compress,15,org.apache.commons.compress.archivers.zip.ZipArchiveEntry,17,119.251,0,True,True,0,0,0,ERROR,1.615,1.761,,,,,,,,,,,,,,,,,,,,,,,,TEST_COMPILE_INCOMPATIBLE
Compress,16,org.apache.commons.compress.archivers.ArchiveStreamFactory,17,132.06,0,True,True,0,0,0,ERROR,1.551,1.618,,,,,,,,,,,,,,,,,,,,,,,,TEST_COMPILE_INCOMPATIBLE
Compress,17,org.apache.commons.compress.archivers.tar.TarUtils,50,142.488,0,True,True,49,49,0,NO,5.869,5.834,152,179,84.9,102,116,87.9,89,179,49.7,59,116,50.9,153,179,85.5,103,116,88.8,0.6,0.9,9.958,8.266,8.7,COMPLETED
Compress,18,org.apache.commons.compress.archivers.tar.TarArchiveOutputStream,160,164.088,0,True,True,0,0,0,ERROR,1.798,1.558,,,,,,,,,,,,,,,,,,,,,,,,TEST_COMPILE_INCOMPATIBLE
Compress,19,org.apache.commons.compress.archivers.zip.Zip64ExtendedInformationExtraField,109,117.017,0,True,True,0,0,0,ERROR,1.993,1.579,,,,,,,,,,,,,,,,,,,,,,,,TEST_COMPILE_INCOMPATIBLE
Compress,20,org.apache.commons.compress.archivers.cpio.CpioArchiveInputStream,160,132.572,0,True,True,0,0,0,ERROR,1.829,1.783,,,,,,,,,,,,,,,,,,,,,,,,TEST_COMPILE_INCOMPATIBLE
Compress,21,org.apache.commons.compress.archivers.sevenz.SevenZOutputFile,366,136.937,0,True,True,0,0,0,ERROR,1.826,1.661,,,,,,,,,,,,,,,,,,,,,,,,TEST_COMPILE_INCOMPATIBLE
Compress,22,org.apache.commons.compress.compressors.bzip2.BZip2CompressorInputStream,353,159.146,0,True,True,0,0,0,ERROR,1.874,1.623,,,,,,,,,,,,,,,,,,,,,,,,TEST_COMPILE_INCOMPATIBLE
Compress,23,org.apache.commons.compress.archivers.sevenz.Coders,34,138.902,0,True,True,0,0,0,ERROR,1.802,1.608,,,,,,,,,,,,,,,,,,,,,,,,TEST_COMPILE_INCOMPATIBLE
Compress,24,org.apache.commons.compress.archivers.tar.TarUtils,63,128.799,0,True,True,62,62,0,NO,8.243,8.327,153,180,85.0,104,118,88.1,95,180,52.8,61,118,51.7,154,180,85.6,106,118,89.8,0.6,1.7,12.578,8.365,11.02,COMPLETED
Compress,25,org.apache.commons.compress.archivers.zip.ZipArchiveInputStream,206,137.766,0,True,True,0,0,0,ERROR,1.933,1.593,,,,,,,,,,,,,,,,,,,,,,,,TEST_COMPILE_INCOMPATIBLE
Compress,26,org.apache.commons.compress.utils.IOUtils,84,144.515,0,True,True,0,0,0,ERROR,1.744,1.8,,,,,,,,,,,,,,,,,,,,,,,,TEST_COMPILE_INCOMPATIBLE
Compress,27,org.apache.commons.compress.archivers.tar.TarUtils,49,132.338,0,True,True,48,48,0,NO,8.44,8.595,151,178,84.8,102,116,87.9,89,178,50.0,59,116,50.9,152,178,85.4,103,116,88.8,0.6,0.9,12.159,8.384,10.779,COMPLETED
Compress,28,org.apache.commons.compress.archivers.tar.TarArchiveInputStream,121,139.109,0,True,True,0,0,0,ERROR,1.572,1.634,,,,,,,,,,,,,,,,,,,,,,,,TEST_COMPILE_INCOMPATIBLE
Compress,29,org.apache.commons.compress.archivers.ArchiveStreamFactory,18,127.921,0,True,True,0,0,0,ERROR,2.106,1.876,,,,,,,,,,,,,,,,,,,,,,,,TEST_COMPILE_INCOMPATIBLE
Compress,29,org.apache.commons.compress.archivers.cpio.CpioArchiveInputStream,155,133.5,0,True,True,0,0,0,ERROR,2.106,1.876,,,,,,,,,,,,,,,,,,,,,,,,TEST_COMPILE_INCOMPATIBLE
Compress,29,org.apache.commons.compress.archivers.cpio.CpioArchiveOutputStream,191,137.446,0,True,True,0,0,0,ERROR,2.106,1.876,,,,,,,,,,,,,,,,,,,,,,,,TEST_COMPILE_INCOMPATIBLE
Compress,29,org.apache.commons.compress.archivers.dump.DumpArchiveInputStream,100,148.681,0,True,True,0,0,0,ERROR,2.106,1.876,,,,,,,,,,,,,,,,,,,,,,,,TEST_COMPILE_INCOMPATIBLE
Compress,29,org.apache.commons.compress.archivers.tar.TarArchiveInputStream,135,142.797,0,True,True,0,0,0,ERROR,2.106,1.876,,,,,,,,,,,,,,,,,,,,,,,,TEST_COMPILE_INCOMPATIBLE
Compress,29,org.apache.commons.compress.archivers.tar.TarArchiveOutputStream,268,163.789,0,True,True,0,0,0,ERROR,2.106,1.876,,,,,,,,,,,,,,,,,,,,,,,,TEST_COMPILE_INCOMPATIBLE
Compress,29,org.apache.commons.compress.archivers.zip.ZipArchiveInputStream,219,137.989,0,True,True,0,0,0,ERROR,2.106,1.876,,,,,,,,,,,,,,,,,,,,,,,,TEST_COMPILE_INCOMPATIBLE
Compress,30,org.apache.commons.compress.compressors.bzip2.BZip2CompressorInputStream,365,154.348,0,True,True,0,0,0,ERROR,1.972,1.882,,,,,,,,,,,,,,,,,,,,,,,,TEST_COMPILE_INCOMPATIBLE
Compress,31,org.apache.commons.compress.archivers.tar.TarUtils,48,128.096,0,True,True,47,47,0,NO,11.885,12.102,150,176,85.2,102,116,87.9,88,176,50.0,57,116,49.1,151,176,85.8,103,116,88.8,0.6,0.9,16.471,8.627,15.186,COMPLETED
Compress,32,org.apache.commons.compress.archivers.tar.TarArchiveInputStream,126,131.494,0,True,True,0,0,0,ERROR,1.683,1.586,,,,,,,,,,,,,,,,,,,,,,,,TEST_COMPILE_INCOMPATIBLE
Compress,33,org.apache.commons.compress.compressors.CompressorStreamFactory,19,125.871,0,True,True,0,0,0,ERROR,2.032,1.77,,,,,,,,,,,,,,,,,,,,,,,,TEST_COMPILE_INCOMPATIBLE
Compress,33,org.apache.commons.compress.compressors.deflate.DeflateCompressorInputStream,67,146.522,0,True,True,0,0,0,ERROR,2.032,1.77,,,,,,,,,,,,,,,,,,,,,,,,TEST_COMPILE_INCOMPATIBLE
Compress,34,org.apache.commons.compress.archivers.zip.X7875_NewUnix,62,122.604,0,True,True,0,0,0,ERROR,1.788,1.781,,,,,,,,,,,,,,,,,,,,,,,,TEST_COMPILE_INCOMPATIBLE
Compress,35,org.apache.commons.compress.archivers.tar.TarUtils,153,143.443,0,True,True,0,0,0,ERROR,1.678,1.885,,,,,,,,,,,,,,,,,,,,,,,,TEST_COMPILE_INCOMPATIBLE
Compress,36,org.apache.commons.compress.archivers.sevenz.SevenZFile,0,145.979,1,True,True,0,0,0,ERROR,,,,,,,,,,,,,,,,,,,,,,,,,,GENERATION_FAILED
Compress,37,org.apache.commons.compress.archivers.tar.TarArchiveInputStream,140,137.377,0,True,True,0,0,0,ERROR,1.941,1.859,,,,,,,,,,,,,,,,,,,,,,,,TEST_COMPILE_INCOMPATIBLE
Compress,38,org.apache.commons.compress.archivers.tar.TarArchiveEntry,157,113.276,0,True,True,0,0,0,ERROR,1.661,1.718,,,,,,,,,,,,,,,,,,,,,,,,TEST_COMPILE_INCOMPATIBLE
Compress,39,org.apache.commons.compress.utils.ArchiveUtils,80,45.744,0,True,True,32,32,0,NO,10.83,10.612,39,62,62.9,29,36,80.6,52,62,83.9,33,36,91.7,52,62,83.9,34,36,94.4,21.0,13.8,15.109,8.193,13.872,COMPLETED
Compress,40,org.apache.commons.compress.utils.BitInputStream,29,188.153,0,True,True,0,0,0,ERROR,1.757,1.853,,,,,,,,,,,,,,,,,,,,,,,,TEST_COMPILE_INCOMPATIBLE
Compress,41,org.apache.commons.compress.archivers.zip.ZipArchiveInputStream,233,134.413,0,True,True,0,0,0,ERROR,1.834,1.791,,,,,,,,,,,,,,,,,,,,,,,,TEST_COMPILE_INCOMPATIBLE
Compress,42,org.apache.commons.compress.archivers.zip.UnixStat,0,4.144,1,True,True,0,0,0,ERROR,1.801,1.543,,,,,,,,,,,,,,,,,,,,,,,,GENERATION_FAILED
Compress,42,org.apache.commons.compress.archivers.zip.ZipArchiveEntry,20,134.153,0,True,True,0,0,0,ERROR,1.801,1.543,,,,,,,,,,,,,,,,,,,,,,,,TEST_COMPILE_INCOMPATIBLE
Compress,43,org.apache.commons.compress.archivers.zip.ZipArchiveOutputStream,264,132.939,0,True,True,0,0,0,ERROR,1.937,1.871,,,,,,,,,,,,,,,,,,,,,,,,TEST_COMPILE_INCOMPATIBLE
Compress,44,org.apache.commons.compress.utils.ChecksumCalculatingInputStream,91,135.724,0,True,True,0,0,0,ERROR,1.884,1.804,,,,,,,,,,,,,,,,,,,,,,,,TEST_COMPILE_INCOMPATIBLE
Compress,45,org.apache.commons.compress.archivers.tar.TarUtils,166,134.981,0,True,True,0,0,0,ERROR,1.695,1.681,,,,,,,,,,,,,,,,,,,,,,,,TEST_COMPILE_INCOMPATIBLE
Compress,46,org.apache.commons.compress.archivers.zip.X5455_ExtendedTimestamp,110,31.665,0,True,True,0,0,0,ERROR,1.641,1.783,,,,,,,,,,,,,,,,,,,,,,,,TEST_COMPILE_INCOMPATIBLE
Compress,47,org.apache.commons.compress.archivers.zip.ZipArchiveInputStream,230,136.482,0,True,True,0,0,0,ERROR,2.003,1.749,,,,,,,,,,,,,,,,,,,,,,,,TEST_COMPILE_INCOMPATIBLE
Jsoup,1,org.jsoup.nodes.Document,0,300.039,124,True,True,0,0,0,ERROR,,,,,,,,,,,,,,,,,,,,,,,,,,GENERATION_TIMEOUT
Jsoup,2,org.jsoup.parser.Parser,125,131.112,0,True,True,0,0,0,ERROR,1.679,1.548,,,,,,,,,,,,,,,,,,,,,,,,TEST_COMPILE_INCOMPATIBLE
Jsoup,3,org.jsoup.nodes.Element,291,132.346,0,True,True,0,0,0,ERROR,2.046,1.548,,,,,,,,,,,,,,,,,,,,,,,,TEST_COMPILE_INCOMPATIBLE
Jsoup,3,org.jsoup.parser.Parser,124,128.9,0,True,True,0,0,0,ERROR,2.046,1.548,,,,,,,,,,,,,,,,,,,,,,,,TEST_COMPILE_INCOMPATIBLE
Jsoup,3,org.jsoup.parser.Tag,79,134.469,0,True,True,0,0,0,ERROR,2.046,1.548,,,,,,,,,,,,,,,,,,,,,,,,TEST_COMPILE_INCOMPATIBLE
Jsoup,4,org.jsoup.nodes.Entities,10,238.462,0,True,True,7,7,0,NO,4.298,3.056,,,,,,,,,,,,,,,,,,,,,3.579,4.562,3.655,COVERAGE_FAILED
Jsoup,5,org.jsoup.parser.Parser,128,129.932,0,True,True,0,0,0,ERROR,1.845,1.912,,,,,,,,,,,,,,,,,,,,,,,,TEST_COMPILE_INCOMPATIBLE
Jsoup,6,org.jsoup.nodes.Entities,11,208.534,0,True,True,7,7,0,NO,4.539,3.458,,,,,,,,,,,,,,,,,,,,,3.892,4.665,3.415,COVERAGE_FAILED
Jsoup,7,org.jsoup.nodes.Document,0,129.757,1,True,True,0,0,0,ERROR,,,,,,,,,,,,,,,,,,,,,,,,,,GENERATION_FAILED
Jsoup,8,org.jsoup.nodes.Node,159,133.954,0,True,True,0,0,0,ERROR,1.731,1.654,,,,,,,,,,,,,,,,,,,,,,,,TEST_COMPILE_INCOMPATIBLE
Jsoup,9,org.jsoup.nodes.Entities,24,144.0,0,True,True,0,0,0,ERROR,1.854,1.78,,,,,,,,,,,,,,,,,,,,,,,,TEST_COMPILE_INCOMPATIBLE
Jsoup,10,org.jsoup.nodes.Node,0,300.027,124,True,True,0,0,0,ERROR,,,,,,,,,,,,,,,,,,,,,,,,,,GENERATION_TIMEOUT
Jsoup,11,org.jsoup.select.Selector,119,152.003,0,True,True,0,0,0,ERROR,1.705,1.507,,,,,,,,,,,,,,,,,,,,,,,,TEST_COMPILE_INCOMPATIBLE
Jsoup,12,org.jsoup.select.Selector,117,151.881,0,True,True,0,0,0,ERROR,1.787,1.681,,,,,,,,,,,,,,,,,,,,,,,,TEST_COMPILE_INCOMPATIBLE
Jsoup,13,org.jsoup.nodes.Node,0,166.288,1,True,True,0,0,0,ERROR,,,,,,,,,,,,,,,,,,,,,,,,,,GENERATION_FAILED
Jsoup,14,org.jsoup.parser.Tokeniser,93,144.439,0,True,True,0,0,0,ERROR,1.559,1.708,,,,,,,,,,,,,,,,,,,,,,,,TEST_COMPILE_INCOMPATIBLE
Jsoup,14,org.jsoup.parser.TokeniserState,0,5.639,1,True,True,0,0,0,ERROR,1.559,1.708,,,,,,,,,,,,,,,,,,,,,,,,GENERATION_FAILED
Jsoup,15,org.jsoup.parser.TreeBuilderState,22,41.903,0,True,True,6,6,0,NO,3.895,3.791,755,1079,70.0,471,747,63.1,58,1079,5.4,6,747,0.8,755,1079,70.0,471,747,63.1,0.0,0.0,8.581,8.507,7.083,COMPLETED
Jsoup,16,org.jsoup.nodes.DocumentType,4,53.15,0,True,True,0,0,0,ERROR,1.523,1.458,,,,,,,,,,,,,,,,,,,,,,,,TEST_COMPILE_INCOMPATIBLE
Jsoup,17,org.jsoup.parser.TreeBuilderState,22,41.862,0,True,True,6,6,0,NO,3.762,3.658,750,1079,69.5,468,747,62.7,58,1079,5.4,6,747,0.8,750,1079,69.5,468,747,62.7,0.0,0.0,8.503,8.181,7.193,COMPLETED
Jsoup,18,org.jsoup.parser.CharacterReader,114,46.429,0,True,True,0,0,0,ERROR,1.808,1.637,,,,,,,,,,,,,,,,,,,,,,,,TEST_COMPILE_INCOMPATIBLE
Jsoup,19,org.jsoup.safety.Whitelist,63,141.501,0,True,True,0,0,0,ERROR,1.645,1.585,,,,,,,,,,,,,,,,,,,,,,,,TEST_COMPILE_INCOMPATIBLE
Jsoup,20,org.jsoup.helper.DataUtil,8,18.409,0,True,True,4,4,0,NO,4.786,4.675,40,44,90.9,19,22,86.4,23,44,52.3,6,22,27.3,42,44,95.5,19,22,86.4,4.6,0.0,7.815,8.696,7.707,COMPLETED
Jsoup,21,org.jsoup.select.CombiningEvaluator,0,5.083,1,True,True,0,0,0,ERROR,1.759,1.606,,,,,,,,,,,,,,,,,,,,,,,,GENERATION_FAILED
Jsoup,21,org.jsoup.select.QueryParser,125,129.981,0,True,True,0,0,0,ERROR,1.759,1.606,,,,,,,,,,,,,,,,,,,,,,,,TEST_COMPILE_INCOMPATIBLE
Jsoup,22,org.jsoup.nodes.Element,355,248.132,0,True,True,0,0,0,ERROR,1.823,1.73,,,,,,,,,,,,,,,,,,,,,,,,TEST_COMPILE_INCOMPATIBLE
Jsoup,22,org.jsoup.nodes.Node,0,218.993,1,True,True,0,0,0,ERROR,1.823,1.73,,,,,,,,,,,,,,,,,,,,,,,,GENERATION_FAILED
Jsoup,22,org.jsoup.select.Elements,316,125.74,0,True,True,0,0,0,ERROR,1.823,1.73,,,,,,,,,,,,,,,,,,,,,,,,TEST_COMPILE_INCOMPATIBLE
Jsoup,23,org.jsoup.parser.CharacterReader,114,44.861,0,True,True,0,0,0,ERROR,1.898,1.512,,,,,,,,,,,,,,,,,,,,,,,,TEST_COMPILE_INCOMPATIBLE
Jsoup,23,org.jsoup.parser.Tokeniser,77,139.918,0,True,True,0,0,0,ERROR,1.898,1.512,,,,,,,,,,,,,,,,,,,,,,,,TEST_COMPILE_INCOMPATIBLE
Jsoup,24,org.jsoup.parser.TokeniserState,0,5.239,1,True,True,0,0,0,ERROR,,,,,,,,,,,,,,,,,,,,,,,,,,GENERATION_FAILED
Jsoup,25,org.jsoup.parser.Tag,41,121.926,0,True,True,0,0,0,ERROR,1.554,1.586,,,,,,,,,,,,,,,,,,,,,,,,TEST_COMPILE_INCOMPATIBLE
Jsoup,26,org.jsoup.safety.Cleaner,0,125.758,1,True,True,0,0,0,ERROR,,,,,,,,,,,,,,,,,,,,,,,,,,GENERATION_FAILED
Jsoup,27,org.jsoup.helper.DataUtil,8,16.719,0,True,True,4,4,0,NO,4.807,4.88,43,48,89.6,19,24,79.2,23,48,47.9,6,24,25.0,46,48,95.8,21,24,87.5,6.2,8.3,7.916,9.154,7.764,COMPLETED
Jsoup,28,org.jsoup.nodes.Entities,22,126.69,0,True,True,0,0,0,ERROR,1.962,1.482,,,,,,,,,,,,,,,,,,,,,,,,TEST_COMPILE_INCOMPATIBLE
Jsoup,28,org.jsoup.parser.Parser,27,124.567,0,True,True,0,0,0,ERROR,1.962,1.482,,,,,,,,,,,,,,,,,,,,,,,,TEST_COMPILE_INCOMPATIBLE
Jsoup,28,org.jsoup.parser.Tokeniser,123,152.776,0,True,True,0,0,0,ERROR,1.962,1.482,,,,,,,,,,,,,,,,,,,,,,,,TEST_COMPILE_INCOMPATIBLE
Jsoup,29,org.jsoup.nodes.Document,0,130.675,1,True,True,0,0,0,ERROR,,,,,,,,,,,,,,,,,,,,,,,,,,GENERATION_FAILED
Jsoup,30,org.jsoup.safety.Cleaner,0,125.826,1,True,True,0,0,0,ERROR,,,,,,,,,,,,,,,,,,,,,,,,,,GENERATION_FAILED
Jsoup,31,org.jsoup.parser.Token,23,16.374,0,True,True,0,0,0,ERROR,1.461,1.749,,,,,,,,,,,,,,,,,,,,,,,,TEST_COMPILE_INCOMPATIBLE
Jsoup,31,org.jsoup.parser.TokeniserState,0,3.43,1,True,True,0,0,0,ERROR,1.461,1.749,,,,,,,,,,,,,,,,,,,,,,,,GENERATION_FAILED
Jsoup,31,org.jsoup.parser.XmlTreeBuilder,28,126.098,0,True,True,0,0,0,ERROR,1.461,1.749,,,,,,,,,,,,,,,,,,,,,,,,TEST_COMPILE_INCOMPATIBLE
Jsoup,32,org.jsoup.nodes.Element,392,179.164,0,True,True,0,0,0,ERROR,1.734,1.712,,,,,,,,,,,,,,,,,,,,,,,,TEST_COMPILE_INCOMPATIBLE
Jsoup,33,org.jsoup.parser.HtmlTreeBuilder,176,119.809,0,True,True,0,0,0,ERROR,1.698,1.837,,,,,,,,,,,,,,,,,,,,,,,,TEST_COMPILE_INCOMPATIBLE
Jsoup,34,org.jsoup.parser.CharacterReader,162,22.057,0,True,True,0,0,0,ERROR,1.66,1.519,,,,,,,,,,,,,,,,,,,,,,,,TEST_COMPILE_INCOMPATIBLE
Jsoup,35,org.jsoup.parser.HtmlTreeBuilderState,21,126.261,0,True,True,0,0,0,ERROR,1.766,1.804,,,,,,,,,,,,,,,,,,,,,,,,TEST_COMPILE_INCOMPATIBLE
Jsoup,36,org.jsoup.helper.DataUtil,8,16.704,0,True,True,2,2,0,NO,3.92,4.045,54,60,90.0,27,38,71.1,26,60,43.3,10,38,26.3,55,60,91.7,28,38,73.7,1.7,2.6,8.374,8.278,7.069,COMPLETED
Jsoup,37,org.jsoup.nodes.Element,399,246.042,0,True,True,0,0,0,ERROR,1.776,1.608,,,,,,,,,,,,,,,,,,,,,,,,TEST_COMPILE_INCOMPATIBLE
Jsoup,38,org.jsoup.parser.HtmlTreeBuilderState,19,126.34,0,True,True,0,0,0,ERROR,1.571,1.603,,,,,,,,,,,,,,,,,,,,,,,,TEST_COMPILE_INCOMPATIBLE
Jsoup,39,org.jsoup.helper.DataUtil,8,19.567,0,True,True,3,3,0,NO,3.899,4.187,64,75,85.3,30,46,65.2,27,75,36.0,11,46,23.9,65,75,86.7,32,46,69.6,1.4,4.4,8.237,8.226,6.76,COMPLETED
Jsoup,40,org.jsoup.nodes.DocumentType,6,33.448,0,True,True,0,0,0,ERROR,1.505,1.477,,,,,,,,,,,,,,,,,,,,,,,,TEST_COMPILE_INCOMPATIBLE
Jsoup,41,org.jsoup.nodes.Element,249,149.579,0,True,True,0,0,0,ERROR,1.79,1.851,,,,,,,,,,,,,,,,,,,,,,,,TEST_COMPILE_INCOMPATIBLE
Jsoup,42,org.jsoup.nodes.FormElement,0,300.039,124,True,True,0,0,0,ERROR,,,,,,,,,,,,,,,,,,,,,,,,,,GENERATION_TIMEOUT
Jsoup,43,org.jsoup.nodes.Element,296,158.041,0,True,True,0,0,0,ERROR,1.765,1.565,,,,,,,,,,,,,,,,,,,,,,,,TEST_COMPILE_INCOMPATIBLE
Jsoup,44,org.jsoup.parser.TreeBuilder,120,128.251,0,True,True,0,0,0,ERROR,1.599,1.745,,,,,,,,,,,,,,,,,,,,,,,,TEST_COMPILE_INCOMPATIBLE
Jsoup,45,org.jsoup.parser.HtmlTreeBuilder,0,300.041,124,True,True,0,0,0,ERROR,,,,,,,,,,,,,,,,,,,,,,,,,,GENERATION_TIMEOUT
Jsoup,46,org.jsoup.nodes.Entities,26,132.888,0,True,True,0,0,0,ERROR,1.652,1.615,,,,,,,,,,,,,,,,,,,,,,,,TEST_COMPILE_INCOMPATIBLE
Jsoup,47,org.jsoup.nodes.Entities,23,130.921,0,True,True,0,0,0,ERROR,1.725,1.784,,,,,,,,,,,,,,,,,,,,,,,,TEST_COMPILE_INCOMPATIBLE
Jsoup,48,org.jsoup.helper.HttpConnection,0,300.035,124,True,True,0,0,0,ERROR,,,,,,,,,,,,,,,,,,,,,,,,,,GENERATION_TIMEOUT
Jsoup,49,org.jsoup.nodes.Node,219,138.863,0,True,True,0,0,0,ERROR,1.581,1.554,,,,,,,,,,,,,,,,,,,,,,,,TEST_COMPILE_INCOMPATIBLE
Jsoup,50,org.jsoup.helper.DataUtil,10,30.37,0,True,True,0,0,0,ERROR,1.593,1.516,,,,,,,,,,,,,,,,,,,,,,,,TEST_COMPILE_INCOMPATIBLE
Jsoup,51,org.jsoup.parser.CharacterReader,311,42.656,0,True,True,0,0,0,ERROR,1.553,1.673,,,,,,,,,,,,,,,,,,,,,,,,TEST_COMPILE_INCOMPATIBLE
Jsoup,52,org.jsoup.helper.DataUtil,40,122.893,0,True,True,0,0,0,ERROR,1.633,1.613,,,,,,,,,,,,,,,,,,,,,,,,TEST_COMPILE_INCOMPATIBLE
Jsoup,52,org.jsoup.nodes.XmlDeclaration,33,166.452,0,True,True,0,0,0,ERROR,1.633,1.613,,,,,,,,,,,,,,,,,,,,,,,,TEST_COMPILE_INCOMPATIBLE
Jsoup,52,org.jsoup.parser.XmlTreeBuilder,71,128.969,0,True,True,0,0,0,ERROR,1.633,1.613,,,,,,,,,,,,,,,,,,,,,,,,TEST_COMPILE_INCOMPATIBLE
Jsoup,53,org.jsoup.parser.TokenQueue,171,111.989,0,True,True,0,0,0,ERROR,1.508,1.714,,,,,,,,,,,,,,,,,,,,,,,,TEST_COMPILE_INCOMPATIBLE
Jsoup,54,org.jsoup.helper.W3CDom,10,51.018,0,True,True,0,0,0,ERROR,1.57,1.576,,,,,,,,,,,,,,,,,,,,,,,,TEST_COMPILE_INCOMPATIBLE
Jsoup,55,org.jsoup.parser.TokeniserState,51,128.16,0,True,True,0,0,0,ERROR,1.697,1.619,,,,,,,,,,,,,,,,,,,,,,,,TEST_COMPILE_INCOMPATIBLE
Jsoup,56,org.jsoup.nodes.DocumentType,37,129.881,0,True,True,0,0,0,ERROR,1.783,1.701,,,,,,,,,,,,,,,,,,,,,,,,TEST_COMPILE_INCOMPATIBLE
Jsoup,56,org.jsoup.parser.HtmlTreeBuilderState,35,89.285,0,True,True,0,0,0,ERROR,1.783,1.701,,,,,,,,,,,,,,,,,,,,,,,,TEST_COMPILE_INCOMPATIBLE
Jsoup,56,org.jsoup.parser.Token,26,17.08,0,True,True,0,0,0,ERROR,1.783,1.701,,,,,,,,,,,,,,,,,,,,,,,,TEST_COMPILE_INCOMPATIBLE
Jsoup,56,org.jsoup.parser.TokeniserState,0,300.02,124,True,True,0,0,0,ERROR,1.783,1.701,,,,,,,,,,,,,,,,,,,,,,,,GENERATION_TIMEOUT
Jsoup,56,org.jsoup.parser.XmlTreeBuilder,65,130.259,0,True,True,0,0,0,ERROR,1.783,1.701,,,,,,,,,,,,,,,,,,,,,,,,TEST_COMPILE_INCOMPATIBLE
Jsoup,57,org.jsoup.nodes.Attributes,78,213.848,0,True,True,0,0,0,ERROR,1.783,1.824,,,,,,,,,,,,,,,,,,,,,,,,TEST_COMPILE_INCOMPATIBLE
Jsoup,58,org.jsoup.Jsoup,32,126.929,0,True,True,0,0,0,ERROR,1.666,1.631,,,,,,,,,,,,,,,,,,,,,,,,TEST_COMPILE_INCOMPATIBLE
Jsoup,58,org.jsoup.parser.Parser,31,127.581,0,True,True,0,0,0,ERROR,1.666,1.631,,,,,,,,,,,,,,,,,,,,,,,,TEST_COMPILE_INCOMPATIBLE
Jsoup,58,org.jsoup.safety.Cleaner,14,128.141,0,True,True,0,0,0,ERROR,1.666,1.631,,,,,,,,,,,,,,,,,,,,,,,,TEST_COMPILE_INCOMPATIBLE
Jsoup,59,org.jsoup.parser.Token,25,16.227,0,True,True,0,0,0,ERROR,1.499,1.636,,,,,,,,,,,,,,,,,,,,,,,,TEST_COMPILE_INCOMPATIBLE
Jsoup,60,org.jsoup.parser.TokenQueue,172,118.803,0,True,True,0,0,0,ERROR,1.662,1.614,,,,,,,,,,,,,,,,,,,,,,,,TEST_COMPILE_INCOMPATIBLE
Jsoup,60,org.jsoup.select.QueryParser,118,127.648,0,True,True,0,0,0,ERROR,1.662,1.614,,,,,,,,,,,,,,,,,,,,,,,,TEST_COMPILE_INCOMPATIBLE
Jsoup,61,org.jsoup.nodes.Element,0,300.032,124,True,True,0,0,0,ERROR,,,,,,,,,,,,,,,,,,,,,,,,,,GENERATION_TIMEOUT
Jsoup,62,org.jsoup.parser.HtmlTreeBuilderState,34,87.229,0,True,True,0,0,0,ERROR,1.841,1.68,,,,,,,,,,,,,,,,,,,,,,,,TEST_COMPILE_INCOMPATIBLE
Jsoup,63,org.jsoup.parser.HtmlTreeBuilder,261,166.993,0,True,True,0,0,0,ERROR,1.659,1.653,,,,,,,,,,,,,,,,,,,,,,,,TEST_COMPILE_INCOMPATIBLE
Jsoup,63,org.jsoup.parser.Tokeniser,133,134.88,0,True,True,0,0,0,ERROR,1.659,1.653,,,,,,,,,,,,,,,,,,,,,,,,TEST_COMPILE_INCOMPATIBLE
Jsoup,64,org.jsoup.parser.HtmlTreeBuilderState,35,121.956,0,True,True,0,0,0,ERROR,1.566,1.654,,,,,,,,,,,,,,,,,,,,,,,,TEST_COMPILE_INCOMPATIBLE
Jsoup,65,org.jsoup.parser.HtmlTreeBuilder,356,115.609,0,True,True,0,0,0,ERROR,1.602,1.695,,,,,,,,,,,,,,,,,,,,,,,,TEST_COMPILE_INCOMPATIBLE
Jsoup,65,org.jsoup.parser.HtmlTreeBuilderState,31,127.954,0,True,True,0,0,0,ERROR,1.602,1.695,,,,,,,,,,,,,,,,,,,,,,,,TEST_COMPILE_INCOMPATIBLE
Jsoup,66,org.jsoup.nodes.Element,437,119.498,0,True,True,0,0,0,ERROR,1.678,1.617,,,,,,,,,,,,,,,,,,,,,,,,TEST_COMPILE_INCOMPATIBLE
Jsoup,67,org.jsoup.parser.HtmlTreeBuilder,334,114.596,0,True,True,0,0,0,ERROR,1.723,1.649,,,,,,,,,,,,,,,,,,,,,,,,TEST_COMPILE_INCOMPATIBLE
Jsoup,68,org.jsoup.parser.HtmlTreeBuilder,349,115.971,0,True,True,0,0,0,ERROR,1.833,1.646,,,,,,,,,,,,,,,,,,,,,,,,TEST_COMPILE_INCOMPATIBLE
Jsoup,69,org.jsoup.nodes.FormElement,14,25.372,0,True,True,0,0,0,ERROR,1.596,1.727,,,,,,,,,,,,,,,,,,,,,,,,TEST_COMPILE_INCOMPATIBLE
Jsoup,70,org.jsoup.nodes.Element,447,123.816,0,True,True,0,0,0,ERROR,1.77,1.788,,,,,,,,,,,,,,,,,,,,,,,,TEST_COMPILE_INCOMPATIBLE
Jsoup,71,org.jsoup.nodes.PseudoTextElement,0,0.0,-1,True,True,0,0,0,ERROR,1.854,2.047,,,,,,,,,,,,,,,,,,,,,,,,SOURCE_NOT_FOUND
Jsoup,71,org.jsoup.select.Evaluator,0,8.855,1,True,True,0,0,0,ERROR,1.854,2.047,,,,,,,,,,,,,,,,,,,,,,,,GENERATION_FAILED
Jsoup,71,org.jsoup.select.QueryParser,117,127.32,0,True,True,0,0,0,ERROR,1.854,2.047,,,,,,,,,,,,,,,,,,,,,,,,TEST_COMPILE_INCOMPATIBLE
Jsoup,72,org.jsoup.parser.CharacterReader,347,146.137,0,True,True,0,0,0,ERROR,1.84,1.835,,,,,,,,,,,,,,,,,,,,,,,,TEST_COMPILE_INCOMPATIBLE
Jsoup,73,org.jsoup.helper.W3CDom,30,132.364,0,True,True,0,0,0,ERROR,1.867,1.58,,,,,,,,,,,,,,,,,,,,,,,,TEST_COMPILE_INCOMPATIBLE
Jsoup,74,org.jsoup.helper.StringUtil,80,130.819,0,True,True,0,0,0,ERROR,1.652,1.605,,,,,,,,,,,,,,,,,,,,,,,,TEST_COMPILE_INCOMPATIBLE
Jsoup,75,org.jsoup.nodes.Attributes,227,131.159,0,True,True,0,0,0,ERROR,1.704,1.679,,,,,,,,,,,,,,,,,,,,,,,,TEST_COMPILE_INCOMPATIBLE
Jsoup,76,org.jsoup.parser.HtmlTreeBuilderState,30,127.089,0,True,True,0,0,0,ERROR,1.635,1.682,,,,,,,,,,,,,,,,,,,,,,,,TEST_COMPILE_INCOMPATIBLE
Jsoup,77,org.jsoup.parser.XmlTreeBuilder,61,128.269,0,True,True,0,0,0,ERROR,1.591,1.548,,,,,,,,,,,,,,,,,,,,,,,,TEST_COMPILE_INCOMPATIBLE
Jsoup,78,org.jsoup.helper.DataUtil,35,126.454,0,True,True,0,0,0,ERROR,1.541,1.682,,,,,,,,,,,,,,,,,,,,,,,,TEST_COMPILE_INCOMPATIBLE
Jsoup,79,org.jsoup.nodes.LeafNode,141,156.844,0,True,True,0,0,0,ERROR,1.774,1.725,,,,,,,,,,,,,,,,,,,,,,,,TEST_COMPILE_INCOMPATIBLE
Jsoup,80,org.jsoup.parser.XmlTreeBuilder,57,129.321,0,True,True,0,0,0,ERROR,1.744,1.714,,,,,,,,,,,,,,,,,,,,,,,,TEST_COMPILE_INCOMPATIBLE
Jsoup,81,org.jsoup.helper.DataUtil,31,126.224,0,True,True,0,0,0,ERROR,1.628,1.821,,,,,,,,,,,,,,,,,,,,,,,,TEST_COMPILE_INCOMPATIBLE
Jsoup,82,org.jsoup.helper.DataUtil,28,136.445,0,True,True,0,0,0,ERROR,1.588,1.557,,,,,,,,,,,,,,,,,,,,,,,,TEST_COMPILE_INCOMPATIBLE
Jsoup,83,org.jsoup.parser.CharacterReader,306,151.765,0,True,True,0,0,0,ERROR,1.851,1.74,,,,,,,,,,,,,,,,,,,,,,,,TEST_COMPILE_INCOMPATIBLE
Jsoup,83,org.jsoup.parser.TokeniserState,38,131.867,0,True,True,0,0,0,ERROR,1.851,1.74,,,,,,,,,,,,,,,,,,,,,,,,TEST_COMPILE_INCOMPATIBLE
Jsoup,84,org.jsoup.helper.W3CDom,20,31.031,0,True,True,0,0,0,ERROR,1.708,1.647,,,,,,,,,,,,,,,,,,,,,,,,TEST_COMPILE_INCOMPATIBLE
Jsoup,85,org.jsoup.nodes.Attribute,56,131.156,0,True,True,0,0,0,ERROR,1.52,1.547,,,,,,,,,,,,,,,,,,,,,,,,TEST_COMPILE_INCOMPATIBLE
Jsoup,86,org.jsoup.nodes.Comment,40,132.475,0,True,True,0,0,0,ERROR,1.85,1.558,,,,,,,,,,,,,,,,,,,,,,,,TEST_COMPILE_INCOMPATIBLE
Jsoup,87,org.jsoup.nodes.Element,487,129.414,0,True,True,0,0,0,ERROR,1.782,1.59,,,,,,,,,,,,,,,,,,,,,,,,TEST_COMPILE_INCOMPATIBLE
Jsoup,87,org.jsoup.parser.HtmlTreeBuilder,341,116.138,0,True,True,0,0,0,ERROR,1.782,1.59,,,,,,,,,,,,,,,,,,,,,,,,TEST_COMPILE_INCOMPATIBLE
Jsoup,87,org.jsoup.parser.HtmlTreeBuilderState,31,128.478,0,True,True,0,0,0,ERROR,1.782,1.59,,,,,,,,,,,,,,,,,,,,,,,,TEST_COMPILE_INCOMPATIBLE
Jsoup,87,org.jsoup.parser.Tag,48,127.614,0,True,True,0,0,0,ERROR,1.782,1.59,,,,,,,,,,,,,,,,,,,,,,,,TEST_COMPILE_INCOMPATIBLE
Jsoup,88,org.jsoup.nodes.Attribute,70,129.833,0,True,True,0,0,0,ERROR,1.731,1.594,,,,,,,,,,,,,,,,,,,,,,,,TEST_COMPILE_INCOMPATIBLE
Jsoup,89,org.jsoup.nodes.Attribute,70,129.353,0,True,True,0,0,0,ERROR,1.618,1.663,,,,,,,,,,,,,,,,,,,,,,,,TEST_COMPILE_INCOMPATIBLE
Jsoup,90,org.jsoup.helper.HttpConnection,137,249.57,0,True,True,0,0,0,ERROR,1.914,1.63,,,,,,,,,,,,,,,,,,,,,,,,TEST_COMPILE_INCOMPATIBLE
Jsoup,91,org.jsoup.UncheckedIOException,2,10.019,0,True,True,0,0,0,ERROR,1.696,1.798,,,,,,,,,,,,,,,,,,,,,,,,TEST_COMPILE_INCOMPATIBLE
Jsoup,91,org.jsoup.parser.CharacterReader,302,145.328,0,True,True,0,0,0,ERROR,1.696,1.798,,,,,,,,,,,,,,,,,,,,,,,,TEST_COMPILE_INCOMPATIBLE
Jsoup,92,org.jsoup.nodes.Attributes,247,129.312,0,True,True,0,0,0,ERROR,1.909,1.72,,,,,,,,,,,,,,,,,,,,,,,,TEST_COMPILE_INCOMPATIBLE
Jsoup,92,org.jsoup.parser.HtmlTreeBuilder,330,113.873,0,True,True,0,0,0,ERROR,1.909,1.72,,,,,,,,,,,,,,,,,,,,,,,,TEST_COMPILE_INCOMPATIBLE
Jsoup,92,org.jsoup.parser.ParseSettings,12,11.663,0,True,True,0,0,0,ERROR,1.909,1.72,,,,,,,,,,,,,,,,,,,,,,,,TEST_COMPILE_INCOMPATIBLE
Jsoup,92,org.jsoup.parser.Token,27,16.206,0,True,True,0,0,0,ERROR,1.909,1.72,,,,,,,,,,,,,,,,,,,,,,,,TEST_COMPILE_INCOMPATIBLE
Jsoup,92,org.jsoup.parser.XmlTreeBuilder,64,74.951,0,True,True,0,0,0,ERROR,1.909,1.72,,,,,,,,,,,,,,,,,,,,,,,,TEST_COMPILE_INCOMPATIBLE
Jsoup,93,org.jsoup.nodes.FormElement,15,26.328,0,True,True,0,0,0,ERROR,1.742,1.715,,,,,,,,,,,,,,,,,,,,,,,,TEST_COMPILE_INCOMPATIBLE
Gson,1,com.google.gson.TypeInfoFactory,0,133.962,1,True,True,0,0,0,ERROR,,,,,,,,,,,,,,,,,,,,,,,,,,GENERATION_FAILED
Gson,2,com.google.gson.internal.bind.TypeAdapters,15,17.164,0,True,True,1,1,0,NO,6.292,6.652,413,446,92.6,169,188,89.9,91,446,20.4,0,188,0.0,413,446,92.6,169,188,89.9,0.0,0.0,16.76,8.537,14.224,COMPLETED
Gson,3,com.google.gson.internal.ConstructorConstructor,31,149.685,0,True,True,0,0,0,ERROR,1.716,1.689,,,,,,,,,,,,,,,,,,,,,,,,TEST_COMPILE_INCOMPATIBLE
Gson,4,com.google.gson.stream.JsonReader,532,174.1,0,True,True,0,0,0,ERROR,1.895,1.876,,,,,,,,,,,,,,,,,,,,,,,,TEST_COMPILE_INCOMPATIBLE
Gson,4,com.google.gson.stream.JsonWriter,318,152.136,0,True,True,0,0,0,ERROR,1.895,1.876,,,,,,,,,,,,,,,,,,,,,,,,TEST_COMPILE_INCOMPATIBLE
Gson,5,com.google.gson.internal.bind.util.ISO8601Utils,37,37.299,0,True,True,19,19,0,NO,7.023,5.209,93,150,62.0,44,89,49.4,55,150,36.7,29,89,32.6,127,150,84.7,59,89,66.3,22.7,16.9,12.47,9.17,11.19,COMPLETED
Gson,6,com.google.gson.internal.bind.JsonAdapterAnnotationTypeAdapterFactory,2,13.556,0,True,True,2,2,0,NO,7.437,7.387,19,20,95.0,5,6,83.3,4,20,20.0,0,6,0.0,19,20,95.0,5,6,83.3,0.0,0.0,13.396,8.534,12.757,COMPLETED
Gson,7,com.google.gson.stream.JsonReader,566,170.03,0,True,True,0,0,0,ERROR,2.066,1.86,,,,,,,,,,,,,,,,,,,,,,,,TEST_COMPILE_INCOMPATIBLE
Gson,8,com.google.gson.internal.UnsafeAllocator,11,34.112,0,True,True,0,0,0,NO,7.001,7.145,9,31,29.0,0,0,0.0,8,31,25.8,0,0,0.0,9,31,29.0,0,0,0.0,0.0,0.0,12.741,7.667,11.236,COMPLETED
Gson,9,com.google.gson.internal.bind.JsonTreeWriter,148,109.687,0,True,True,0,0,0,ERROR,1.932,1.78,,,,,,,,,,,,,,,,,,,,,,,,TEST_COMPILE_INCOMPATIBLE
Gson,9,com.google.gson.internal.bind.TypeAdapters,16,15.59,0,True,True,0,0,0,ERROR,1.932,1.78,,,,,,,,,,,,,,,,,,,,,,,,TEST_COMPILE_INCOMPATIBLE
Gson,9,com.google.gson.stream.JsonWriter,365,140.88,0,True,True,0,0,0,ERROR,1.932,1.78,,,,,,,,,,,,,,,,,,,,,,,,TEST_COMPILE_INCOMPATIBLE
Gson,10,com.google.gson.internal.bind.ReflectiveTypeAdapterFactory,19,148.389,0,True,True,0,0,0,ERROR,1.764,1.826,,,,,,,,,,,,,,,,,,,,,,,,TEST_COMPILE_INCOMPATIBLE
Gson,11,com.google.gson.internal.bind.TypeAdapters,15,17.168,0,True,True,11,11,0,NO,7.499,7.981,463,500,92.6,177,196,90.3,109,500,21.8,0,196,0.0,463,500,92.6,177,196,90.3,0.0,0.0,13.523,8.588,16.719,COMPLETED
Gson,12,com.google.gson.internal.bind.JsonTreeReader,309,132.063,0,True,True,0,0,0,ERROR,1.647,1.772,,,,,,,,,,,,,,,,,,,,,,,,TEST_COMPILE_INCOMPATIBLE
Gson,13,com.google.gson.stream.JsonReader,495,166.793,0,True,True,0,0,0,ERROR,2.248,1.976,,,,,,,,,,,,,,,,,,,,,,,,TEST_COMPILE_INCOMPATIBLE
Gson,14,com.google.gson.internal.$Gson$Types,0,134.676,1,True,True,0,0,0,ERROR,,,,,,,,,,,,,,,,,,,,,,,,,,GENERATION_FAILED
Gson,15,com.google.gson.stream.JsonWriter,387,146.023,0,True,True,0,0,0,ERROR,1.979,1.875,,,,,,,,,,,,,,,,,,,,,,,,TEST_COMPILE_INCOMPATIBLE
Gson,16,com.google.gson.internal.$Gson$Types,0,141.488,1,True,True,0,0,0,ERROR,,,,,,,,,,,,,,,,,,,,,,,,,,GENERATION_FAILED
Gson,17,com.google.gson.DefaultDateTypeAdapter,38,154.364,0,True,True,0,0,0,ERROR,1.788,1.642,,,,,,,,,,,,,,,,,,,,,,,,TEST_COMPILE_INCOMPATIBLE
Gson,18,com.google.gson.internal.$Gson$Types,0,138.92,1,True,True,0,0,0,ERROR,,,,,,,,,,,,,,,,,,,,,,,,,,GENERATION_FAILED
JacksonCore,1,com.fasterxml.jackson.core.io.NumberInput,141,141.494,0,True,True,0,0,0,ERROR,1.852,1.649,,,,,,,,,,,,,,,,,,,,,,,,TEST_COMPILE_INCOMPATIBLE
JacksonCore,1,com.fasterxml.jackson.core.util.TextBuffer,256,132.256,0,True,True,0,0,0,ERROR,1.852,1.649,,,,,,,,,,,,,,,,,,,,,,,,TEST_COMPILE_INCOMPATIBLE
JacksonCore,2,com.fasterxml.jackson.core.json.ReaderBasedJsonParser,567,160.216,0,True,True,0,0,0,ERROR,1.954,1.89,,,,,,,,,,,,,,,,,,,,,,,,TEST_COMPILE_INCOMPATIBLE
JacksonCore,2,com.fasterxml.jackson.core.json.UTF8StreamJsonParser,694,145.838,0,True,True,0,0,0,ERROR,1.954,1.89,,,,,,,,,,,,,,,,,,,,,,,,TEST_COMPILE_INCOMPATIBLE
JacksonCore,3,com.fasterxml.jackson.core.json.UTF8StreamJsonParser,596,160.555,0,True,True,0,0,0,ERROR,1.875,1.771,,,,,,,,,,,,,,,,,,,,,,,,TEST_COMPILE_INCOMPATIBLE
JacksonCore,4,com.fasterxml.jackson.core.util.TextBuffer,268,138.818,0,True,True,0,0,0,ERROR,1.884,1.806,,,,,,,,,,,,,,,,,,,,,,,,TEST_COMPILE_INCOMPATIBLE
JacksonCore,5,com.fasterxml.jackson.core.JsonPointer,146,123.183,0,True,True,0,0,0,ERROR,1.741,1.755,,,,,,,,,,,,,,,,,,,,,,,,TEST_COMPILE_INCOMPATIBLE
JacksonCore,6,com.fasterxml.jackson.core.JsonPointer,100,160.235,0,True,True,0,0,0,ERROR,1.833,1.693,,,,,,,,,,,,,,,,,,,,,,,,TEST_COMPILE_INCOMPATIBLE
JacksonCore,7,com.fasterxml.jackson.core.json.JsonWriteContext,53,20.824,0,True,True,0,0,0,ERROR,1.617,1.649,,,,,,,,,,,,,,,,,,,,,,,,TEST_COMPILE_INCOMPATIBLE
JacksonCore,8,com.fasterxml.jackson.core.util.TextBuffer,274,135.228,0,True,True,0,0,0,ERROR,1.681,1.763,,,,,,,,,,,,,,,,,,,,,,,,TEST_COMPILE_INCOMPATIBLE
JacksonCore,9,com.fasterxml.jackson.core.base.ParserMinimalBase,314,143.477,0,True,True,0,0,0,ERROR,2.049,2.166,,,,,,,,,,,,,,,,,,,,,,,,TEST_COMPILE_INCOMPATIBLE
JacksonCore,9,com.fasterxml.jackson.core.json.ReaderBasedJsonParser,699,153.894,0,True,True,0,0,0,ERROR,2.049,2.166,,,,,,,,,,,,,,,,,,,,,,,,TEST_COMPILE_INCOMPATIBLE
JacksonCore,9,com.fasterxml.jackson.core.json.UTF8StreamJsonParser,803,153.367,0,True,True,0,0,0,ERROR,2.049,2.166,,,,,,,,,,,,,,,,,,,,,,,,TEST_COMPILE_INCOMPATIBLE
JacksonCore,10,com.fasterxml.jackson.core.sym.ByteQuadsCanonicalizer,751,138.286,0,True,True,0,0,0,ERROR,1.92,1.739,,,,,,,,,,,,,,,,,,,,,,,,TEST_COMPILE_INCOMPATIBLE
JacksonCore,11,com.fasterxml.jackson.core.sym.ByteQuadsCanonicalizer,768,131.34,0,True,True,0,0,0,ERROR,1.961,1.825,,,,,,,,,,,,,,,,,,,,,,,,TEST_COMPILE_INCOMPATIBLE
JacksonCore,12,com.fasterxml.jackson.core.json.ReaderBasedJsonParser,780,150.766,0,True,True,0,0,0,ERROR,2.01,1.915,,,,,,,,,,,,,,,,,,,,,,,,TEST_COMPILE_INCOMPATIBLE
JacksonCore,12,com.fasterxml.jackson.core.json.UTF8StreamJsonParser,982,141.536,0,True,True,0,0,0,ERROR,2.01,1.915,,,,,,,,,,,,,,,,,,,,,,,,TEST_COMPILE_INCOMPATIBLE
JacksonCore,13,com.fasterxml.jackson.core.json.JsonGeneratorImpl,92,178.681,0,True,True,0,0,0,ERROR,1.941,1.935,,,,,,,,,,,,,,,,,,,,,,,,TEST_COMPILE_INCOMPATIBLE
JacksonCore,14,com.fasterxml.jackson.core.io.IOContext,101,16.104,0,True,True,0,0,0,ERROR,1.627,1.698,,,,,,,,,,,,,,,,,,,,,,,,TEST_COMPILE_INCOMPATIBLE
JacksonCore,15,com.fasterxml.jackson.core.filter.FilteringParserDelegate,509,182.921,0,True,True,0,0,0,ERROR,2.057,1.803,,,,,,,,,,,,,,,,,,,,,,,,TEST_COMPILE_INCOMPATIBLE
JacksonCore,16,com.fasterxml.jackson.core.util.JsonParserSequence,48,162.689,0,True,True,0,0,0,ERROR,1.781,1.598,,,,,,,,,,,,,,,,,,,,,,,,TEST_COMPILE_INCOMPATIBLE
JacksonCore,17,com.fasterxml.jackson.core.json.UTF8JsonGenerator,922,168.444,0,True,True,0,0,0,ERROR,1.812,1.729,,,,,,,,,,,,,,,,,,,,,,,,TEST_COMPILE_INCOMPATIBLE
JacksonCore,18,com.fasterxml.jackson.core.base.GeneratorBase,272,224.272,0,True,True,0,0,0,ERROR,2.023,1.794,,,,,,,,,,,,,,,,,,,,,,,,TEST_COMPILE_INCOMPATIBLE
JacksonCore,18,com.fasterxml.jackson.core.json.UTF8JsonGenerator,868,154.383,0,True,True,0,0,0,ERROR,2.023,1.794,,,,,,,,,,,,,,,,,,,,,,,,TEST_COMPILE_INCOMPATIBLE
JacksonCore,18,com.fasterxml.jackson.core.json.WriterBasedJsonGenerator,0,300.045,124,True,True,0,0,0,ERROR,2.023,1.794,,,,,,,,,,,,,,,,,,,,,,,,GENERATION_TIMEOUT
JacksonCore,19,com.fasterxml.jackson.core.json.ReaderBasedJsonParser,745,154.86,0,True,True,0,0,0,ERROR,2.152,1.995,,,,,,,,,,,,,,,,,,,,,,,,TEST_COMPILE_INCOMPATIBLE
JacksonCore,19,com.fasterxml.jackson.core.json.UTF8StreamJsonParser,937,142.337,0,True,True,0,0,0,ERROR,2.152,1.995,,,,,,,,,,,,,,,,,,,,,,,,TEST_COMPILE_INCOMPATIBLE
JacksonCore,20,com.fasterxml.jackson.core.JsonGenerator,484,190.207,0,True,True,0,0,0,ERROR,1.968,1.782,,,,,,,,,,,,,,,,,,,,,,,,TEST_COMPILE_INCOMPATIBLE
JacksonCore,21,com.fasterxml.jackson.core.filter.FilteringParserDelegate,510,188.53,0,True,True,0,0,0,ERROR,1.72,1.825,,,,,,,,,,,,,,,,,,,,,,,,TEST_COMPILE_INCOMPATIBLE
JacksonCore,22,com.fasterxml.jackson.core.filter.FilteringParserDelegate,512,185.432,0,True,True,0,0,0,ERROR,1.772,1.927,,,,,,,,,,,,,,,,,,,,,,,,TEST_COMPILE_INCOMPATIBLE
JacksonCore,23,com.fasterxml.jackson.core.util.DefaultPrettyPrinter,242,161.945,0,True,True,0,0,0,ERROR,1.766,1.966,,,,,,,,,,,,,,,,,,,,,,,,TEST_COMPILE_INCOMPATIBLE
JacksonCore,24,com.fasterxml.jackson.core.base.ParserBase,578,148.95,0,True,True,0,0,0,ERROR,1.823,1.841,,,,,,,,,,,,,,,,,,,,,,,,TEST_COMPILE_INCOMPATIBLE
JacksonCore,24,com.fasterxml.jackson.core.base.ParserMinimalBase,361,145.981,0,True,True,0,0,0,ERROR,1.823,1.841,,,,,,,,,,,,,,,,,,,,,,,,TEST_COMPILE_INCOMPATIBLE
JacksonCore,25,com.fasterxml.jackson.core.json.ReaderBasedJsonParser,943,146.001,0,True,True,0,0,0,ERROR,1.863,1.933,,,,,,,,,,,,,,,,,,,,,,,,TEST_COMPILE_INCOMPATIBLE
JacksonCore,26,com.fasterxml.jackson.core.json.async.NonBlockingJsonParser,894,147.196,0,True,True,0,0,0,ERROR,2.005,1.876,,,,,,,,,,,,,,,,,,,,,,,,TEST_COMPILE_INCOMPATIBLE
JxPath,1,org.apache.commons.jxpath.ri.model.dom.DOMNodePointer,231,145.181,0,True,True,0,0,0,ERROR,2.066,1.83,,,,,,,,,,,,,,,,,,,,,,,,TEST_COMPILE_INCOMPATIBLE
JxPath,1,org.apache.commons.jxpath.ri.model.jdom.JDOMNodePointer,302,136.057,0,True,True,0,0,0,ERROR,2.066,1.83,,,,,,,,,,,,,,,,,,,,,,,,TEST_COMPILE_INCOMPATIBLE
JxPath,2,org.apache.commons.jxpath.ri.compiler.Expression,60,186.831,0,True,True,0,0,0,ERROR,1.953,1.912,,,,,,,,,,,,,,,,,,,,,,,,TEST_COMPILE_INCOMPATIBLE
JxPath,3,org.apache.commons.jxpath.ri.model.beans.NullPropertyPointer,131,122.58,0,True,True,0,0,0,ERROR,1.918,1.774,,,,,,,,,,,,,,,,,,,,,,,,TEST_COMPILE_INCOMPATIBLE
JxPath,4,org.apache.commons.jxpath.ri.model.dom.DOMNodePointer,180,151.206,0,True,True,0,0,0,ERROR,2.058,1.998,,,,,,,,,,,,,,,,,,,,,,,,TEST_COMPILE_INCOMPATIBLE
JxPath,4,org.apache.commons.jxpath.ri.model.jdom.JDOMNodePointer,283,146.968,0,True,True,0,0,0,ERROR,2.058,1.998,,,,,,,,,,,,,,,,,,,,,,,,TEST_COMPILE_INCOMPATIBLE
JxPath,5,org.apache.commons.jxpath.ri.model.NodePointer,0,174.254,1,True,True,0,0,0,ERROR,,,,,,,,,,,,,,,,,,,,,,,,,,GENERATION_FAILED
JxPath,6,org.apache.commons.jxpath.ri.compiler.CoreOperationCompare,32,138.489,0,True,True,0,0,0,ERROR,1.814,1.595,,,,,,,,,,,,,,,,,,,,,,,,TEST_COMPILE_INCOMPATIBLE
JxPath,7,org.apache.commons.jxpath.ri.compiler.CoreOperationGreaterThan,3,154.368,0,True,True,8,8,0,NO,8.959,8.911,28,28,100.0,7,8,87.5,20,28,71.4,0,8,0.0,28,28,100.0,7,8,87.5,0.0,0.0,13.794,9.038,13.022,COMPLETED
JxPath,7,org.apache.commons.jxpath.ri.compiler.CoreOperationGreaterThanOrEqual,3,142.966,0,True,True,8,8,0,NO,8.959,8.911,28,28,100.0,7,8,87.5,20,28,71.4,0,8,0.0,28,28,100.0,7,8,87.5,0.0,0.0,13.794,9.038,13.022,COMPLETED
JxPath,7,org.apache.commons.jxpath.ri.compiler.CoreOperationLessThan,3,136.816,0,True,True,8,8,0,NO,8.959,8.911,28,28,100.0,7,8,87.5,20,28,71.4,0,8,0.0,28,28,100.0,7,8,87.5,0.0,0.0,13.794,9.038,13.022,COMPLETED
JxPath,7,org.apache.commons.jxpath.ri.compiler.CoreOperationLessThanOrEqual,3,135.164,0,True,True,8,8,0,NO,8.959,8.911,28,28,100.0,7,8,87.5,20,28,71.4,0,8,0.0,28,28,100.0,7,8,87.5,0.0,0.0,13.794,9.038,13.022,COMPLETED
JxPath,7,org.apache.commons.jxpath.ri.compiler.CoreOperationRelationalExpression,3,19.713,0,True,True,8,8,0,NO,8.959,8.911,28,28,100.0,7,8,87.5,20,28,71.4,0,8,0.0,28,28,100.0,7,8,87.5,0.0,0.0,13.794,9.038,13.022,COMPLETED
JxPath,8,org.apache.commons.jxpath.ri.compiler.CoreOperationRelationalExpression,16,141.05,0,True,True,0,0,0,ERROR,1.89,1.78,,,,,,,,,,,,,,,,,,,,,,,,TEST_COMPILE_INCOMPATIBLE
JxPath,9,org.apache.commons.jxpath.ri.compiler.CoreOperationCompare,51,140.698,0,True,True,0,0,0,ERROR,1.998,1.769,,,,,,,,,,,,,,,,,,,,,,,,TEST_COMPILE_INCOMPATIBLE
JxPath,9,org.apache.commons.jxpath.ri.compiler.CoreOperationEqual,3,147.235,0,True,True,0,0,0,ERROR,1.998,1.769,,,,,,,,,,,,,,,,,,,,,,,,TEST_COMPILE_INCOMPATIBLE
JxPath,9,org.apache.commons.jxpath.ri.compiler.CoreOperationNotEqual,3,138.962,0,True,True,0,0,0,ERROR,1.998,1.769,,,,,,,,,,,,,,,,,,,,,,,,TEST_COMPILE_INCOMPATIBLE
JxPath,10,org.apache.commons.jxpath.ri.compiler.CoreOperationRelationalExpression,25,139.034,0,True,True,0,0,0,ERROR,1.927,1.734,,,,,,,,,,,,,,,,,,,,,,,,TEST_COMPILE_INCOMPATIBLE
JxPath,11,org.apache.commons.jxpath.ri.model.dom.DOMAttributeIterator,67,155.245,0,True,True,0,0,0,ERROR,1.969,1.838,,,,,,,,,,,,,,,,,,,,,,,,TEST_COMPILE_INCOMPATIBLE
JxPath,11,org.apache.commons.jxpath.ri.model.jdom.JDOMAttributeIterator,13,26.609,0,True,True,0,0,0,ERROR,1.969,1.838,,,,,,,,,,,,,,,,,,,,,,,,TEST_COMPILE_INCOMPATIBLE
JxPath,12,org.apache.commons.jxpath.ri.model.dom.DOMNodePointer,166,151.199,0,True,True,0,0,0,ERROR,1.992,1.882,,,,,,,,,,,,,,,,,,,,,,,,TEST_COMPILE_INCOMPATIBLE
JxPath,13,org.apache.commons.jxpath.ri.NamespaceResolver,50,143.684,0,True,True,0,0,0,ERROR,2.032,2.035,,,,,,,,,,,,,,,,,,,,,,,,TEST_COMPILE_INCOMPATIBLE
JxPath,13,org.apache.commons.jxpath.ri.model.dom.DOMNodePointer,173,152.52,0,True,True,0,0,0,ERROR,2.032,2.035,,,,,,,,,,,,,,,,,,,,,,,,TEST_COMPILE_INCOMPATIBLE
JxPath,14,org.apache.commons.jxpath.ri.compiler.CoreFunction,294,159.019,0,True,True,0,0,0,ERROR,1.819,1.892,,,,,,,,,,,,,,,,,,,,,,,,TEST_COMPILE_INCOMPATIBLE
JxPath,15,org.apache.commons.jxpath.ri.axes.UnionContext,30,141.427,0,True,True,0,0,0,ERROR,1.98,1.829,,,,,,,,,,,,,,,,,,,,,,,,TEST_COMPILE_INCOMPATIBLE
JxPath,16,org.apache.commons.jxpath.ri.model.dom.DOMNodePointer,178,150.679,0,True,True,0,0,0,ERROR,2.062,1.847,,,,,,,,,,,,,,,,,,,,,,,,TEST_COMPILE_INCOMPATIBLE
JxPath,16,org.apache.commons.jxpath.ri.model.jdom.JDOMNodePointer,236,146.139,0,True,True,0,0,0,ERROR,2.062,1.847,,,,,,,,,,,,,,,,,,,,,,,,TEST_COMPILE_INCOMPATIBLE
JxPath,17,org.apache.commons.jxpath.ri.model.dom.DOMAttributeIterator,53,198.679,0,True,True,0,0,0,ERROR,1.848,1.813,,,,,,,,,,,,,,,,,,,,,,,,TEST_COMPILE_INCOMPATIBLE
JxPath,17,org.apache.commons.jxpath.ri.model.jdom.JDOMAttributeIterator,13,28.368,0,True,True,0,0,0,ERROR,1.848,1.813,,,,,,,,,,,,,,,,,,,,,,,,TEST_COMPILE_INCOMPATIBLE
JxPath,18,org.apache.commons.jxpath.ri.axes.AttributeContext,134,83.333,0,True,True,0,0,0,ERROR,1.634,1.765,,,,,,,,,,,,,,,,,,,,,,,,TEST_COMPILE_INCOMPATIBLE
JxPath,19,org.apache.commons.jxpath.ri.model.dom.DOMNodePointer,155,148.986,0,True,True,0,0,0,ERROR,1.822,1.822,,,,,,,,,,,,,,,,,,,,,,,,TEST_COMPILE_INCOMPATIBLE
JxPath,19,org.apache.commons.jxpath.ri.model.jdom.JDOMNodePointer,192,245.892,0,True,True,0,0,0,ERROR,1.822,1.822,,,,,,,,,,,,,,,,,,,,,,,,TEST_COMPILE_INCOMPATIBLE
JxPath,20,org.apache.commons.jxpath.ri.compiler.CoreOperationRelationalExpression,31,137.11,0,True,True,0,0,0,ERROR,1.798,1.814,,,,,,,,,,,,,,,,,,,,,,,,TEST_COMPILE_INCOMPATIBLE
JxPath,21,org.apache.commons.jxpath.ri.model.beans.PropertyPointer,124,138.778,0,True,True,0,0,0,ERROR,1.854,1.751,,,,,,,,,,,,,,,,,,,,,,,,TEST_COMPILE_INCOMPATIBLE
JxPath,22,org.apache.commons.jxpath.ri.model.dom.DOMNodePointer,168,151.178,0,True,True,0,0,0,ERROR,1.819,1.83,,,,,,,,,,,,,,,,,,,,,,,,TEST_COMPILE_INCOMPATIBLE
Time,1,org.joda.time.field.UnsupportedDurationField,49,72.376,0,True,True,0,0,0,ERROR,3.785,3.752,,,,,,,,,,,,,,,,,,,,,,,,TEST_COMPILE_INCOMPATIBLE
Time,1,org.joda.time.Partial,196,153.316,0,True,True,0,0,0,ERROR,3.785,3.752,,,,,,,,,,,,,,,,,,,,,,,,TEST_COMPILE_INCOMPATIBLE
Time,2,org.joda.time.field.UnsupportedDurationField,36,39.232,0,True,True,0,0,0,ERROR,3.71,3.548,,,,,,,,,,,,,,,,,,,,,,,,TEST_COMPILE_INCOMPATIBLE
Time,2,org.joda.time.Partial,244,157.224,0,True,True,0,0,0,ERROR,3.71,3.548,,,,,,,,,,,,,,,,,,,,,,,,TEST_COMPILE_INCOMPATIBLE
Time,3,org.joda.time.MutableDateTime,578,156.073,0,True,True,0,0,0,ERROR,3.741,3.657,,,,,,,,,,,,,,,,,,,,,,,,TEST_COMPILE_INCOMPATIBLE
Time,4,org.joda.time.Partial,236,153.456,0,True,True,0,0,0,ERROR,3.652,3.536,,,,,,,,,,,,,,,,,,,,,,,,TEST_COMPILE_INCOMPATIBLE
Time,5,org.joda.time.Period,359,135.205,0,True,True,0,0,0,ERROR,3.744,3.674,,,,,,,,,,,,,,,,,,,,,,,,TEST_COMPILE_INCOMPATIBLE
Time,6,org.joda.time.chrono.GJChronology,219,163.007,0,True,True,0,0,0,ERROR,4.255,4.251,,,,,,,,,,,,,,,,,,,,,,,,TEST_COMPILE_INCOMPATIBLE
Time,7,org.joda.time.format.DateTimeFormatter,499,163.906,0,True,True,0,0,0,ERROR,5.989,5.859,,,,,,,,,,,,,,,,,,,,,,,,TEST_COMPILE_INCOMPATIBLE
Time,8,org.joda.time.DateTimeZone,143,127.201,0,True,True,0,0,0,ERROR,4.335,4.198,,,,,,,,,,,,,,,,,,,,,,,,TEST_COMPILE_INCOMPATIBLE
Time,9,org.joda.time.DateTimeZone,148,117.946,0,True,True,0,0,0,ERROR,3.964,3.889,,,,,,,,,,,,,,,,,,,,,,,,TEST_COMPILE_INCOMPATIBLE
Time,10,org.joda.time.base.BaseSingleFieldPeriod,94,128.227,0,True,True,0,0,0,ERROR,3.852,3.98,,,,,,,,,,,,,,,,,,,,,,,,TEST_COMPILE_INCOMPATIBLE
Time,11,org.joda.time.tz.ZoneInfoCompiler,55,135.673,0,True,True,0,0,0,ERROR,4.114,4.259,,,,,,,,,,,,,,,,,,,,,,,,TEST_COMPILE_INCOMPATIBLE
Time,12,org.joda.time.LocalDate,709,130.533,0,True,True,0,0,0,ERROR,11.45,9.692,,,,,,,,,,,,,,,,,,,,,,,,TEST_COMPILE_INCOMPATIBLE
Time,12,org.joda.time.LocalDateTime,894,158.262,0,True,True,0,0,0,ERROR,11.45,9.692,,,,,,,,,,,,,,,,,,,,,,,,TEST_COMPILE_INCOMPATIBLE
Time,13,org.joda.time.format.PeriodFormatterBuilder,0,300.048,124,True,True,0,0,0,ERROR,,,,,,,,,,,,,,,,,,,,,,,,,,GENERATION_TIMEOUT
Time,14,org.joda.time.chrono.BasicMonthOfYearDateTimeField,136,140.982,0,True,True,0,0,0,NO,28.593,27.788,85,114,74.6,32,46,69.6,,,,,,,85,114,74.6,32,46,69.6,0.0,0.0,37.402,1.965,34.488,COVERAGE_FAILED
Time,15,org.joda.time.field.FieldUtils,62,41.004,0,True,True,0,0,0,NO,26.238,25.939,67,75,89.3,57,70,81.4,,,,,,,67,75,89.3,57,70,81.4,0.0,0.0,36.088,1.738,34.631,COVERAGE_FAILED
Time,16,org.joda.time.format.DateTimeFormatter,360,162.598,0,True,True,0,0,0,ERROR,5.985,6.127,,,,,,,,,,,,,,,,,,,,,,,,TEST_COMPILE_INCOMPATIBLE
Time,17,org.joda.time.DateTimeZone,154,125.701,0,True,True,0,0,0,NO,27.448,25.341,317,343,92.4,140,162,86.4,,,,,,,317,343,92.4,140,162,86.4,0.0,0.0,37.958,1.976,37.906,COVERAGE_FAILED
Time,18,org.joda.time.chrono.GJChronology,235,184.244,0,True,True,0,0,0,NO,29.194,30.733,284,344,82.6,107,152,70.4,,,,,,,284,344,82.6,107,152,70.4,0.0,0.0,34.998,2.114,32.914,COVERAGE_FAILED
Time,19,org.joda.time.DateTimeZone,164,129.52,0,True,True,0,0,0,NO,26.688,26.957,317,343,92.4,140,162,86.4,,,,,,,317,343,92.4,140,162,86.4,0.0,0.0,39.452,1.97,38.117,COVERAGE_FAILED
Time,20,org.joda.time.format.DateTimeFormatterBuilder,229,140.612,0,True,True,0,0,0,ERROR,5.282,7.333,,,,,,,,,,,,,,,,,,,,,,,,TEST_COMPILE_INCOMPATIBLE
Time,22,org.joda.time.base.BasePeriod,162,128.558,0,True,True,0,0,0,NO,39.385,40.594,171,171,100.0,55,58,94.8,,,,,,,171,171,100.0,55,58,94.8,0.0,0.0,46.878,2.19,47.556,COVERAGE_FAILED
Time,23,org.joda.time.DateTimeZone,150,118.168,0,True,True,0,0,0,NO,40.072,40.597,316,342,92.4,140,162,86.4,,,,,,,316,342,92.4,140,162,86.4,0.0,0.0,56.268,1.821,49.854,COVERAGE_FAILED
Time,24,org.joda.time.format.DateTimeParserBucket,454,165.563,0,True,True,0,0,0,NO,40.23,37.244,128,144,88.9,54,64,84.4,,,,,,,128,144,88.9,54,64,84.4,0.0,0.0,47.055,1.938,43.091,COVERAGE_FAILED
Time,25,org.joda.time.DateTimeZone,146,117.79,0,True,True,0,0,0,NO,37.45,41.944,303,328,92.4,131,152,86.2,,,,,,,303,328,92.4,131,152,86.2,0.0,0.0,53.659,1.893,53.185,COVERAGE_FAILED
Time,26,org.joda.time.chrono.ZonedChronology,252,161.306,0,True,True,0,0,0,NO,38.71,41.145,506,567,89.2,192,240,80.0,,,,,,,506,567,89.2,192,240,80.0,0.0,0.0,48.903,1.926,55.693,COVERAGE_FAILED
Time,26,org.joda.time.DateTimeZone,145,118.387,0,True,True,0,0,0,NO,38.71,41.145,506,567,89.2,192,240,80.0,,,,,,,506,567,89.2,192,240,80.0,0.0,0.0,48.903,1.926,55.693,COVERAGE_FAILED
Time,26,org.joda.time.field.LenientDateTimeField,60,130.48,0,True,True,0,0,0,NO,38.71,41.145,506,567,89.2,192,240,80.0,,,,,,,506,567,89.2,192,240,80.0,0.0,0.0,48.903,1.926,55.693,COVERAGE_FAILED
Time,27,org.joda.time.format.PeriodFormatterBuilder,244,66.12,0,True,True,0,0,0,NO,35.67,39.379,583,670,87.0,350,446,78.5,,,,,,,583,670,87.0,350,446,78.5,0.0,0.0,46.395,1.699,40.976,COVERAGE_FAILED
JacksonDatabind,1,com.fasterxml.jackson.databind.ser.BeanPropertyWriter,127,166.013,0,True,True,0,0,0,ERROR,2.238,2.125,,,,,,,,,,,,,,,,,,,,,,,,TEST_COMPILE_INCOMPATIBLE
JacksonDatabind,2,com.fasterxml.jackson.databind.util.TokenBuffer,381,155.783,0,True,True,0,0,0,ERROR,2.101,1.843,,,,,,,,,,,,,,,,,,,,,,,,TEST_COMPILE_INCOMPATIBLE
JacksonDatabind,3,com.fasterxml.jackson.databind.deser.std.StringArrayDeserializer,40,152.111,0,True,True,0,0,0,ERROR,1.883,2.023,,,,,,,,,,,,,,,,,,,,,,,,TEST_COMPILE_INCOMPATIBLE
JacksonDatabind,4,com.fasterxml.jackson.databind.deser.std.StringArrayDeserializer,56,152.363,0,True,True,0,0,0,ERROR,1.822,1.85,,,,,,,,,,,,,,,,,,,,,,,,TEST_COMPILE_INCOMPATIBLE
JacksonDatabind,5,com.fasterxml.jackson.databind.introspect.AnnotatedClass,148,178.784,0,True,True,0,0,0,ERROR,1.997,1.82,,,,,,,,,,,,,,,,,,,,,,,,TEST_COMPILE_INCOMPATIBLE
JacksonDatabind,6,com.fasterxml.jackson.databind.util.StdDateFormat,0,300.027,124,True,True,0,0,0,ERROR,,,,,,,,,,,,,,,,,,,,,,,,,,GENERATION_TIMEOUT
JacksonDatabind,7,com.fasterxml.jackson.databind.util.TokenBuffer,597,139.637,0,True,True,0,0,0,ERROR,1.95,1.776,,,,,,,,,,,,,,,,,,,,,,,,TEST_COMPILE_INCOMPATIBLE
JacksonDatabind,8,com.fasterxml.jackson.databind.deser.impl.CreatorCollector,175,31.856,0,True,True,0,0,0,ERROR,1.775,1.885,,,,,,,,,,,,,,,,,,,,,,,,TEST_COMPILE_INCOMPATIBLE
JacksonDatabind,9,com.fasterxml.jackson.databind.ser.std.StdKeySerializer,39,217.691,0,True,True,0,0,0,ERROR,2.054,1.93,,,,,,,,,,,,,,,,,,,,,,,,TEST_COMPILE_INCOMPATIBLE
JacksonDatabind,10,com.fasterxml.jackson.databind.ser.AnyGetterWriter,43,113.665,0,True,True,0,0,0,ERROR,1.872,1.898,,,,,,,,,,,,,,,,,,,,,,,,TEST_COMPILE_INCOMPATIBLE
JacksonDatabind,10,com.fasterxml.jackson.databind.ser.BeanSerializerFactory,92,137.879,0,True,True,0,0,0,ERROR,1.872,1.898,,,,,,,,,,,,,,,,,,,,,,,,TEST_COMPILE_INCOMPATIBLE
JacksonDatabind,11,com.fasterxml.jackson.databind.type.TypeFactory,164,132.71,0,True,True,0,0,0,ERROR,1.898,1.831,,,,,,,,,,,,,,,,,,,,,,,,TEST_COMPILE_INCOMPATIBLE
JacksonDatabind,12,com.fasterxml.jackson.databind.deser.std.MapDeserializer,202,139.216,0,True,True,0,0,0,ERROR,1.972,1.785,,,,,,,,,,,,,,,,,,,,,,,,TEST_COMPILE_INCOMPATIBLE
JacksonDatabind,13,com.fasterxml.jackson.databind.deser.DefaultDeserializationContext,54,131.692,0,True,True,0,0,0,ERROR,1.874,1.866,,,,,,,,,,,,,,,,,,,,,,,,TEST_COMPILE_INCOMPATIBLE
JacksonDatabind,13,com.fasterxml.jackson.databind.deser.impl.ObjectIdValueProperty,105,169.703,0,True,True,0,0,0,ERROR,1.874,1.866,,,,,,,,,,,,,,,,,,,,,,,,TEST_COMPILE_INCOMPATIBLE
JacksonDatabind,14,com.fasterxml.jackson.databind.ObjectReader,574,281.97,0,True,True,0,0,0,ERROR,2.049,1.877,,,,,,,,,,,,,,,,,,,,,,,,TEST_COMPILE_INCOMPATIBLE
JacksonDatabind,15,com.fasterxml.jackson.databind.JavaType,70,73.264,0,True,True,0,0,0,ERROR,2.115,1.852,,,,,,,,,,,,,,,,,,,,,,,,TEST_COMPILE_INCOMPATIBLE
JacksonDatabind,15,com.fasterxml.jackson.databind.ser.BeanSerializerFactory,103,138.731,0,True,True,0,0,0,ERROR,2.115,1.852,,,,,,,,,,,,,,,,,,,,,,,,TEST_COMPILE_INCOMPATIBLE
JacksonDatabind,15,com.fasterxml.jackson.databind.ser.std.BeanSerializerBase,111,162.25,0,True,True,0,0,0,ERROR,2.115,1.852,,,,,,,,,,,,,,,,,,,,,,,,TEST_COMPILE_INCOMPATIBLE
JacksonDatabind,15,com.fasterxml.jackson.databind.ser.std.StdDelegatingSerializer,49,153.606,0,True,True,0,0,0,ERROR,2.115,1.852,,,,,,,,,,,,,,,,,,,,,,,,TEST_COMPILE_INCOMPATIBLE
JacksonDatabind,15,com.fasterxml.jackson.databind.ser.std.StdSerializer,52,134.636,0,True,True,0,0,0,ERROR,2.115,1.852,,,,,,,,,,,,,,,,,,,,,,,,TEST_COMPILE_INCOMPATIBLE
JacksonDatabind,16,com.fasterxml.jackson.databind.introspect.AnnotationMap,9,12.044,0,True,True,0,0,0,ERROR,1.682,1.655,,,,,,,,,,,,,,,,,,,,,,,,TEST_COMPILE_INCOMPATIBLE
JacksonDatabind,17,com.fasterxml.jackson.databind.ObjectMapper,599,98.758,0,True,True,0,0,0,ERROR,2.268,1.925,,,,,,,,,,,,,,,,,,,,,,,,TEST_COMPILE_INCOMPATIBLE
JacksonDatabind,18,com.fasterxml.jackson.databind.MappingIterator,58,161.398,0,True,True,0,0,0,ERROR,1.804,1.933,,,,,,,,,,,,,,,,,,,,,,,,TEST_COMPILE_INCOMPATIBLE
JacksonDatabind,19,com.fasterxml.jackson.databind.type.TypeFactory,161,134.996,0,True,True,0,0,0,ERROR,2.084,1.952,,,,,,,,,,,,,,,,,,,,,,,,TEST_COMPILE_INCOMPATIBLE
JacksonDatabind,20,com.fasterxml.jackson.databind.node.ObjectNode,0,300.038,124,True,True,0,0,0,ERROR,,,,,,,,,,,,,,,,,,,,,,,,,,GENERATION_TIMEOUT
JacksonDatabind,21,com.fasterxml.jackson.databind.introspect.JacksonAnnotationIntrospector,86,22.285,0,True,True,0,0,0,ERROR,1.76,1.71,,,,,,,,,,,,,,,,,,,,,,,,TEST_COMPILE_INCOMPATIBLE
JacksonDatabind,22,com.fasterxml.jackson.databind.ser.BasicSerializerFactory,177,145.694,0,True,True,0,0,0,ERROR,2.073,1.768,,,,,,,,,,,,,,,,,,,,,,,,TEST_COMPILE_INCOMPATIBLE
JacksonDatabind,22,com.fasterxml.jackson.databind.ser.BeanSerializerFactory,142,140.139,0,True,True,0,0,0,ERROR,2.073,1.768,,,,,,,,,,,,,,,,,,,,,,,,TEST_COMPILE_INCOMPATIBLE
JacksonDatabind,23,com.fasterxml.jackson.databind.ser.std.NumberSerializers,4,116.919,0,True,True,2,2,0,NO,106.421,80.336,63,73,86.3,12,20,60.0,31,73,42.5,5,20,25.0,63,73,86.3,12,20,60.0,0.0,0.0,91.672,10.851,88.39,COMPLETED
JacksonDatabind,24,com.fasterxml.jackson.databind.cfg.BaseSettings,68,29.218,0,True,True,0,0,0,ERROR,1.767,1.688,,,,,,,,,,,,,,,,,,,,,,,,TEST_COMPILE_INCOMPATIBLE
JacksonDatabind,25,com.fasterxml.jackson.databind.deser.BasicDeserializerFactory,362,155.06,0,True,True,0,0,0,ERROR,2.093,2.012,,,,,,,,,,,,,,,,,,,,,,,,TEST_COMPILE_INCOMPATIBLE
JacksonDatabind,25,com.fasterxml.jackson.databind.deser.DeserializerCache,136,137.604,0,True,True,0,0,0,ERROR,2.093,2.012,,,,,,,,,,,,,,,,,,,,,,,,TEST_COMPILE_INCOMPATIBLE
JacksonDatabind,25,com.fasterxml.jackson.databind.jsontype.impl.TypeDeserializerBase,83,134.423,0,True,True,0,0,0,ERROR,2.093,2.012,,,,,,,,,,,,,,,,,,,,,,,,TEST_COMPILE_INCOMPATIBLE
JacksonDatabind,25,com.fasterxml.jackson.databind.module.SimpleAbstractTypeResolver,8,26.715,0,True,True,0,0,0,ERROR,2.093,2.012,,,,,,,,,,,,,,,,,,,,,,,,TEST_COMPILE_INCOMPATIBLE
JacksonDatabind,26,com.fasterxml.jackson.databind.ser.BeanPropertyWriter,175,147.327,0,True,True,0,0,0,ERROR,1.937,2.037,,,,,,,,,,,,,,,,,,,,,,,,TEST_COMPILE_INCOMPATIBLE
JacksonDatabind,27,com.fasterxml.jackson.databind.deser.BeanDeserializer,164,138.349,0,True,True,0,0,0,ERROR,1.824,1.949,,,,,,,,,,,,,,,,,,,,,,,,TEST_COMPILE_INCOMPATIBLE
JacksonDatabind,28,com.fasterxml.jackson.databind.deser.std.JsonNodeDeserializer,42,31.529,0,True,True,0,0,0,ERROR,1.896,1.741,,,,,,,,,,,,,,,,,,,,,,,,TEST_COMPILE_INCOMPATIBLE
JacksonDatabind,29,com.fasterxml.jackson.databind.deser.impl.ExternalTypeHandler,126,139.325,0,True,True,0,0,0,ERROR,2.072,1.801,,,,,,,,,,,,,,,,,,,,,,,,TEST_COMPILE_INCOMPATIBLE
JacksonDatabind,30,com.fasterxml.jackson.databind.ObjectMapper,648,99.1,0,True,True,0,0,0,ERROR,2.384,2.136,,,,,,,,,,,,,,,,,,,,,,,,TEST_COMPILE_INCOMPATIBLE
JacksonDatabind,30,com.fasterxml.jackson.databind.util.TokenBuffer,600,139.422,0,True,True,0,0,0,ERROR,2.384,2.136,,,,,,,,,,,,,,,,,,,,,,,,TEST_COMPILE_INCOMPATIBLE
JacksonDatabind,31,com.fasterxml.jackson.databind.util.TokenBuffer,627,137.418,0,True,True,0,0,0,ERROR,1.912,1.719,,,,,,,,,,,,,,,,,,,,,,,,TEST_COMPILE_INCOMPATIBLE
JacksonDatabind,32,com.fasterxml.jackson.databind.deser.std.UntypedObjectDeserializer,150,144.164,0,True,True,0,0,0,ERROR,1.969,1.819,,,,,,,,,,,,,,,,,,,,,,,,TEST_COMPILE_INCOMPATIBLE
JacksonDatabind,33,com.fasterxml.jackson.databind.introspect.JacksonAnnotationIntrospector,90,41.282,0,True,True,0,0,0,ERROR,1.638,1.7,,,,,,,,,,,,,,,,,,,,,,,,TEST_COMPILE_INCOMPATIBLE
JacksonDatabind,34,com.fasterxml.jackson.databind.ser.std.NumberSerializer,98,169.861,0,True,True,0,0,0,ERROR,1.913,1.964,,,,,,,,,,,,,,,,,,,,,,,,TEST_COMPILE_INCOMPATIBLE
JacksonDatabind,35,com.fasterxml.jackson.databind.jsontype.impl.AsWrapperTypeDeserializer,46,63.974,0,True,True,0,0,0,ERROR,1.826,1.84,,,,,,,,,,,,,,,,,,,,,,,,TEST_COMPILE_INCOMPATIBLE
JacksonDatabind,36,com.fasterxml.jackson.databind.util.StdDateFormat,168,161.266,0,True,True,0,0,0,ERROR,2.07,1.966,,,,,,,,,,,,,,,,,,,,,,,,TEST_COMPILE_INCOMPATIBLE
JacksonDatabind,37,com.fasterxml.jackson.databind.type.SimpleType,71,113.285,0,True,True,0,0,0,ERROR,1.825,1.867,,,,,,,,,,,,,,,,,,,,,,,,TEST_COMPILE_INCOMPATIBLE
JacksonDatabind,38,com.fasterxml.jackson.databind.type.CollectionType,126,116.174,0,True,True,0,0,0,ERROR,2.007,2.013,,,,,,,,,,,,,,,,,,,,,,,,TEST_COMPILE_INCOMPATIBLE
JacksonDatabind,38,com.fasterxml.jackson.databind.type.MapType,99,134.181,0,True,True,0,0,0,ERROR,2.007,2.013,,,,,,,,,,,,,,,,,,,,,,,,TEST_COMPILE_INCOMPATIBLE
JacksonDatabind,38,com.fasterxml.jackson.databind.type.SimpleType,0,300.045,124,True,True,0,0,0,ERROR,2.007,2.013,,,,,,,,,,,,,,,,,,,,,,,,GENERATION_TIMEOUT
JacksonDatabind,39,com.fasterxml.jackson.databind.deser.std.NullifyingDeserializer,105,114.866,0,True,True,0,0,0,ERROR,1.988,1.884,,,,,,,,,,,,,,,,,,,,,,,,TEST_COMPILE_INCOMPATIBLE
JacksonDatabind,40,com.fasterxml.jackson.databind.deser.std.NumberDeserializers,2,64.26,0,True,True,1,1,0,NO,114.163,83.791,187,219,85.4,101,130,77.7,8,219,3.7,2,130,1.5,187,219,85.4,101,130,77.7,0.0,0.0,94.749,10.281,100.522,COMPLETED
JacksonDatabind,41,com.fasterxml.jackson.databind.type.TypeFactory,162,123.009,0,True,True,0,0,0,ERROR,1.844,1.781,,,,,,,,,,,,,,,,,,,,,,,,TEST_COMPILE_INCOMPATIBLE
JacksonDatabind,42,com.fasterxml.jackson.databind.deser.std.FromStringDeserializer,55,139.491,0,True,True,0,0,0,ERROR,2.062,1.94,,,,,,,,,,,,,,,,,,,,,,,,TEST_COMPILE_INCOMPATIBLE
JacksonDatabind,43,com.fasterxml.jackson.databind.deser.impl.ObjectIdValueProperty,101,154.121,0,True,True,0,0,0,ERROR,1.859,1.782,,,,,,,,,,,,,,,,,,,,,,,,TEST_COMPILE_INCOMPATIBLE
JacksonDatabind,44,com.fasterxml.jackson.databind.type.SimpleType,70,137.225,0,True,True,0,0,0,ERROR,1.992,1.625,,,,,,,,,,,,,,,,,,,,,,,,TEST_COMPILE_INCOMPATIBLE
JacksonDatabind,45,com.fasterxml.jackson.databind.ser.std.DateTimeSerializerBase,76,156.574,0,True,True,0,0,0,ERROR,2.119,2.123,,,,,,,,,,,,,,,,,,,,,,,,TEST_COMPILE_INCOMPATIBLE
JacksonDatabind,46,com.fasterxml.jackson.databind.type.ReferenceType,117,132.873,0,True,True,0,0,0,ERROR,1.948,1.868,,,,,,,,,,,,,,,,,,,,,,,,TEST_COMPILE_INCOMPATIBLE
JacksonDatabind,47,com.fasterxml.jackson.databind.AnnotationIntrospector,178,22.606,0,True,True,0,0,0,ERROR,1.65,1.902,,,,,,,,,,,,,,,,,,,,,,,,TEST_COMPILE_INCOMPATIBLE
JacksonDatabind,48,com.fasterxml.jackson.databind.DeserializationConfig,220,203.858,0,True,True,0,0,0,ERROR,2.243,2.122,,,,,,,,,,,,,,,,,,,,,,,,TEST_COMPILE_INCOMPATIBLE
JacksonDatabind,48,com.fasterxml.jackson.databind.SerializationConfig,204,122.805,0,True,True,0,0,0,ERROR,2.243,2.122,,,,,,,,,,,,,,,,,,,,,,,,TEST_COMPILE_INCOMPATIBLE
JacksonDatabind,49,com.fasterxml.jackson.databind.ser.impl.WritableObjectId,36,145.167,0,True,True,0,0,0,ERROR,1.932,1.808,,,,,,,,,,,,,,,,,,,,,,,,TEST_COMPILE_INCOMPATIBLE
JacksonDatabind,50,com.fasterxml.jackson.databind.deser.BeanDeserializer,151,139.211,0,True,True,0,0,0,ERROR,1.924,1.759,,,,,,,,,,,,,,,,,,,,,,,,TEST_COMPILE_INCOMPATIBLE
JacksonDatabind,51,com.fasterxml.jackson.databind.jsontype.impl.TypeDeserializerBase,76,135.981,0,True,True,0,0,0,ERROR,1.824,1.818,,,,,,,,,,,,,,,,,,,,,,,,TEST_COMPILE_INCOMPATIBLE
JacksonDatabind,52,com.fasterxml.jackson.databind.deser.BeanDeserializerBase,379,184.851,0,True,True,0,0,0,ERROR,2.098,1.948,,,,,,,,,,,,,,,,,,,,,,,,TEST_COMPILE_INCOMPATIBLE
JacksonDatabind,52,com.fasterxml.jackson.databind.deser.impl.ExternalTypeHandler,157,138.516,0,True,True,0,0,0,ERROR,2.098,1.948,,,,,,,,,,,,,,,,,,,,,,,,TEST_COMPILE_INCOMPATIBLE
JacksonDatabind,53,com.fasterxml.jackson.databind.type.TypeBindings,69,150.374,0,True,True,0,0,0,ERROR,1.866,2.026,,,,,,,,,,,,,,,,,,,,,,,,TEST_COMPILE_INCOMPATIBLE
JacksonDatabind,53,com.fasterxml.jackson.databind.type.TypeFactory,174,144.264,0,True,True,0,0,0,ERROR,1.866,2.026,,,,,,,,,,,,,,,,,,,,,,,,TEST_COMPILE_INCOMPATIBLE
JacksonDatabind,54,com.fasterxml.jackson.databind.ser.PropertyBuilder,134,150.701,0,True,True,0,0,0,ERROR,1.928,1.778,,,,,,,,,,,,,,,,,,,,,,,,TEST_COMPILE_INCOMPATIBLE
JacksonDatabind,55,com.fasterxml.jackson.databind.ser.std.StdKeySerializers,6,14.359,0,True,True,0,0,0,ERROR,1.852,1.75,,,,,,,,,,,,,,,,,,,,,,,,TEST_COMPILE_INCOMPATIBLE
JacksonDatabind,56,com.fasterxml.jackson.databind.deser.std.FromStringDeserializer,26,151.874,0,True,True,0,0,0,ERROR,2.073,1.918,,,,,,,,,,,,,,,,,,,,,,,,TEST_COMPILE_INCOMPATIBLE
JacksonDatabind,57,com.fasterxml.jackson.databind.ObjectReader,728,143.315,0,True,True,0,0,0,ERROR,2.171,1.924,,,,,,,,,,,,,,,,,,,,,,,,TEST_COMPILE_INCOMPATIBLE
JacksonDatabind,58,com.fasterxml.jackson.databind.deser.BeanDeserializerFactory,75,137.184,0,True,True,0,0,0,ERROR,1.928,1.65,,,,,,,,,,,,,,,,,,,,,,,,TEST_COMPILE_INCOMPATIBLE
JacksonDatabind,59,com.fasterxml.jackson.databind.JavaType,66,135.586,0,True,True,0,0,0,ERROR,2.016,1.966,,,,,,,,,,,,,,,,,,,,,,,,TEST_COMPILE_INCOMPATIBLE
JacksonDatabind,59,com.fasterxml.jackson.databind.type.CollectionLikeType,103,147.552,0,True,True,0,0,0,ERROR,2.016,1.966,,,,,,,,,,,,,,,,,,,,,,,,TEST_COMPILE_INCOMPATIBLE
JacksonDatabind,59,com.fasterxml.jackson.databind.type.MapLikeType,134,145.669,0,True,True,0,0,0,ERROR,2.016,1.966,,,,,,,,,,,,,,,,,,,,,,,,TEST_COMPILE_INCOMPATIBLE
JacksonDatabind,59,com.fasterxml.jackson.databind.type.TypeFactory,180,126.89,0,True,True,0,0,0,ERROR,2.016,1.966,,,,,,,,,,,,,,,,,,,,,,,,TEST_COMPILE_INCOMPATIBLE
JacksonDatabind,60,com.fasterxml.jackson.databind.ser.std.JsonValueSerializer,28,126.789,0,True,True,0,0,0,ERROR,1.727,1.796,,,,,,,,,,,,,,,,,,,,,,,,TEST_COMPILE_INCOMPATIBLE
JacksonDatabind,61,com.fasterxml.jackson.databind.ObjectMapper,624,101.488,0,True,True,0,0,0,ERROR,2.552,2.226,,,,,,,,,,,,,,,,,,,,,,,,TEST_COMPILE_INCOMPATIBLE
JacksonDatabind,61,com.fasterxml.jackson.databind.jsontype.impl.StdTypeResolverBuilder,57,132.701,0,True,True,0,0,0,ERROR,2.552,2.226,,,,,,,,,,,,,,,,,,,,,,,,TEST_COMPILE_INCOMPATIBLE
JacksonDatabind,62,com.fasterxml.jackson.databind.deser.std.CollectionDeserializer,53,144.415,0,True,True,0,0,0,ERROR,1.826,1.68,,,,,,,,,,,,,,,,,,,,,,,,TEST_COMPILE_INCOMPATIBLE
JacksonDatabind,63,com.fasterxml.jackson.databind.JsonMappingException,69,125.212,0,True,True,0,0,0,ERROR,1.914,1.725,,,,,,,,,,,,,,,,,,,,,,,,TEST_COMPILE_INCOMPATIBLE
JacksonDatabind,64,com.fasterxml.jackson.databind.ser.PropertyBuilder,80,146.026,0,True,True,0,0,0,ERROR,1.911,1.783,,,,,,,,,,,,,,,,,,,,,,,,TEST_COMPILE_INCOMPATIBLE
JacksonDatabind,66,com.fasterxml.jackson.databind.deser.std.StdKeyDeserializer,185,66.241,0,True,True,0,0,0,ERROR,1.723,1.71,,,,,,,,,,,,,,,,,,,,,,,,TEST_COMPILE_INCOMPATIBLE
JacksonDatabind,67,com.fasterxml.jackson.databind.deser.BasicDeserializerFactory,0,300.031,124,True,True,0,0,0,ERROR,,,,,,,,,,,,,,,,,,,,,,,,,,GENERATION_TIMEOUT
JacksonDatabind,68,com.fasterxml.jackson.databind.deser.BeanDeserializerBase,341,203.626,0,True,True,0,0,0,ERROR,1.979,1.838,,,,,,,,,,,,,,,,,,,,,,,,TEST_COMPILE_INCOMPATIBLE
JacksonDatabind,69,com.fasterxml.jackson.databind.deser.impl.CreatorCollector,133,52.811,0,True,True,0,0,0,ERROR,1.716,1.602,,,,,,,,,,,,,,,,,,,,,,,,TEST_COMPILE_INCOMPATIBLE
JacksonDatabind,70,com.fasterxml.jackson.databind.deser.impl.BeanPropertyMap,0,300.048,124,True,True,0,0,0,ERROR,,,,,,,,,,,,,,,,,,,,,,,,,,GENERATION_TIMEOUT
JacksonDatabind,71,com.fasterxml.jackson.databind.deser.std.StdKeyDeserializer,163,62.071,0,True,True,0,0,0,ERROR,1.706,1.837,,,,,,,,,,,,,,,,,,,,,,,,TEST_COMPILE_INCOMPATIBLE
JacksonDatabind,72,com.fasterxml.jackson.databind.deser.impl.InnerClassProperty,120,144.28,0,True,True,0,0,0,ERROR,2.02,1.739,,,,,,,,,,,,,,,,,,,,,,,,TEST_COMPILE_INCOMPATIBLE
JacksonDatabind,73,com.fasterxml.jackson.databind.introspect.POJOPropertiesCollector,142,140.122,0,True,True,0,0,0,ERROR,2.103,1.793,,,,,,,,,,,,,,,,,,,,,,,,TEST_COMPILE_INCOMPATIBLE
JacksonDatabind,73,com.fasterxml.jackson.databind.introspect.POJOPropertyBuilder,0,144.29,1,True,True,0,0,0,ERROR,2.103,1.793,,,,,,,,,,,,,,,,,,,,,,,,GENERATION_FAILED
JacksonDatabind,74,com.fasterxml.jackson.databind.jsontype.impl.AsPropertyTypeDeserializer,86,141.638,0,True,True,0,0,0,ERROR,1.792,1.981,,,,,,,,,,,,,,,,,,,,,,,,TEST_COMPILE_INCOMPATIBLE
JacksonDatabind,75,com.fasterxml.jackson.databind.ser.std.EnumSerializer,68,169.51,0,True,True,0,0,0,ERROR,1.913,1.791,,,,,,,,,,,,,,,,,,,,,,,,TEST_COMPILE_INCOMPATIBLE
JacksonDatabind,76,com.fasterxml.jackson.databind.deser.BuilderBasedDeserializer,107,141.052,0,True,True,0,0,0,ERROR,1.863,1.866,,,,,,,,,,,,,,,,,,,,,,,,TEST_COMPILE_INCOMPATIBLE
JacksonDatabind,77,com.fasterxml.jackson.databind.deser.BeanDeserializerFactory,76,138.009,0,True,True,0,0,0,ERROR,1.802,1.708,,,,,,,,,,,,,,,,,,,,,,,,TEST_COMPILE_INCOMPATIBLE
JacksonDatabind,78,com.fasterxml.jackson.databind.deser.BeanDeserializerFactory,76,136.707,0,True,True,0,0,0,ERROR,1.875,1.697,,,,,,,,,,,,,,,,,,,,,,,,TEST_COMPILE_INCOMPATIBLE
JacksonDatabind,79,com.fasterxml.jackson.databind.introspect.JacksonAnnotationIntrospector,101,58.497,0,True,True,0,0,0,ERROR,1.866,1.737,,,,,,,,,,,,,,,,,,,,,,,,TEST_COMPILE_INCOMPATIBLE
JacksonDatabind,79,com.fasterxml.jackson.databind.introspect.ObjectIdInfo,10,23.785,0,True,True,0,0,0,ERROR,1.866,1.737,,,,,,,,,,,,,,,,,,,,,,,,TEST_COMPILE_INCOMPATIBLE
JacksonDatabind,79,com.fasterxml.jackson.databind.ser.std.BeanSerializerBase,84,153.283,0,True,True,0,0,0,ERROR,1.866,1.737,,,,,,,,,,,,,,,,,,,,,,,,TEST_COMPILE_INCOMPATIBLE
JacksonDatabind,80,com.fasterxml.jackson.databind.jsontype.impl.StdSubtypeResolver,61,131.758,0,True,True,0,0,0,ERROR,1.869,1.848,,,,,,,,,,,,,,,,,,,,,,,,TEST_COMPILE_INCOMPATIBLE
JacksonDatabind,81,com.fasterxml.jackson.databind.introspect.JacksonAnnotationIntrospector,109,65.997,0,True,True,0,0,0,ERROR,1.66,1.867,,,,,,,,,,,,,,,,,,,,,,,,TEST_COMPILE_INCOMPATIBLE
JacksonDatabind,82,com.fasterxml.jackson.databind.deser.BeanDeserializerFactory,79,137.02,0,True,True,0,0,0,ERROR,1.857,1.792,,,,,,,,,,,,,,,,,,,,,,,,TEST_COMPILE_INCOMPATIBLE
JacksonDatabind,83,com.fasterxml.jackson.databind.deser.std.FromStringDeserializer,146,169.517,0,True,True,0,0,0,ERROR,2.171,1.922,,,,,,,,,,,,,,,,,,,,,,,,TEST_COMPILE_INCOMPATIBLE
JacksonDatabind,84,com.fasterxml.jackson.databind.type.ResolvedRecursiveType,45,174.822,0,True,True,0,0,0,ERROR,2.223,2.162,,,,,,,,,,,,,,,,,,,,,,,,TEST_COMPILE_INCOMPATIBLE
JacksonDatabind,85,com.fasterxml.jackson.databind.ser.std.DateTimeSerializerBase,64,160.929,0,True,True,0,0,0,ERROR,1.91,1.906,,,,,,,,,,,,,,,,,,,,,,,,TEST_COMPILE_INCOMPATIBLE
JacksonDatabind,86,com.fasterxml.jackson.databind.type.ResolvedRecursiveType,44,199.913,0,True,True,0,0,0,ERROR,1.872,1.927,,,,,,,,,,,,,,,,,,,,,,,,TEST_COMPILE_INCOMPATIBLE
JacksonDatabind,87,com.fasterxml.jackson.databind.util.StdDateFormat,0,300.046,124,True,True,0,0,0,ERROR,,,,,,,,,,,,,,,,,,,,,,,,,,GENERATION_TIMEOUT
JacksonDatabind,88,com.fasterxml.jackson.databind.jsontype.impl.ClassNameIdResolver,31,141.657,0,True,True,0,0,0,ERROR,1.906,1.732,,,,,,,,,,,,,,,,,,,,,,,,TEST_COMPILE_INCOMPATIBLE
JacksonDatabind,90,com.fasterxml.jackson.databind.deser.ValueInstantiator,130,151.215,0,True,True,0,0,0,ERROR,2.237,2.009,,,,,,,,,,,,,,,,,,,,,,,,TEST_COMPILE_INCOMPATIBLE
JacksonDatabind,90,com.fasterxml.jackson.databind.deser.std.StdValueInstantiator,66,144.624,0,True,True,0,0,0,ERROR,2.237,2.009,,,,,,,,,,,,,,,,,,,,,,,,TEST_COMPILE_INCOMPATIBLE
JacksonDatabind,91,com.fasterxml.jackson.databind.deser.DeserializerCache,130,134.938,0,True,True,0,0,0,ERROR,1.815,1.74,,,,,,,,,,,,,,,,,,,,,,,,TEST_COMPILE_INCOMPATIBLE
JacksonDatabind,92,com.fasterxml.jackson.databind.deser.BeanDeserializerFactory,69,136.209,0,True,True,0,0,0,ERROR,1.788,1.663,,,,,,,,,,,,,,,,,,,,,,,,TEST_COMPILE_INCOMPATIBLE
JacksonDatabind,93,com.fasterxml.jackson.databind.jsontype.impl.SubTypeValidator,5,21.065,0,True,True,0,0,0,ERROR,1.831,1.775,,,,,,,,,,,,,,,,,,,,,,,,TEST_COMPILE_INCOMPATIBLE
JacksonDatabind,94,com.fasterxml.jackson.databind.jsontype.impl.SubTypeValidator,5,19.064,0,True,True,0,0,0,ERROR,1.585,1.615,,,,,,,,,,,,,,,,,,,,,,,,TEST_COMPILE_INCOMPATIBLE
JacksonDatabind,95,com.fasterxml.jackson.databind.type.TypeFactory,194,126.785,0,True,True,0,0,0,ERROR,2.178,2.044,,,,,,,,,,,,,,,,,,,,,,,,TEST_COMPILE_INCOMPATIBLE
JacksonDatabind,95,com.fasterxml.jackson.databind.type.TypeParser,0,300.017,124,True,True,0,0,0,ERROR,2.178,2.044,,,,,,,,,,,,,,,,,,,,,,,,GENERATION_TIMEOUT
JacksonDatabind,96,com.fasterxml.jackson.databind.deser.BasicDeserializerFactory,412,138.311,0,True,True,0,0,0,ERROR,1.957,1.838,,,,,,,,,,,,,,,,,,,,,,,,TEST_COMPILE_INCOMPATIBLE
JacksonDatabind,97,com.fasterxml.jackson.databind.node.POJONode,81,227.595,0,True,True,0,0,0,ERROR,2.01,1.92,,,,,,,,,,,,,,,,,,,,,,,,TEST_COMPILE_INCOMPATIBLE
JacksonDatabind,98,com.fasterxml.jackson.databind.deser.impl.ExternalTypeHandler,125,142.223,0,True,True,0,0,0,ERROR,2.126,2.029,,,,,,,,,,,,,,,,,,,,,,,,TEST_COMPILE_INCOMPATIBLE
JacksonDatabind,99,com.fasterxml.jackson.databind.type.ReferenceType,0,300.031,124,True,True,0,0,0,ERROR,,,,,,,,,,,,,,,,,,,,,,,,,,GENERATION_TIMEOUT
JacksonDatabind,100,com.fasterxml.jackson.databind.node.TreeTraversingParser,243,129.455,0,True,True,0,0,0,ERROR,1.99,1.756,,,,,,,,,,,,,,,,,,,,,,,,TEST_COMPILE_INCOMPATIBLE
JacksonDatabind,101,com.fasterxml.jackson.databind.deser.BeanDeserializer,160,141.033,0,True,True,0,0,0,ERROR,2.01,1.801,,,,,,,,,,,,,,,,,,,,,,,,TEST_COMPILE_INCOMPATIBLE
JacksonDatabind,102,com.fasterxml.jackson.databind.ser.std.DateTimeSerializerBase,45,194.094,0,True,True,0,0,0,ERROR,2.206,1.83,,,,,,,,,,,,,,,,,,,,,,,,TEST_COMPILE_INCOMPATIBLE
JacksonDatabind,103,com.fasterxml.jackson.databind.DatabindContext,50,66.624,0,True,True,0,0,0,ERROR,2.559,2.41,,,,,,,,,,,,,,,,,,,,,,,,TEST_COMPILE_INCOMPATIBLE
JacksonDatabind,103,com.fasterxml.jackson.databind.DeserializationContext,220,165.423,0,True,True,0,0,0,ERROR,2.559,2.41,,,,,,,,,,,,,,,,,,,,,,,,TEST_COMPILE_INCOMPATIBLE
JacksonDatabind,103,com.fasterxml.jackson.databind.JsonMappingException,69,125.657,0,True,True,0,0,0,ERROR,2.559,2.41,,,,,,,,,,,,,,,,,,,,,,,,TEST_COMPILE_INCOMPATIBLE
JacksonDatabind,103,com.fasterxml.jackson.databind.SerializerProvider,435,144.602,0,True,True,0,0,0,ERROR,2.559,2.41,,,,,,,,,,,,,,,,,,,,,,,,TEST_COMPILE_INCOMPATIBLE
JacksonDatabind,103,com.fasterxml.jackson.databind.deser.BasicDeserializerFactory,367,152.058,0,True,True,0,0,0,ERROR,2.559,2.41,,,,,,,,,,,,,,,,,,,,,,,,TEST_COMPILE_INCOMPATIBLE
JacksonDatabind,103,com.fasterxml.jackson.databind.deser.BeanDeserializerFactory,77,160.434,0,True,True,0,0,0,ERROR,2.559,2.41,,,,,,,,,,,,,,,,,,,,,,,,TEST_COMPILE_INCOMPATIBLE
JacksonDatabind,103,com.fasterxml.jackson.databind.deser.DeserializerCache,140,139.263,0,True,True,0,0,0,ERROR,2.559,2.41,,,,,,,,,,,,,,,,,,,,,,,,TEST_COMPILE_INCOMPATIBLE
JacksonDatabind,103,com.fasterxml.jackson.databind.deser.SettableAnyProperty,55,138.217,0,True,True,0,0,0,ERROR,2.559,2.41,,,,,,,,,,,,,,,,,,,,,,,,TEST_COMPILE_INCOMPATIBLE
JacksonDatabind,103,com.fasterxml.jackson.databind.deser.SettableBeanProperty,104,152.55,0,True,True,0,0,0,ERROR,2.559,2.41,,,,,,,,,,,,,,,,,,,,,,,,TEST_COMPILE_INCOMPATIBLE
JacksonDatabind,103,com.fasterxml.jackson.databind.deser.std.StdDeserializer,460,141.015,0,True,True,0,0,0,ERROR,2.559,2.41,,,,,,,,,,,,,,,,,,,,,,,,TEST_COMPILE_INCOMPATIBLE
JacksonDatabind,103,com.fasterxml.jackson.databind.deser.std.StdKeyDeserializer,186,158.158,0,True,True,0,0,0,ERROR,2.559,2.41,,,,,,,,,,,,,,,,,,,,,,,,TEST_COMPILE_INCOMPATIBLE
JacksonDatabind,103,com.fasterxml.jackson.databind.deser.std.StdValueInstantiator,82,155.781,0,True,True,0,0,0,ERROR,2.559,2.41,,,,,,,,,,,,,,,,,,,,,,,,TEST_COMPILE_INCOMPATIBLE
JacksonDatabind,103,com.fasterxml.jackson.databind.introspect.BasicBeanDescription,190,147.649,0,True,True,0,0,0,ERROR,2.559,2.41,,,,,,,,,,,,,,,,,,,,,,,,TEST_COMPILE_INCOMPATIBLE
JacksonDatabind,103,com.fasterxml.jackson.databind.ser.DefaultSerializerProvider,57,169.372,0,True,True,0,0,0,ERROR,2.559,2.41,,,,,,,,,,,,,,,,,,,,,,,,TEST_COMPILE_INCOMPATIBLE
JacksonDatabind,103,com.fasterxml.jackson.databind.ser.PropertyBuilder,50,154.171,0,True,True,0,0,0,ERROR,2.559,2.41,,,,,,,,,,,,,,,,,,,,,,,,TEST_COMPILE_INCOMPATIBLE
JacksonDatabind,103,com.fasterxml.jackson.databind.util.ClassUtil,158,143.322,0,True,True,0,0,0,ERROR,2.559,2.41,,,,,,,,,,,,,,,,,,,,,,,,TEST_COMPILE_INCOMPATIBLE
JacksonDatabind,104,com.fasterxml.jackson.databind.util.StdDateFormat,223,137.798,0,True,True,0,0,0,ERROR,1.964,1.833,,,,,,,,,,,,,,,,,,,,,,,,TEST_COMPILE_INCOMPATIBLE
JacksonDatabind,105,com.fasterxml.jackson.databind.deser.std.JdkDeserializers,2,50.634,0,True,True,0,0,0,NO,143.917,143.465,18,19,94.7,11,12,91.7,7,19,36.8,1,12,8.3,18,19,94.7,11,12,91.7,0.0,0.0,144.595,10.713,148.148,COMPLETED
JacksonDatabind,106,com.fasterxml.jackson.databind.node.TreeTraversingParser,230,133.383,0,True,True,0,0,0,ERROR,2.128,2.086,,,,,,,,,,,,,,,,,,,,,,,,TEST_COMPILE_INCOMPATIBLE
JacksonDatabind,107,com.fasterxml.jackson.databind.jsontype.impl.TypeDeserializerBase,146,132.394,0,True,True,0,0,0,ERROR,1.973,1.777,,,,,,,,,,,,,,,,,,,,,,,,TEST_COMPILE_INCOMPATIBLE
JacksonDatabind,108,com.fasterxml.jackson.databind.ObjectReader,693,118.689,0,True,True,0,0,0,ERROR,2.091,2.008,,,,,,,,,,,,,,,,,,,,,,,,TEST_COMPILE_INCOMPATIBLE
JacksonDatabind,109,com.fasterxml.jackson.databind.ser.std.NumberSerializer,34,191.902,0,True,True,0,0,0,ERROR,2.043,1.978,,,,,,,,,,,,,,,,,,,,,,,,TEST_COMPILE_INCOMPATIBLE
JacksonDatabind,109,com.fasterxml.jackson.databind.ser.std.NumberSerializers,4,83.797,0,True,True,0,0,0,ERROR,2.043,1.978,,,,,,,,,,,,,,,,,,,,,,,,TEST_COMPILE_INCOMPATIBLE
JacksonDatabind,110,com.fasterxml.jackson.databind.deser.impl.JavaUtilCollectionsDeserializers,6,13.242,0,True,True,0,0,0,ERROR,1.738,1.882,,,,,,,,,,,,,,,,,,,,,,,,TEST_COMPILE_INCOMPATIBLE
JacksonDatabind,111,com.fasterxml.jackson.databind.deser.CreatorProperty,90,145.059,0,True,True,0,0,0,ERROR,2.258,2.151,,,,,,,,,,,,,,,,,,,,,,,,TEST_COMPILE_INCOMPATIBLE
JacksonDatabind,111,com.fasterxml.jackson.databind.deser.impl.FieldProperty,61,167.173,0,True,True,0,0,0,ERROR,2.258,2.151,,,,,,,,,,,,,,,,,,,,,,,,TEST_COMPILE_INCOMPATIBLE
JacksonDatabind,111,com.fasterxml.jackson.databind.deser.impl.MethodProperty,62,153.982,0,True,True,0,0,0,ERROR,2.258,2.151,,,,,,,,,,,,,,,,,,,,,,,,TEST_COMPILE_INCOMPATIBLE
JacksonDatabind,111,com.fasterxml.jackson.databind.deser.impl.ObjectIdReferenceProperty,125,187.985,0,True,True,0,0,0,ERROR,2.258,2.151,,,,,,,,,,,,,,,,,,,,,,,,TEST_COMPILE_INCOMPATIBLE
JacksonDatabind,111,com.fasterxml.jackson.databind.deser.impl.ObjectIdValueProperty,154,199.171,0,True,True,0,0,0,ERROR,2.258,2.151,,,,,,,,,,,,,,,,,,,,,,,,TEST_COMPILE_INCOMPATIBLE
JacksonDatabind,111,com.fasterxml.jackson.databind.deser.impl.SetterlessProperty,35,145.056,0,True,True,0,0,0,ERROR,2.258,2.151,,,,,,,,,,,,,,,,,,,,,,,,TEST_COMPILE_INCOMPATIBLE
JacksonDatabind,111,com.fasterxml.jackson.databind.deser.std.AtomicReferenceDeserializer,10,15.889,0,True,True,0,0,0,ERROR,2.258,2.151,,,,,,,,,,,,,,,,,,,,,,,,TEST_COMPILE_INCOMPATIBLE
JacksonDatabind,112,com.fasterxml.jackson.databind.deser.std.StringCollectionDeserializer,101,179.964,0,True,True,0,0,0,ERROR,2.254,1.968,,,,,,,,,,,,,,,,,,,,,,,,TEST_COMPILE_INCOMPATIBLE
Mockito,1,org.mockito.internal.invocation.InvocationMatcher,37,141.864,0,True,True,0,0,0,ERROR,120.721,121.003,,,,,,,,,,,,,,,,,,,,,,,,TEST_COMPILE_INCOMPATIBLE
Mockito,2,org.mockito.internal.util.Timer,6,17.132,0,True,True,0,0,0,ERROR,39.41,39.764,,,,,,,,,,,,,,,,,,,,,,,,TEST_COMPILE_INCOMPATIBLE
Mockito,3,org.mockito.internal.invocation.InvocationMatcher,42,141.319,0,True,True,0,0,0,ERROR,26.95,26.167,,,,,,,,,,,,,,,,,,,,,,,,TEST_COMPILE_INCOMPATIBLE
Mockito,4,org.mockito.exceptions.Reporter,122,126.57,0,True,True,0,0,0,ERROR,26.577,25.049,,,,,,,,,,,,,,,,,,,,,,,,TEST_COMPILE_INCOMPATIBLE
Mockito,5,org.mockito.internal.verification.VerificationOverTimeImpl,13,16.274,0,True,True,0,0,0,ERROR,24.865,24.833,,,,,,,,,,,,,,,,,,,,,,,,TEST_COMPILE_INCOMPATIBLE
Mockito,6,org.mockito.Matchers,1,131.88,0,True,True,0,0,0,ERROR,26.109,25.326,,,,,,,,,,,,,,,,,,,,,,,,TEST_COMPILE_INCOMPATIBLE
Mockito,7,org.mockito.internal.util.reflection.GenericMetadataSupport,0,130.407,1,True,True,0,0,0,ERROR,,,,,,,,,,,,,,,,,,,,,,,,,,GENERATION_FAILED
Mockito,8,org.mockito.internal.util.reflection.GenericMetadataSupport,0,130.378,1,True,True,0,0,0,ERROR,,,,,,,,,,,,,,,,,,,,,,,,,,GENERATION_FAILED
Mockito,9,org.mockito.internal.stubbing.answers.CallsRealMethods,2,35.577,0,True,True,0,0,0,ERROR,24.527,24.588,,,,,,,,,,,,,,,,,,,,,,,,TEST_COMPILE_INCOMPATIBLE
Mockito,12,org.mockito.internal.util.reflection.GenericMaster,0,11.935,0,True,True,0,0,0,NO,19.854,19.815,6,6,100.0,3,4,75.0,0,6,0.0,0,4,0.0,6,6,100.0,3,4,75.0,0.0,0.0,26.503,14.922,25.541,COMPLETED
Mockito,13,org.mockito.internal.MockHandler,20,113.994,0,True,True,0,0,0,ERROR,6.196,5.905,,,,,,,,,,,,,,,,,,,,,,,,TEST_COMPILE_INCOMPATIBLE
Mockito,14,org.mockito.internal.MockHandler,20,103.753,0,True,True,0,0,0,ERROR,8.787,8.014,,,,,,,,,,,,,,,,,,,,,,,,TEST_COMPILE_INCOMPATIBLE
Mockito,14,org.mockito.internal.MockitoCore,118,149.745,0,True,True,0,0,0,ERROR,8.787,8.014,,,,,,,,,,,,,,,,,,,,,,,,TEST_COMPILE_INCOMPATIBLE
Mockito,15,org.mockito.internal.configuration.injection.FinalMockCandidateFilter,4,103.889,0,True,True,0,0,0,ERROR,6.206,5.959,,,,,,,,,,,,,,,,,,,,,,,,TEST_COMPILE_INCOMPATIBLE
Mockito,16,org.mockito.internal.MockitoCore,84,11063.374,0,True,True,0,0,0,ERROR,10.111,8.644,,,,,,,,,,,,,,,,,,,,,,,,TEST_COMPILE_INCOMPATIBLE
Mockito,16,org.mockito.Mockito,78,154.63,0,True,True,0,0,0,ERROR,10.111,8.644,,,,,,,,,,,,,,,,,,,,,,,,TEST_COMPILE_INCOMPATIBLE
Mockito,17,org.mockito.internal.creation.MockSettingsImpl,3,91.944,0,True,True,0,0,0,ERROR,5.839,5.479,,,,,,,,,,,,,,,,,,,,,,,,TEST_COMPILE_INCOMPATIBLE
Mockito,17,org.mockito.internal.util.MockUtil,10,124.609,0,True,True,0,0,0,ERROR,5.839,5.479,,,,,,,,,,,,,,,,,,,,,,,,TEST_COMPILE_INCOMPATIBLE
Mockito,18,org.mockito.internal.stubbing.defaultanswers.ReturnsEmptyValues,1,88.816,0,True,True,0,0,0,ERROR,47.001,42.657,,,,,,,,,,,,,,,,,,,,,,,,TEST_COMPILE_INCOMPATIBLE
Mockito,19,org.mockito.internal.configuration.injection.filter.FinalMockCandidateFilter,3,143.902,0,True,True,0,0,0,ERROR,77.148,75.68,,,,,,,,,,,,,,,,,,,,,,,,TEST_COMPILE_INCOMPATIBLE
Mockito,19,org.mockito.internal.configuration.injection.filter.MockCandidateFilter,0,10.155,1,True,True,0,0,0,ERROR,77.148,75.68,,,,,,,,,,,,,,,,,,,,,,,,GENERATION_FAILED
Mockito,19,org.mockito.internal.configuration.injection.filter.NameBasedCandidateFilter,0,141.861,0,True,True,0,0,0,ERROR,77.148,75.68,,,,,,,,,,,,,,,,,,,,,,,,TEST_COMPILE_INCOMPATIBLE
Mockito,19,org.mockito.internal.configuration.injection.filter.TypeBasedCandidateFilter,0,157.703,0,True,True,0,0,0,ERROR,77.148,75.68,,,,,,,,,,,,,,,,,,,,,,,,TEST_COMPILE_INCOMPATIBLE
Mockito,19,org.mockito.internal.configuration.injection.PropertyAndSetterInjection,18,87.372,0,True,True,0,0,0,ERROR,77.148,75.68,,,,,,,,,,,,,,,,,,,,,,,,TEST_COMPILE_INCOMPATIBLE
Mockito,20,org.mockito.internal.creation.bytebuddy.ByteBuddyMockMaker,8,158.575,0,True,True,0,0,0,ERROR,48.254,45.84,,,,,,,,,,,,,,,,,,,,,,,,TEST_COMPILE_INCOMPATIBLE
Mockito,21,org.mockito.internal.creation.instance.ConstructorInstantiator,9,47.296,0,True,True,0,0,0,ERROR,43.065,42.833,,,,,,,,,,,,,,,,,,,,,,,,TEST_COMPILE_INCOMPATIBLE
Mockito,22,org.mockito.internal.matchers.Equality,31,35.114,0,True,True,19,19,0,NO,65.145,75.856,12,13,92.3,21,24,87.5,11,13,84.6,15,24,62.5,12,13,92.3,21,24,87.5,0.0,0.0,93.341,43.57,90.172,COMPLETED
Mockito,23,org.mockito.internal.stubbing.defaultanswers.ReturnsDeepStubs,25,134.718,0,True,True,0,0,0,ERROR,11.788,11.236,,,,,,,,,,,,,,,,,,,,,,,,TEST_COMPILE_INCOMPATIBLE
Mockito,24,org.mockito.internal.stubbing.defaultanswers.ReturnsEmptyValues,0,43.061,0,True,True,0,0,0,ERROR,11.911,11.642,,,,,,,,,,,,,,,,,,,,,,,,TEST_COMPILE_INCOMPATIBLE
Mockito,25,org.mockito.internal.stubbing.defaultanswers.ReturnsDeepStubs,25,107.569,0,True,True,0,0,0,ERROR,10.272,9.955,,,,,,,,,,,,,,,,,,,,,,,,TEST_COMPILE_INCOMPATIBLE
Mockito,26,org.mockito.internal.util.Primitives,2,45.43,0,True,True,1,1,0,NO,29.303,30.171,35,36,97.2,2,2,100.0,31,36,86.1,1,2,50.0,35,36,97.2,2,2,100.0,0.0,0.0,40.707,26.042,38.733,COMPLETED
Mockito,27,org.mockito.internal.util.MockUtil,12,57.806,0,True,True,0,0,0,ERROR,6.045,6.025,,,,,,,,,,,,,,,,,,,,,,,,TEST_COMPILE_INCOMPATIBLE
Mockito,28,org.mockito.internal.configuration.DefaultInjectionEngine,4,115.124,0,True,True,0,0,0,ERROR,5.966,5.851,,,,,,,,,,,,,,,,,,,,,,,,TEST_COMPILE_INCOMPATIBLE
Mockito,29,org.mockito.internal.matchers.Same,24,113.042,0,True,True,0,0,0,ERROR,5.852,5.91,,,,,,,,,,,,,,,,,,,,,,,,TEST_COMPILE_INCOMPATIBLE
Mockito,30,org.mockito.exceptions.Reporter,95,137.817,0,True,True,0,0,0,ERROR,6.183,6.324,,,,,,,,,,,,,,,,,,,,,,,,TEST_COMPILE_INCOMPATIBLE
Mockito,30,org.mockito.internal.stubbing.defaultanswers.ReturnsSmartNulls,5,136.079,0,True,True,0,0,0,ERROR,6.183,6.324,,,,,,,,,,,,,,,,,,,,,,,,TEST_COMPILE_INCOMPATIBLE
Mockito,31,org.mockito.internal.stubbing.defaultanswers.ReturnsSmartNulls,6,135.686,0,True,True,0,0,0,ERROR,6.198,6.025,,,,,,,,,,,,,,,,,,,,,,,,TEST_COMPILE_INCOMPATIBLE
Mockito,32,org.mockito.internal.configuration.SpyAnnotationEngine,0,20.76,0,True,True,0,0,0,NO,20.872,19.867,20,23,87.0,12,12,100.0,0,23,0.0,0,12,0.0,20,23,87.0,12,12,100.0,0.0,0.0,27.588,14.832,26.749,COMPLETED
Mockito,33,org.mockito.internal.invocation.InvocationMatcher,40,134.529,0,True,True,0,0,0,ERROR,6.175,6.241,,,,,,,,,,,,,,,,,,,,,,,,TEST_COMPILE_INCOMPATIBLE
Mockito,34,org.mockito.internal.invocation.InvocationMatcher,17,141.303,0,True,True,0,0,0,ERROR,5.941,5.747,,,,,,,,,,,,,,,,,,,,,,,,TEST_COMPILE_INCOMPATIBLE
Mockito,35,org.mockito.Matchers,3,124.129,0,True,True,0,0,0,ERROR,5.897,5.909,,,,,,,,,,,,,,,,,,,,,,,,TEST_COMPILE_INCOMPATIBLE
Mockito,36,org.mockito.internal.invocation.Invocation,71,138.176,0,True,True,0,0,0,ERROR,5.699,5.765,,,,,,,,,,,,,,,,,,,,,,,,TEST_COMPILE_INCOMPATIBLE
Mockito,37,org.mockito.internal.stubbing.answers.AnswersValidator,13,117.446,0,True,True,0,0,0,ERROR,5.791,5.788,,,,,,,,,,,,,,,,,,,,,,,,TEST_COMPILE_INCOMPATIBLE
Mockito,38,org.mockito.internal.verification.argumentmatching.ArgumentMatchingTool,0,100.939,0,True,True,0,0,0,NO,18.702,19.058,18,18,100.0,12,12,100.0,0,18,0.0,0,12,0.0,18,18,100.0,12,12,100.0,0.0,0.0,25.877,13.677,25.049,COMPLETED
Mockito,10,org.mockito.internal.stubbing.defaultanswers.ReturnsDeepStubs,25,136.729,0,True,True,0,0,0,ERROR,26.473,26.026,,,,,,,,,,,,,,,,,,,,,,,,TEST_COMPILE_INCOMPATIBLE
Mockito,11,org.mockito.internal.creation.DelegatingMethod,6,14.818,0,True,True,0,0,0,ERROR,24.893,25.248,,,,,,,,,,,,,,,,,,,,,,,,TEST_COMPILE_INCOMPATIBLE
