WARNING: package jdk.internal.jtrfs not in java.base
WARNING: package sun.net.fs not in java.base
WARNING: sun.reflect.Reflection.getCallerClass is not supported. This will impact performance.
12:30:20.150 | INFO  | AllInMemoryClassProvider | Loaded: 2 path entries, 211 classes, 947334 bytes
12:30:23.016 | INFO  | TestCaseGenerator | Resuming method org.apache.commons.lang3.math.NumberUtils.toInt
12:30:24.007 | INFO  | JavaLanguage | Starting fuzzing for method: org.apache.commons.lang3.math.NumberUtils.toInt
12:30:24.008 | INFO  | JavaLanguage | 	use thisInstance = false
12:30:24.009 | INFO  | JavaLanguage | 	parameters = [java.lang.String]
12:30:24.108 | INFO  | JavaLanguage | Starting fuzzing for method: org.apache.commons.lang3.math.NumberUtils.toInt
12:30:24.108 | INFO  | JavaLanguage | 	use thisInstance = false
12:30:24.108 | INFO  | JavaLanguage | 	parameters = [java.lang.String, int]
12:30:24.130 | INFO  | JavaLanguage | Starting fuzzing for method: org.apache.commons.lang3.math.NumberUtils.toDouble
12:30:24.130 | INFO  | JavaLanguage | 	use thisInstance = false
12:30:24.130 | INFO  | JavaLanguage | 	parameters = [java.lang.String]
12:30:24.134 | INFO  | JavaLanguage | Starting fuzzing for method: org.apache.commons.lang3.math.NumberUtils.toDouble
12:30:24.135 | INFO  | JavaLanguage | 	use thisInstance = false
12:30:24.135 | INFO  | JavaLanguage | 	parameters = [java.lang.String, double]
12:30:24.153 | INFO  | JavaLanguage | Starting fuzzing for method: org.apache.commons.lang3.math.NumberUtils.toLong
12:30:24.153 | INFO  | JavaLanguage | 	use thisInstance = false
12:30:24.153 | INFO  | JavaLanguage | 	parameters = [java.lang.String, long]
12:30:24.157 | INFO  | JavaLanguage | Starting fuzzing for method: org.apache.commons.lang3.math.NumberUtils.toLong
12:30:24.157 | INFO  | JavaLanguage | 	use thisInstance = false
12:30:24.157 | INFO  | JavaLanguage | 	parameters = [java.lang.String]
12:30:24.159 | INFO  | JavaLanguage | Starting fuzzing for method: org.apache.commons.lang3.math.NumberUtils.toShort
12:30:24.159 | INFO  | JavaLanguage | 	use thisInstance = false
12:30:24.159 | INFO  | JavaLanguage | 	parameters = [java.lang.String]
12:30:24.162 | INFO  | JavaLanguage | Starting fuzzing for method: org.apache.commons.lang3.math.NumberUtils.toShort
12:30:24.162 | INFO  | JavaLanguage | 	use thisInstance = false
12:30:24.162 | INFO  | JavaLanguage | 	parameters = [java.lang.String, short]
12:30:24.164 | INFO  | JavaLanguage | Starting fuzzing for method: org.apache.commons.lang3.math.NumberUtils.toByte
12:30:24.165 | INFO  | JavaLanguage | 	use thisInstance = false
12:30:24.165 | INFO  | JavaLanguage | 	parameters = [java.lang.String]
12:30:24.167 | INFO  | JavaLanguage | Starting fuzzing for method: org.apache.commons.lang3.math.NumberUtils.toByte
12:30:24.167 | INFO  | JavaLanguage | 	use thisInstance = false
12:30:24.167 | INFO  | JavaLanguage | 	parameters = [java.lang.String, byte]
12:30:24.170 | INFO  | JavaLanguage | Starting fuzzing for method: org.apache.commons.lang3.math.NumberUtils.toFloat
12:30:24.170 | INFO  | TestCaseGenerator | Resuming method org.apache.commons.lang3.math.NumberUtils.toInt
12:30:24.170 | INFO  | JavaLanguage | 	use thisInstance = false
12:30:24.170 | INFO  | JavaLanguage | 	parameters = [java.lang.String, float]
12:30:24.174 | INFO  | JavaLanguage | Starting fuzzing for method: org.apache.commons.lang3.math.NumberUtils.toFloat
12:30:24.174 | INFO  | JavaLanguage | 	use thisInstance = false
12:30:24.174 | INFO  | JavaLanguage | 	parameters = [java.lang.String]
12:30:24.176 | INFO  | JavaLanguage | Starting fuzzing for method: org.apache.commons.lang3.math.NumberUtils.createFloat
12:30:24.176 | INFO  | JavaLanguage | 	use thisInstance = false
12:30:24.176 | INFO  | JavaLanguage | 	parameters = [java.lang.String]
12:30:24.178 | INFO  | JavaLanguage | Starting fuzzing for method: org.apache.commons.lang3.math.NumberUtils.createDouble
12:30:24.178 | INFO  | JavaLanguage | 	use thisInstance = false
12:30:24.178 | INFO  | JavaLanguage | 	parameters = [java.lang.String]
12:30:24.184 | INFO  | JavaLanguage | Starting fuzzing for method: org.apache.commons.lang3.math.NumberUtils.isAllZeros
12:30:24.185 | INFO  | JavaLanguage | 	use thisInstance = false
12:30:24.185 | INFO  | JavaLanguage | 	parameters = [java.lang.String]
12:30:24.216 | WARN  | FuzzerFunctions | Cannot process constant value of type 'int'
java.lang.NoSuchFieldException: value
	at java.lang.Class.getField(Class.java:2117) ~[?:?]
	at org.utbot.fuzzer.FuzzerFunctionsKt.getPlainValue(FuzzerFunctions.kt:269) ~[utbot-cli-local-1.0.jar:?]
	at org.utbot.fuzzer.FuzzerFunctionsKt.access$getPlainValue(FuzzerFunctions.kt:1) ~[utbot-cli-local-1.0.jar:?]
	at org.utbot.fuzzer.StringConstant.find(FuzzerFunctions.kt:208) ~[utbot-cli-local-1.0.jar:?]
	at org.utbot.fuzzer.FuzzerFunctionsKt$collectConstantsForFuzzer$4$1.invoke(FuzzerFunctions.kt:51) [utbot-cli-local-1.0.jar:?]
	at org.utbot.fuzzer.FuzzerFunctionsKt$collectConstantsForFuzzer$4$1.invoke(FuzzerFunctions.kt:49) [utbot-cli-local-1.0.jar:?]
	at kotlin.sequences.FlatteningSequence$iterator$1.ensureItemIterator(Sequences.kt:315) [utbot-cli-local-1.0.jar:?]
	at kotlin.sequences.FlatteningSequence$iterator$1.hasNext(Sequences.kt:303) [utbot-cli-local-1.0.jar:?]
	at kotlin.sequences.SequencesKt___SequencesKt.any(_Sequences.kt:1218) [utbot-cli-local-1.0.jar:?]
	at org.utbot.fuzzer.FuzzerFunctionsKt$collectConstantsForFuzzer$4.invoke(FuzzerFunctions.kt:60) [utbot-cli-local-1.0.jar:?]
	at org.utbot.fuzzer.FuzzerFunctionsKt$collectConstantsForFuzzer$4.invoke(FuzzerFunctions.kt:40) [utbot-cli-local-1.0.jar:?]
	at kotlin.sequences.FlatteningSequence$iterator$1.ensureItemIterator(Sequences.kt:315) [utbot-cli-local-1.0.jar:?]
	at kotlin.sequences.FlatteningSequence$iterator$1.hasNext(Sequences.kt:303) [utbot-cli-local-1.0.jar:?]
	at kotlin.sequences.SequencesKt___SequencesKt.toCollection(_Sequences.kt:787) [utbot-cli-local-1.0.jar:?]
	at kotlin.sequences.SequencesKt___SequencesKt.toSet(_Sequences.kt:828) [utbot-cli-local-1.0.jar:?]
	at org.utbot.fuzzer.FuzzerFunctionsKt.collectConstantsForFuzzer(FuzzerFunctions.kt:64) [utbot-cli-local-1.0.jar:?]
	at org.utbot.engine.UtBotSymbolicEngine$fuzzing$1.invokeSuspend(UtBotSymbolicEngine.kt:464) [utbot-cli-local-1.0.jar:?]
	at org.utbot.engine.UtBotSymbolicEngine$fuzzing$1.invoke(UtBotSymbolicEngine.kt) [utbot-cli-local-1.0.jar:?]
	at org.utbot.engine.UtBotSymbolicEngine$fuzzing$1.invoke(UtBotSymbolicEngine.kt) [utbot-cli-local-1.0.jar:?]
	at kotlinx.coroutines.flow.SafeFlow.collectSafely(Builders.kt:61) [utbot-cli-local-1.0.jar:?]
	at kotlinx.coroutines.flow.AbstractFlow.collect(Flow.kt:230) [utbot-cli-local-1.0.jar:?]
	at kotlinx.coroutines.flow.FlowKt__CollectKt.emitAll(Collect.kt:109) [utbot-cli-local-1.0.jar:?]
	at kotlinx.coroutines.flow.FlowKt.emitAll(Unknown Source) [utbot-cli-local-1.0.jar:?]
	at kotlinx.coroutines.flow.FlowKt__MergeKt$flattenConcat$1$1.emit(Merge.kt:80) [utbot-cli-local-1.0.jar:?]
	at kotlinx.coroutines.flow.FlowKt__MergeKt$flattenConcat$1$1.emit(Merge.kt:80) [utbot-cli-local-1.0.jar:?]
	at kotlinx.coroutines.flow.FlowKt__BuildersKt$flowOf$$inlined$unsafeFlow$1.collect(SafeCollector.common.kt:114) [utbot-cli-local-1.0.jar:?]
	at kotlinx.coroutines.flow.FlowKt__MergeKt$flattenConcat$$inlined$unsafeFlow$1.collect(SafeCollector.common.kt:113) [utbot-cli-local-1.0.jar:?]
	at kotlinx.coroutines.flow.FlowKt__ErrorsKt.catchImpl(Errors.kt:156) [utbot-cli-local-1.0.jar:?]
	at kotlinx.coroutines.flow.FlowKt.catchImpl(Unknown Source) [utbot-cli-local-1.0.jar:?]
	at kotlinx.coroutines.flow.FlowKt__ErrorsKt$catch$$inlined$unsafeFlow$1.collect(SafeCollector.common.kt:113) [utbot-cli-local-1.0.jar:?]
	at org.utbot.framework.plugin.api.TestCaseGenerator$generate$2$3$1$1.invokeSuspend(TestCaseGenerator.kt:230) [utbot-cli-local-1.0.jar:?]
	at kotlin.coroutines.jvm.internal.BaseContinuationImpl.resumeWith(ContinuationImpl.kt:33) [utbot-cli-local-1.0.jar:?]
	at kotlinx.coroutines.DispatchedTask.run(DispatchedTask.kt:106) [utbot-cli-local-1.0.jar:?]
	at kotlinx.coroutines.EventLoopImplBase.processNextEvent(EventLoop.common.kt:284) [utbot-cli-local-1.0.jar:?]
	at kotlinx.coroutines.BlockingCoroutine.joinBlocking(Builders.kt:85) [utbot-cli-local-1.0.jar:?]
	at kotlinx.coroutines.BuildersKt__BuildersKt.runBlocking(Builders.kt:59) [utbot-cli-local-1.0.jar:?]
	at kotlinx.coroutines.BuildersKt.runBlocking(Unknown Source) [utbot-cli-local-1.0.jar:?]
	at kotlinx.coroutines.BuildersKt__BuildersKt.runBlocking$default(Builders.kt:38) [utbot-cli-local-1.0.jar:?]
	at kotlinx.coroutines.BuildersKt.runBlocking$default(Unknown Source) [utbot-cli-local-1.0.jar:?]
	at org.utbot.common.ConcurrencyKt.runBlockingWithCancellationPredicate(Concurrency.kt:38) [utbot-cli-local-1.0.jar:?]
	at org.utbot.framework.plugin.api.TestCaseGenerator$generate$2$3.invoke(TestCaseGenerator.kt:204) [utbot-cli-local-1.0.jar:?]
	at org.utbot.framework.plugin.api.TestCaseGenerator$generate$2$3.invoke(TestCaseGenerator.kt:203) [utbot-cli-local-1.0.jar:?]
	at org.utbot.common.ConcurrencyKt.runIgnoringCancellationException(Concurrency.kt:47) [utbot-cli-local-1.0.jar:?]
	at org.utbot.framework.plugin.api.TestCaseGenerator.generate(TestCaseGenerator.kt:203) [utbot-cli-local-1.0.jar:?]
	at org.utbot.framework.plugin.api.TestCaseGenerator.generate$default(TestCaseGenerator.kt:172) [utbot-cli-local-1.0.jar:?]
	at org.utbot.cli.GenerateTestsAbstractCommand.generateTestSets(GenerateTestsAbstractCommand.kt:194) [utbot-cli-local-1.0.jar:?]
	at org.utbot.cli.GenerateTestsCommand.run(GenerateTestsCommand.kt:113) [utbot-cli-local-1.0.jar:?]
	at com.github.ajalt.clikt.parsers.Parser.parse(Parser.kt:204) [utbot-cli-local-1.0.jar:?]
	at com.github.ajalt.clikt.parsers.Parser.parse(Parser.kt:213) [utbot-cli-local-1.0.jar:?]
	at com.github.ajalt.clikt.parsers.Parser.parse(Parser.kt:17) [utbot-cli-local-1.0.jar:?]
	at com.github.ajalt.clikt.core.CliktCommand.parse(CliktCommand.kt:396) [utbot-cli-local-1.0.jar:?]
	at com.github.ajalt.clikt.core.CliktCommand.parse$default(CliktCommand.kt:393) [utbot-cli-local-1.0.jar:?]
	at com.github.ajalt.clikt.core.CliktCommand.main(CliktCommand.kt:411) [utbot-cli-local-1.0.jar:?]
	at com.github.ajalt.clikt.core.CliktCommand.main(CliktCommand.kt:436) [utbot-cli-local-1.0.jar:?]
	at org.utbot.cli.ApplicationKt.main(Application.kt:31) [utbot-cli-local-1.0.jar:?]
12:30:24.251 | INFO  | JavaLanguage | Starting fuzzing for method: org.apache.commons.lang3.math.NumberUtils.createNumber
12:30:24.251 | INFO  | JavaLanguage | 	use thisInstance = false
12:30:24.252 | INFO  | JavaLanguage | 	parameters = [java.lang.String]
12:30:24.255 | INFO  | JavaLanguage | Starting fuzzing for method: org.apache.commons.lang3.math.NumberUtils.createInteger
12:30:24.255 | INFO  | JavaLanguage | 	use thisInstance = false
12:30:24.255 | INFO  | JavaLanguage | 	parameters = [java.lang.String]
12:30:24.258 | INFO  | JavaLanguage | Starting fuzzing for method: org.apache.commons.lang3.math.NumberUtils.createBigDecimal
12:30:24.258 | INFO  | JavaLanguage | 	use thisInstance = false
12:30:24.258 | INFO  | JavaLanguage | 	parameters = [java.lang.String]
12:30:24.260 | INFO  | JavaLanguage | Starting fuzzing for method: org.apache.commons.lang3.math.NumberUtils.createBigInteger
12:30:24.260 | INFO  | JavaLanguage | 	use thisInstance = false
12:30:24.260 | INFO  | JavaLanguage | 	parameters = [java.lang.String]
12:30:24.264 | INFO  | JavaLanguage | Starting fuzzing for method: org.apache.commons.lang3.math.NumberUtils.isDigits
12:30:24.264 | INFO  | JavaLanguage | 	use thisInstance = false
12:30:24.264 | INFO  | JavaLanguage | 	parameters = [java.lang.String]
12:30:24.283 | INFO  | JavaLanguage | Starting fuzzing for method: org.apache.commons.lang3.math.NumberUtils.isNumber
12:30:24.283 | INFO  | JavaLanguage | 	use thisInstance = false
12:30:24.283 | INFO  | JavaLanguage | 	parameters = [java.lang.String]
12:30:24.285 | INFO  | JavaLanguage | Starting fuzzing for method: org.apache.commons.lang3.math.NumberUtils.min
12:30:24.285 | INFO  | JavaLanguage | 	use thisInstance = false
12:30:24.285 | INFO  | JavaLanguage | 	parameters = [byte, byte, byte]
12:30:24.288 | INFO  | JavaLanguage | Starting fuzzing for method: org.apache.commons.lang3.math.NumberUtils.min
12:30:24.288 | INFO  | JavaLanguage | 	use thisInstance = false
12:30:24.288 | INFO  | JavaLanguage | 	parameters = [short, short, short]
12:30:24.292 | INFO  | JavaLanguage | Starting fuzzing for method: org.apache.commons.lang3.math.NumberUtils.min
12:30:24.292 | INFO  | JavaLanguage | 	use thisInstance = false
12:30:24.292 | INFO  | JavaLanguage | 	parameters = [int, int, int]
12:30:24.296 | INFO  | JavaLanguage | Starting fuzzing for method: org.apache.commons.lang3.math.NumberUtils.min
12:30:24.296 | INFO  | JavaLanguage | 	use thisInstance = false
12:30:24.296 | INFO  | JavaLanguage | 	parameters = [long, long, long]
12:30:24.305 | INFO  | JavaLanguage | Starting fuzzing for method: org.apache.commons.lang3.math.NumberUtils.min
12:30:24.305 | INFO  | JavaLanguage | 	use thisInstance = false
12:30:24.305 | INFO  | JavaLanguage | 	parameters = [[B, elementClass=byte]
12:30:24.322 | INFO  | JavaLanguage | Starting fuzzing for method: org.apache.commons.lang3.math.NumberUtils.min
12:30:24.322 | INFO  | JavaLanguage | 	use thisInstance = false
12:30:24.322 | INFO  | JavaLanguage | 	parameters = [[J, elementClass=long]
12:30:24.325 | INFO  | JavaLanguage | Starting fuzzing for method: org.apache.commons.lang3.math.NumberUtils.min
12:30:24.325 | INFO  | JavaLanguage | 	use thisInstance = false
12:30:24.325 | INFO  | JavaLanguage | 	parameters = [float, float, float]
12:30:24.328 | INFO  | JavaLanguage | Starting fuzzing for method: org.apache.commons.lang3.math.NumberUtils.min
12:30:24.328 | INFO  | JavaLanguage | 	use thisInstance = false
12:30:24.328 | INFO  | JavaLanguage | 	parameters = [double, double, double]
12:30:24.331 | INFO  | JavaLanguage | Starting fuzzing for method: org.apache.commons.lang3.math.NumberUtils.min
12:30:24.331 | INFO  | JavaLanguage | 	use thisInstance = false
12:30:24.331 | INFO  | JavaLanguage | 	parameters = [[D, elementClass=double]
12:30:24.337 | INFO  | JavaLanguage | Starting fuzzing for method: org.apache.commons.lang3.math.NumberUtils.min
12:30:24.337 | INFO  | JavaLanguage | 	use thisInstance = false
12:30:24.337 | INFO  | JavaLanguage | 	parameters = [[F, elementClass=float]
12:30:24.340 | INFO  | JavaLanguage | Starting fuzzing for method: org.apache.commons.lang3.math.NumberUtils.min
12:30:24.340 | INFO  | JavaLanguage | 	use thisInstance = false
12:30:24.340 | INFO  | JavaLanguage | 	parameters = [[I, elementClass=int]
12:30:24.343 | INFO  | JavaLanguage | Starting fuzzing for method: org.apache.commons.lang3.math.NumberUtils.min
12:30:24.343 | INFO  | JavaLanguage | 	use thisInstance = false
12:30:24.343 | INFO  | JavaLanguage | 	parameters = [[S, elementClass=short]
12:30:24.345 | INFO  | JavaLanguage | Starting fuzzing for method: org.apache.commons.lang3.math.NumberUtils.max
12:30:24.345 | INFO  | JavaLanguage | 	use thisInstance = false
12:30:24.345 | INFO  | JavaLanguage | 	parameters = [int, int, int]
12:30:24.347 | INFO  | JavaLanguage | Starting fuzzing for method: org.apache.commons.lang3.math.NumberUtils.max
12:30:24.348 | INFO  | JavaLanguage | 	use thisInstance = false
12:30:24.348 | INFO  | JavaLanguage | 	parameters = [short, short, short]
12:30:24.350 | INFO  | JavaLanguage | Starting fuzzing for method: org.apache.commons.lang3.math.NumberUtils.max
12:30:24.350 | INFO  | JavaLanguage | 	use thisInstance = false
12:30:24.350 | INFO  | JavaLanguage | 	parameters = [[D, elementClass=double]
12:30:24.353 | INFO  | JavaLanguage | Starting fuzzing for method: org.apache.commons.lang3.math.NumberUtils.max
12:30:24.354 | INFO  | JavaLanguage | 	use thisInstance = false
12:30:24.354 | INFO  | JavaLanguage | 	parameters = [float, float, float]
12:30:24.357 | INFO  | JavaLanguage | Starting fuzzing for method: org.apache.commons.lang3.math.NumberUtils.max
12:30:24.357 | INFO  | JavaLanguage | 	use thisInstance = false
12:30:24.357 | INFO  | JavaLanguage | 	parameters = [double, double, double]
12:30:24.360 | INFO  | JavaLanguage | Starting fuzzing for method: org.apache.commons.lang3.math.NumberUtils.max
12:30:24.360 | INFO  | JavaLanguage | 	use thisInstance = false
12:30:24.360 | INFO  | JavaLanguage | 	parameters = [byte, byte, byte]
12:30:24.363 | INFO  | JavaLanguage | Starting fuzzing for method: org.apache.commons.lang3.math.NumberUtils.max
12:30:24.363 | INFO  | JavaLanguage | 	use thisInstance = false
12:30:24.363 | INFO  | JavaLanguage | 	parameters = [[F, elementClass=float]
12:30:24.366 | INFO  | JavaLanguage | Starting fuzzing for method: org.apache.commons.lang3.math.NumberUtils.max
12:30:24.366 | INFO  | JavaLanguage | 	use thisInstance = false
12:30:24.366 | INFO  | JavaLanguage | 	parameters = [[B, elementClass=byte]
12:30:24.369 | INFO  | JavaLanguage | Starting fuzzing for method: org.apache.commons.lang3.math.NumberUtils.max
12:30:24.369 | INFO  | JavaLanguage | 	use thisInstance = false
12:30:24.369 | INFO  | JavaLanguage | 	parameters = [[S, elementClass=short]
12:30:24.372 | INFO  | JavaLanguage | Starting fuzzing for method: org.apache.commons.lang3.math.NumberUtils.max
12:30:24.372 | INFO  | JavaLanguage | 	use thisInstance = false
12:30:24.372 | INFO  | JavaLanguage | 	parameters = [long, long, long]
12:30:24.375 | INFO  | JavaLanguage | Starting fuzzing for method: org.apache.commons.lang3.math.NumberUtils.max
12:30:24.375 | INFO  | JavaLanguage | 	use thisInstance = false
12:30:24.375 | INFO  | JavaLanguage | 	parameters = [[J, elementClass=long]
12:30:24.377 | INFO  | JavaLanguage | Starting fuzzing for method: org.apache.commons.lang3.math.NumberUtils.max
12:30:24.377 | INFO  | JavaLanguage | 	use thisInstance = false
12:30:24.377 | INFO  | JavaLanguage | 	parameters = [[I, elementClass=int]
12:30:24.379 | INFO  | JavaLanguage | Starting fuzzing for method: org.apache.commons.lang3.math.NumberUtils.createLong
12:30:24.379 | INFO  | JavaLanguage | 	use thisInstance = false
12:30:24.379 | INFO  | JavaLanguage | 	parameters = [java.lang.String]
12:30:24.534 | INFO  | InstrumentedProcess | ------------------------------------------------------------------
--------Instrumented process started with PID=13068--------
------------------------------------------------------------------
12:30:24.565 | INFO  | ConcreteExecutor | RdCategory: RdCoroutineScope          | RdCoroutineHost overridden 
12:30:25.324 | INFO  | TestCaseGenerator | Resuming method org.apache.commons.lang3.math.NumberUtils.toDouble
12:30:26.478 | INFO  | TestCaseGenerator | Resuming method org.apache.commons.lang3.math.NumberUtils.toDouble
12:30:26.873 | ERROR | UtBotSymbolicEngine | Coverage is empty for org.apache.commons.lang3.math.NumberUtils.toInt with [org.utbot.fuzzer.FuzzedValue@1c63b39a]
12:30:26.882 | INFO  | UtBotSymbolicEngine | Fuzzing overtime: org.apache.commons.lang3.math.NumberUtils.toInt
12:30:26.882 | INFO  | UtBotSymbolicEngine | Test created by fuzzer: 1
12:30:26.883 | INFO  | JavaLanguage | Finishing fuzzing for method: org.apache.commons.lang3.math.NumberUtils.toInt in 2876 ms
12:30:26.883 | INFO  | JavaLanguage | 	Total execution called: 2
12:30:26.919 | ERROR | UtBotSymbolicEngine | Coverage is empty for org.apache.commons.lang3.math.NumberUtils.toInt with [org.utbot.fuzzer.FuzzedValue@64a74723, org.utbot.fuzzer.FuzzedValue@21a14c45]
12:30:26.920 | ERROR | UtBotSymbolicEngine | Coverage is empty for org.apache.commons.lang3.math.NumberUtils.toDouble with [org.utbot.fuzzer.FuzzedValue@768d8a25]
12:30:26.921 | ERROR | UtBotSymbolicEngine | Coverage is empty for org.apache.commons.lang3.math.NumberUtils.toDouble with [org.utbot.fuzzer.FuzzedValue@1314ccc1, org.utbot.fuzzer.FuzzedValue@609f136b]
12:30:26.921 | ERROR | UtBotSymbolicEngine | Coverage is empty for org.apache.commons.lang3.math.NumberUtils.toLong with [org.utbot.fuzzer.FuzzedValue@500d4de8, org.utbot.fuzzer.FuzzedValue@43851574]
12:30:26.922 | ERROR | UtBotSymbolicEngine | Coverage is empty for org.apache.commons.lang3.math.NumberUtils.toLong with [org.utbot.fuzzer.FuzzedValue@834529e]
12:30:26.923 | ERROR | UtBotSymbolicEngine | Coverage is empty for org.apache.commons.lang3.math.NumberUtils.toShort with [org.utbot.fuzzer.FuzzedValue@3533b614]
12:30:26.923 | ERROR | UtBotSymbolicEngine | Coverage is empty for org.apache.commons.lang3.math.NumberUtils.toShort with [org.utbot.fuzzer.FuzzedValue@1766b009, org.utbot.fuzzer.FuzzedValue@7be95197]
12:30:26.924 | ERROR | UtBotSymbolicEngine | Coverage is empty for org.apache.commons.lang3.math.NumberUtils.toByte with [org.utbot.fuzzer.FuzzedValue@11fb4f69]
12:30:26.924 | ERROR | UtBotSymbolicEngine | Coverage is empty for org.apache.commons.lang3.math.NumberUtils.toByte with [org.utbot.fuzzer.FuzzedValue@86abdbd, org.utbot.fuzzer.FuzzedValue@42e14655]
12:30:26.925 | ERROR | UtBotSymbolicEngine | Coverage is empty for org.apache.commons.lang3.math.NumberUtils.toFloat with [org.utbot.fuzzer.FuzzedValue@37ecc472, org.utbot.fuzzer.FuzzedValue@27311c99]
12:30:26.925 | ERROR | UtBotSymbolicEngine | Coverage is empty for org.apache.commons.lang3.math.NumberUtils.toFloat with [org.utbot.fuzzer.FuzzedValue@3687f6b6]
12:30:26.955 | ERROR | UtBotSymbolicEngine | Coverage is empty for org.apache.commons.lang3.math.NumberUtils.createFloat with [org.utbot.fuzzer.FuzzedValue@8850865]
12:30:26.958 | ERROR | UtBotSymbolicEngine | Coverage is empty for org.apache.commons.lang3.math.NumberUtils.createDouble with [org.utbot.fuzzer.FuzzedValue@5623fd90]
12:30:26.960 | ERROR | UtBotSymbolicEngine | Coverage is empty for org.apache.commons.lang3.math.NumberUtils.isAllZeros with [org.utbot.fuzzer.FuzzedValue@2f4c83f1]
12:30:26.962 | ERROR | UtBotSymbolicEngine | Coverage is empty for org.apache.commons.lang3.math.NumberUtils.createNumber with [org.utbot.fuzzer.FuzzedValue@4fe87cb9]
12:30:26.965 | ERROR | UtBotSymbolicEngine | Coverage is empty for org.apache.commons.lang3.math.NumberUtils.createInteger with [org.utbot.fuzzer.FuzzedValue@c105912]
12:30:26.967 | ERROR | UtBotSymbolicEngine | Coverage is empty for org.apache.commons.lang3.math.NumberUtils.createBigDecimal with [org.utbot.fuzzer.FuzzedValue@4b548913]
12:30:26.971 | ERROR | UtBotSymbolicEngine | Coverage is empty for org.apache.commons.lang3.math.NumberUtils.createBigInteger with [org.utbot.fuzzer.FuzzedValue@2778a7c3]
12:30:26.972 | ERROR | UtBotSymbolicEngine | Coverage is empty for org.apache.commons.lang3.math.NumberUtils.isDigits with [org.utbot.fuzzer.FuzzedValue@28ec92c9]
12:30:26.973 | ERROR | UtBotSymbolicEngine | Coverage is empty for org.apache.commons.lang3.math.NumberUtils.isNumber with [org.utbot.fuzzer.FuzzedValue@2e29a7d]
12:30:26.974 | ERROR | UtBotSymbolicEngine | Coverage is empty for org.apache.commons.lang3.math.NumberUtils.min with [org.utbot.fuzzer.FuzzedValue@3b5f72fa, org.utbot.fuzzer.FuzzedValue@67c2ff5d, org.utbot.fuzzer.FuzzedValue@29e8c09c]
12:30:26.975 | ERROR | UtBotSymbolicEngine | Coverage is empty for org.apache.commons.lang3.math.NumberUtils.min with [org.utbot.fuzzer.FuzzedValue@4e09c3b0, org.utbot.fuzzer.FuzzedValue@64f34c91, org.utbot.fuzzer.FuzzedValue@158f0af4]
12:30:26.975 | ERROR | UtBotSymbolicEngine | Coverage is empty for org.apache.commons.lang3.math.NumberUtils.min with [org.utbot.fuzzer.FuzzedValue@58f27c37, org.utbot.fuzzer.FuzzedValue@78ae34f7, org.utbot.fuzzer.FuzzedValue@3eb4fdd5]
12:30:26.975 | ERROR | UtBotSymbolicEngine | Coverage is empty for org.apache.commons.lang3.math.NumberUtils.min with [org.utbot.fuzzer.FuzzedValue@295e989, org.utbot.fuzzer.FuzzedValue@504216ff, org.utbot.fuzzer.FuzzedValue@4ce4c097]
12:30:26.979 | ERROR | UtBotSymbolicEngine | Coverage is empty for org.apache.commons.lang3.math.NumberUtils.min with [org.utbot.fuzzer.FuzzedValue@7ee6d5fd]
12:30:26.979 | ERROR | UtBotSymbolicEngine | Coverage is empty for org.apache.commons.lang3.math.NumberUtils.min with [org.utbot.fuzzer.FuzzedValue@37a74cf4]
12:30:26.980 | ERROR | UtBotSymbolicEngine | Coverage is empty for org.apache.commons.lang3.math.NumberUtils.min with [org.utbot.fuzzer.FuzzedValue@2ea8f277, org.utbot.fuzzer.FuzzedValue@7244b40e, org.utbot.fuzzer.FuzzedValue@5d8de4bd]
12:30:26.983 | ERROR | UtBotSymbolicEngine | Coverage is empty for org.apache.commons.lang3.math.NumberUtils.min with [org.utbot.fuzzer.FuzzedValue@2898cd46, org.utbot.fuzzer.FuzzedValue@7ebf5bf, org.utbot.fuzzer.FuzzedValue@5d8cbb32]
12:30:26.985 | ERROR | UtBotSymbolicEngine | Coverage is empty for org.apache.commons.lang3.math.NumberUtils.min with [org.utbot.fuzzer.FuzzedValue@7c144349]
12:30:26.992 | ERROR | UtBotSymbolicEngine | Coverage is empty for org.apache.commons.lang3.math.NumberUtils.min with [org.utbot.fuzzer.FuzzedValue@4569b6a9]
12:30:26.993 | ERROR | UtBotSymbolicEngine | Coverage is empty for org.apache.commons.lang3.math.NumberUtils.min with [org.utbot.fuzzer.FuzzedValue@394e0104]
12:30:26.994 | ERROR | UtBotSymbolicEngine | Coverage is empty for org.apache.commons.lang3.math.NumberUtils.min with [org.utbot.fuzzer.FuzzedValue@30ae6721]
12:30:26.994 | ERROR | UtBotSymbolicEngine | Coverage is empty for org.apache.commons.lang3.math.NumberUtils.max with [org.utbot.fuzzer.FuzzedValue@4de14c58, org.utbot.fuzzer.FuzzedValue@53141d3f, org.utbot.fuzzer.FuzzedValue@16a4e4c9]
12:30:26.995 | ERROR | UtBotSymbolicEngine | Coverage is empty for org.apache.commons.lang3.math.NumberUtils.max with [org.utbot.fuzzer.FuzzedValue@59a49dbc, org.utbot.fuzzer.FuzzedValue@6dde03ce, org.utbot.fuzzer.FuzzedValue@2b0df4ba]
12:30:26.996 | ERROR | UtBotSymbolicEngine | Coverage is empty for org.apache.commons.lang3.math.NumberUtils.max with [org.utbot.fuzzer.FuzzedValue@3459ccd9]
12:30:26.998 | ERROR | UtBotSymbolicEngine | Coverage is empty for org.apache.commons.lang3.math.NumberUtils.max with [org.utbot.fuzzer.FuzzedValue@40bac624, org.utbot.fuzzer.FuzzedValue@1bc80978, org.utbot.fuzzer.FuzzedValue@1c8746a0]
12:30:27.002 | ERROR | UtBotSymbolicEngine | Coverage is empty for org.apache.commons.lang3.math.NumberUtils.max with [org.utbot.fuzzer.FuzzedValue@7d96618, org.utbot.fuzzer.FuzzedValue@678db8be, org.utbot.fuzzer.FuzzedValue@77b7a4b2]
12:30:27.006 | ERROR | UtBotSymbolicEngine | Coverage is empty for org.apache.commons.lang3.math.NumberUtils.max with [org.utbot.fuzzer.FuzzedValue@21a09c5a, org.utbot.fuzzer.FuzzedValue@18d76c14, org.utbot.fuzzer.FuzzedValue@517f9ba3]
12:30:27.008 | ERROR | UtBotSymbolicEngine | Coverage is empty for org.apache.commons.lang3.math.NumberUtils.max with [org.utbot.fuzzer.FuzzedValue@623cd12e]
12:30:27.009 | ERROR | UtBotSymbolicEngine | Coverage is empty for org.apache.commons.lang3.math.NumberUtils.max with [org.utbot.fuzzer.FuzzedValue@187c8f96]
12:30:27.010 | ERROR | UtBotSymbolicEngine | Coverage is empty for org.apache.commons.lang3.math.NumberUtils.max with [org.utbot.fuzzer.FuzzedValue@12ff0e4f]
12:30:27.011 | ERROR | UtBotSymbolicEngine | Coverage is empty for org.apache.commons.lang3.math.NumberUtils.max with [org.utbot.fuzzer.FuzzedValue@3a02172a, org.utbot.fuzzer.FuzzedValue@452d4bb2, org.utbot.fuzzer.FuzzedValue@a1143cc]
12:30:27.012 | ERROR | UtBotSymbolicEngine | Coverage is empty for org.apache.commons.lang3.math.NumberUtils.max with [org.utbot.fuzzer.FuzzedValue@4271960c]
12:30:27.013 | ERROR | UtBotSymbolicEngine | Coverage is empty for org.apache.commons.lang3.math.NumberUtils.max with [org.utbot.fuzzer.FuzzedValue@cb03360]
12:30:27.017 | ERROR | UtBotSymbolicEngine | Coverage is empty for org.apache.commons.lang3.math.NumberUtils.createLong with [org.utbot.fuzzer.FuzzedValue@12418d3f]
12:30:27.018 | ERROR | UtBotSymbolicEngine | Coverage is empty for org.apache.commons.lang3.math.NumberUtils.toInt with [org.utbot.fuzzer.FuzzedValue@3695e4f2, org.utbot.fuzzer.FuzzedValue@5bdfae42]
12:30:27.020 | ERROR | UtBotSymbolicEngine | Coverage is empty for org.apache.commons.lang3.math.NumberUtils.toDouble with [org.utbot.fuzzer.FuzzedValue@38f704f4]
12:30:27.021 | ERROR | UtBotSymbolicEngine | Coverage is empty for org.apache.commons.lang3.math.NumberUtils.toDouble with [org.utbot.fuzzer.FuzzedValue@ab5d5c8, org.utbot.fuzzer.FuzzedValue@41a18b54]
12:30:27.023 | ERROR | UtBotSymbolicEngine | Coverage is empty for org.apache.commons.lang3.math.NumberUtils.toLong with [org.utbot.fuzzer.FuzzedValue@2ceb722e, org.utbot.fuzzer.FuzzedValue@d012e18]
12:30:27.024 | ERROR | UtBotSymbolicEngine | Coverage is empty for org.apache.commons.lang3.math.NumberUtils.toLong with [org.utbot.fuzzer.FuzzedValue@124e538e]
12:30:27.025 | ERROR | UtBotSymbolicEngine | Coverage is empty for org.apache.commons.lang3.math.NumberUtils.toShort with [org.utbot.fuzzer.FuzzedValue@33a38f07]
12:30:27.026 | ERROR | UtBotSymbolicEngine | Coverage is empty for org.apache.commons.lang3.math.NumberUtils.toShort with [org.utbot.fuzzer.FuzzedValue@3d41881, org.utbot.fuzzer.FuzzedValue@3f04349b]
12:30:27.028 | ERROR | UtBotSymbolicEngine | Coverage is empty for org.apache.commons.lang3.math.NumberUtils.toByte with [org.utbot.fuzzer.FuzzedValue@42a698bd]
12:30:27.030 | ERROR | UtBotSymbolicEngine | Coverage is empty for org.apache.commons.lang3.math.NumberUtils.toByte with [org.utbot.fuzzer.FuzzedValue@7ce58c1c, org.utbot.fuzzer.FuzzedValue@36996b37]
12:30:27.033 | ERROR | UtBotSymbolicEngine | Coverage is empty for org.apache.commons.lang3.math.NumberUtils.toFloat with [org.utbot.fuzzer.FuzzedValue@4467088e, org.utbot.fuzzer.FuzzedValue@283074e8]
12:30:27.035 | ERROR | UtBotSymbolicEngine | Coverage is empty for org.apache.commons.lang3.math.NumberUtils.toFloat with [org.utbot.fuzzer.FuzzedValue@70ca533a]
12:30:27.041 | ERROR | UtBotSymbolicEngine | Coverage is empty for org.apache.commons.lang3.math.NumberUtils.createFloat with [org.utbot.fuzzer.FuzzedValue@563bf9d2]
12:30:27.044 | ERROR | UtBotSymbolicEngine | Coverage is empty for org.apache.commons.lang3.math.NumberUtils.createDouble with [org.utbot.fuzzer.FuzzedValue@16d7f503]
12:30:27.046 | ERROR | UtBotSymbolicEngine | Coverage is empty for org.apache.commons.lang3.math.NumberUtils.isAllZeros with [org.utbot.fuzzer.FuzzedValue@22912968]
12:30:27.052 | ERROR | UtBotSymbolicEngine | Coverage is empty for org.apache.commons.lang3.math.NumberUtils.createNumber with [org.utbot.fuzzer.FuzzedValue@2083bcfd]
12:30:27.062 | ERROR | UtBotSymbolicEngine | Coverage is empty for org.apache.commons.lang3.math.NumberUtils.createInteger with [org.utbot.fuzzer.FuzzedValue@7b3db079]
12:30:27.063 | ERROR | UtBotSymbolicEngine | Coverage is empty for org.apache.commons.lang3.math.NumberUtils.createBigDecimal with [org.utbot.fuzzer.FuzzedValue@3868c92e]
12:30:27.065 | ERROR | UtBotSymbolicEngine | Coverage is empty for org.apache.commons.lang3.math.NumberUtils.createBigInteger with [org.utbot.fuzzer.FuzzedValue@2787abe4]
12:30:27.067 | ERROR | UtBotSymbolicEngine | Coverage is empty for org.apache.commons.lang3.math.NumberUtils.isDigits with [org.utbot.fuzzer.FuzzedValue@7a68818c]
12:30:27.069 | ERROR | UtBotSymbolicEngine | Coverage is empty for org.apache.commons.lang3.math.NumberUtils.isNumber with [org.utbot.fuzzer.FuzzedValue@6aefb242]
12:30:27.075 | ERROR | UtBotSymbolicEngine | Coverage is empty for org.apache.commons.lang3.math.NumberUtils.min with [org.utbot.fuzzer.FuzzedValue@6ca6cc1c, org.utbot.fuzzer.FuzzedValue@75c8855e, org.utbot.fuzzer.FuzzedValue@4d5aeea7]
12:30:27.076 | ERROR | UtBotSymbolicEngine | Coverage is empty for org.apache.commons.lang3.math.NumberUtils.min with [org.utbot.fuzzer.FuzzedValue@7a273fd7, org.utbot.fuzzer.FuzzedValue@38f1f6c9, org.utbot.fuzzer.FuzzedValue@3bf31f3e]
12:30:27.076 | ERROR | UtBotSymbolicEngine | Coverage is empty for org.apache.commons.lang3.math.NumberUtils.min with [org.utbot.fuzzer.FuzzedValue@77c66ac2, org.utbot.fuzzer.FuzzedValue@12e8c5c4, org.utbot.fuzzer.FuzzedValue@27a717a7]
12:30:27.077 | ERROR | UtBotSymbolicEngine | Coverage is empty for org.apache.commons.lang3.math.NumberUtils.min with [org.utbot.fuzzer.FuzzedValue@231d5119, org.utbot.fuzzer.FuzzedValue@79cfc008, org.utbot.fuzzer.FuzzedValue@1ea482b4]
12:30:27.078 | ERROR | UtBotSymbolicEngine | Coverage is empty for org.apache.commons.lang3.math.NumberUtils.min with [org.utbot.fuzzer.FuzzedValue@2a6b6f4]
12:30:27.081 | ERROR | UtBotSymbolicEngine | Coverage is empty for org.apache.commons.lang3.math.NumberUtils.min with [org.utbot.fuzzer.FuzzedValue@7c9d2ed7]
12:30:27.083 | ERROR | UtBotSymbolicEngine | Coverage is empty for org.apache.commons.lang3.math.NumberUtils.min with [org.utbot.fuzzer.FuzzedValue@22bf4d9d, org.utbot.fuzzer.FuzzedValue@9930ff6, org.utbot.fuzzer.FuzzedValue@5d571179]
12:30:27.085 | ERROR | UtBotSymbolicEngine | Coverage is empty for org.apache.commons.lang3.math.NumberUtils.min with [org.utbot.fuzzer.FuzzedValue@65b639e1, org.utbot.fuzzer.FuzzedValue@3e668743, org.utbot.fuzzer.FuzzedValue@35b8b69f]
12:30:27.087 | ERROR | UtBotSymbolicEngine | Coverage is empty for org.apache.commons.lang3.math.NumberUtils.min with [org.utbot.fuzzer.FuzzedValue@4ac64dc2]
12:30:27.089 | ERROR | UtBotSymbolicEngine | Coverage is empty for org.apache.commons.lang3.math.NumberUtils.min with [org.utbot.fuzzer.FuzzedValue@69fc5803]
12:30:27.092 | ERROR | UtBotSymbolicEngine | Coverage is empty for org.apache.commons.lang3.math.NumberUtils.min with [org.utbot.fuzzer.FuzzedValue@18dda2e1]
12:30:27.094 | ERROR | UtBotSymbolicEngine | Coverage is empty for org.apache.commons.lang3.math.NumberUtils.min with [org.utbot.fuzzer.FuzzedValue@5c3f9618]
12:30:27.096 | ERROR | UtBotSymbolicEngine | Coverage is empty for org.apache.commons.lang3.math.NumberUtils.max with [org.utbot.fuzzer.FuzzedValue@637bf67c, org.utbot.fuzzer.FuzzedValue@7b88dd58, org.utbot.fuzzer.FuzzedValue@50720344]
12:30:27.098 | ERROR | UtBotSymbolicEngine | Coverage is empty for org.apache.commons.lang3.math.NumberUtils.max with [org.utbot.fuzzer.FuzzedValue@35825d43, org.utbot.fuzzer.FuzzedValue@5f84e764, org.utbot.fuzzer.FuzzedValue@5eaab295]
12:30:27.100 | ERROR | UtBotSymbolicEngine | Coverage is empty for org.apache.commons.lang3.math.NumberUtils.max with [org.utbot.fuzzer.FuzzedValue@11f81488]
12:30:27.101 | ERROR | UtBotSymbolicEngine | Coverage is empty for org.apache.commons.lang3.math.NumberUtils.max with [org.utbot.fuzzer.FuzzedValue@7d569c10, org.utbot.fuzzer.FuzzedValue@26bd2d7d, org.utbot.fuzzer.FuzzedValue@a712344]
12:30:27.104 | ERROR | UtBotSymbolicEngine | Coverage is empty for org.apache.commons.lang3.math.NumberUtils.max with [org.utbot.fuzzer.FuzzedValue@6ce365b7, org.utbot.fuzzer.FuzzedValue@2296ed0d, org.utbot.fuzzer.FuzzedValue@6b174aa3]
12:30:27.106 | ERROR | UtBotSymbolicEngine | Coverage is empty for org.apache.commons.lang3.math.NumberUtils.max with [org.utbot.fuzzer.FuzzedValue@4b3ea082, org.utbot.fuzzer.FuzzedValue@627222d8, org.utbot.fuzzer.FuzzedValue@68330024]
12:30:27.108 | ERROR | UtBotSymbolicEngine | Coverage is empty for org.apache.commons.lang3.math.NumberUtils.max with [org.utbot.fuzzer.FuzzedValue@4eda5325]
12:30:27.110 | ERROR | UtBotSymbolicEngine | Coverage is empty for org.apache.commons.lang3.math.NumberUtils.max with [org.utbot.fuzzer.FuzzedValue@5f6ae1d]
12:30:27.113 | ERROR | UtBotSymbolicEngine | Coverage is empty for org.apache.commons.lang3.math.NumberUtils.max with [org.utbot.fuzzer.FuzzedValue@4cc9d672]
12:30:27.115 | ERROR | UtBotSymbolicEngine | Coverage is empty for org.apache.commons.lang3.math.NumberUtils.max with [org.utbot.fuzzer.FuzzedValue@5c516cab, org.utbot.fuzzer.FuzzedValue@21f8aa9c, org.utbot.fuzzer.FuzzedValue@7a1587e8]
12:30:27.116 | ERROR | UtBotSymbolicEngine | Coverage is empty for org.apache.commons.lang3.math.NumberUtils.max with [org.utbot.fuzzer.FuzzedValue@3d587c73]
12:30:27.119 | ERROR | UtBotSymbolicEngine | Coverage is empty for org.apache.commons.lang3.math.NumberUtils.max with [org.utbot.fuzzer.FuzzedValue@5b1e5366]
12:30:27.123 | ERROR | UtBotSymbolicEngine | Coverage is empty for org.apache.commons.lang3.math.NumberUtils.createLong with [org.utbot.fuzzer.FuzzedValue@56a7f57f]
12:30:27.124 | ERROR | UtBotSymbolicEngine | Coverage is empty for org.apache.commons.lang3.math.NumberUtils.toInt with [org.utbot.fuzzer.FuzzedValue@6b334a1, org.utbot.fuzzer.FuzzedValue@57ab5033]
12:30:27.124 | INFO  | UtBotSymbolicEngine | Fuzzing overtime: org.apache.commons.lang3.math.NumberUtils.toInt
12:30:27.124 | INFO  | UtBotSymbolicEngine | Test created by fuzzer: 3
12:30:27.124 | INFO  | JavaLanguage | Finishing fuzzing for method: org.apache.commons.lang3.math.NumberUtils.toInt in 3016 ms
12:30:27.124 | INFO  | JavaLanguage | 	Total execution called: 4
12:30:27.129 | ERROR | UtBotSymbolicEngine | Coverage is empty for org.apache.commons.lang3.math.NumberUtils.toDouble with [org.utbot.fuzzer.FuzzedValue@57642552]
12:30:27.130 | ERROR | UtBotSymbolicEngine | Coverage is empty for org.apache.commons.lang3.math.NumberUtils.toDouble with [org.utbot.fuzzer.FuzzedValue@4c2057c6, org.utbot.fuzzer.FuzzedValue@7abc838a]
12:30:27.130 | ERROR | UtBotSymbolicEngine | Coverage is empty for org.apache.commons.lang3.math.NumberUtils.toLong with [org.utbot.fuzzer.FuzzedValue@417f7d7f, org.utbot.fuzzer.FuzzedValue@da09b52]
12:30:27.130 | INFO  | UtBotSymbolicEngine | Fuzzing overtime: org.apache.commons.lang3.math.NumberUtils.toDouble
12:30:27.130 | INFO  | UtBotSymbolicEngine | Test created by fuzzer: 3
12:30:27.131 | INFO  | JavaLanguage | Finishing fuzzing for method: org.apache.commons.lang3.math.NumberUtils.toDouble in 3000 ms
12:30:27.131 | INFO  | JavaLanguage | 	Total execution called: 4
12:30:27.136 | INFO  | UtBotSymbolicEngine | Fuzzing overtime: org.apache.commons.lang3.math.NumberUtils.toDouble
12:30:27.136 | INFO  | UtBotSymbolicEngine | Test created by fuzzer: 3
12:30:27.136 | INFO  | JavaLanguage | Finishing fuzzing for method: org.apache.commons.lang3.math.NumberUtils.toDouble in 3002 ms
12:30:27.136 | INFO  | JavaLanguage | 	Total execution called: 4
12:30:27.632 | INFO  | TestCaseGenerator | Resuming method org.apache.commons.lang3.math.NumberUtils.toLong
12:30:27.732 | INFO  | UtBotSymbolicEngine | Fuzzing overtime: org.apache.commons.lang3.math.NumberUtils.toLong
12:30:27.732 | INFO  | UtBotSymbolicEngine | Test created by fuzzer: 3
12:30:27.732 | INFO  | JavaLanguage | Finishing fuzzing for method: org.apache.commons.lang3.math.NumberUtils.toLong in 3579 ms
12:30:27.732 | INFO  | JavaLanguage | 	Total execution called: 4
12:30:27.826 | ERROR | UtBotSymbolicEngine | Coverage is empty for org.apache.commons.lang3.math.NumberUtils.toLong with [org.utbot.fuzzer.FuzzedValue@3fcc58f8]
12:30:27.826 | ERROR | UtBotSymbolicEngine | Coverage is empty for org.apache.commons.lang3.math.NumberUtils.toShort with [org.utbot.fuzzer.FuzzedValue@13190355]
12:30:27.827 | ERROR | UtBotSymbolicEngine | Coverage is empty for org.apache.commons.lang3.math.NumberUtils.toShort with [org.utbot.fuzzer.FuzzedValue@5ffae42f, org.utbot.fuzzer.FuzzedValue@58182d7]
12:30:27.827 | ERROR | UtBotSymbolicEngine | Coverage is empty for org.apache.commons.lang3.math.NumberUtils.toByte with [org.utbot.fuzzer.FuzzedValue@69abff1d]
12:30:27.828 | ERROR | UtBotSymbolicEngine | Coverage is empty for org.apache.commons.lang3.math.NumberUtils.toByte with [org.utbot.fuzzer.FuzzedValue@2db15764, org.utbot.fuzzer.FuzzedValue@7d727123]
12:30:27.828 | ERROR | UtBotSymbolicEngine | Coverage is empty for org.apache.commons.lang3.math.NumberUtils.toFloat with [org.utbot.fuzzer.FuzzedValue@1b3639a1, org.utbot.fuzzer.FuzzedValue@59df8444]
12:30:27.829 | ERROR | UtBotSymbolicEngine | Coverage is empty for org.apache.commons.lang3.math.NumberUtils.toFloat with [org.utbot.fuzzer.FuzzedValue@5ae06c93]
12:30:27.830 | ERROR | UtBotSymbolicEngine | Coverage is empty for org.apache.commons.lang3.math.NumberUtils.createFloat with [org.utbot.fuzzer.FuzzedValue@6ab56a77]
12:30:27.837 | ERROR | UtBotSymbolicEngine | Coverage is empty for org.apache.commons.lang3.math.NumberUtils.createDouble with [org.utbot.fuzzer.FuzzedValue@7f03e5f4]
12:30:27.838 | ERROR | UtBotSymbolicEngine | Coverage is empty for org.apache.commons.lang3.math.NumberUtils.isAllZeros with [org.utbot.fuzzer.FuzzedValue@fabe3f8]
12:30:27.840 | ERROR | UtBotSymbolicEngine | Coverage is empty for org.apache.commons.lang3.math.NumberUtils.createNumber with [org.utbot.fuzzer.FuzzedValue@4c14ed24]
12:30:27.841 | ERROR | UtBotSymbolicEngine | Coverage is empty for org.apache.commons.lang3.math.NumberUtils.createInteger with [org.utbot.fuzzer.FuzzedValue@7900d917]
12:30:27.842 | ERROR | UtBotSymbolicEngine | Coverage is empty for org.apache.commons.lang3.math.NumberUtils.createBigDecimal with [org.utbot.fuzzer.FuzzedValue@962e03a]
12:30:27.844 | ERROR | UtBotSymbolicEngine | Coverage is empty for org.apache.commons.lang3.math.NumberUtils.createBigInteger with [org.utbot.fuzzer.FuzzedValue@5f3fa154]
12:30:27.845 | ERROR | UtBotSymbolicEngine | Coverage is empty for org.apache.commons.lang3.math.NumberUtils.isDigits with [org.utbot.fuzzer.FuzzedValue@2de22e7]
12:30:27.845 | ERROR | UtBotSymbolicEngine | Coverage is empty for org.apache.commons.lang3.math.NumberUtils.isNumber with [org.utbot.fuzzer.FuzzedValue@6e1ac80e]
12:30:27.846 | ERROR | UtBotSymbolicEngine | Coverage is empty for org.apache.commons.lang3.math.NumberUtils.min with [org.utbot.fuzzer.FuzzedValue@312af870, org.utbot.fuzzer.FuzzedValue@27df971b, org.utbot.fuzzer.FuzzedValue@1160c54b]
12:30:27.847 | ERROR | UtBotSymbolicEngine | Coverage is empty for org.apache.commons.lang3.math.NumberUtils.min with [org.utbot.fuzzer.FuzzedValue@27131d01, org.utbot.fuzzer.FuzzedValue@15c27b65, org.utbot.fuzzer.FuzzedValue@106a6420]
12:30:27.848 | ERROR | UtBotSymbolicEngine | Coverage is empty for org.apache.commons.lang3.math.NumberUtils.min with [org.utbot.fuzzer.FuzzedValue@7a337217, org.utbot.fuzzer.FuzzedValue@45c3cf0c, org.utbot.fuzzer.FuzzedValue@58cd7486]
12:30:27.849 | ERROR | UtBotSymbolicEngine | Coverage is empty for org.apache.commons.lang3.math.NumberUtils.min with [org.utbot.fuzzer.FuzzedValue@19b89a23, org.utbot.fuzzer.FuzzedValue@6d1a4522, org.utbot.fuzzer.FuzzedValue@1835b24b]
12:30:27.851 | ERROR | UtBotSymbolicEngine | Coverage is empty for org.apache.commons.lang3.math.NumberUtils.min with [org.utbot.fuzzer.FuzzedValue@1db4ea47]
12:30:27.852 | ERROR | UtBotSymbolicEngine | Coverage is empty for org.apache.commons.lang3.math.NumberUtils.min with [org.utbot.fuzzer.FuzzedValue@397f3ff5]
12:30:27.852 | ERROR | UtBotSymbolicEngine | Coverage is empty for org.apache.commons.lang3.math.NumberUtils.min with [org.utbot.fuzzer.FuzzedValue@666033b1, org.utbot.fuzzer.FuzzedValue@db9ecd, org.utbot.fuzzer.FuzzedValue@23ac164d]
12:30:27.853 | ERROR | UtBotSymbolicEngine | Coverage is empty for org.apache.commons.lang3.math.NumberUtils.min with [org.utbot.fuzzer.FuzzedValue@6efa2e06, org.utbot.fuzzer.FuzzedValue@6722f81a, org.utbot.fuzzer.FuzzedValue@4a9a0d9d]
12:30:27.853 | ERROR | UtBotSymbolicEngine | Coverage is empty for org.apache.commons.lang3.math.NumberUtils.min with [org.utbot.fuzzer.FuzzedValue@1a02063a]
12:30:27.854 | ERROR | UtBotSymbolicEngine | Coverage is empty for org.apache.commons.lang3.math.NumberUtils.min with [org.utbot.fuzzer.FuzzedValue@3ae648d2]
12:30:27.854 | ERROR | UtBotSymbolicEngine | Coverage is empty for org.apache.commons.lang3.math.NumberUtils.min with [org.utbot.fuzzer.FuzzedValue@7e32f76b]
12:30:27.854 | ERROR | UtBotSymbolicEngine | Coverage is empty for org.apache.commons.lang3.math.NumberUtils.min with [org.utbot.fuzzer.FuzzedValue@3d707885]
12:30:27.855 | ERROR | UtBotSymbolicEngine | Coverage is empty for org.apache.commons.lang3.math.NumberUtils.max with [org.utbot.fuzzer.FuzzedValue@2eb95662, org.utbot.fuzzer.FuzzedValue@4d87553b, org.utbot.fuzzer.FuzzedValue@31efe094]
12:30:27.856 | ERROR | UtBotSymbolicEngine | Coverage is empty for org.apache.commons.lang3.math.NumberUtils.max with [org.utbot.fuzzer.FuzzedValue@5498d2a2, org.utbot.fuzzer.FuzzedValue@1d280bab, org.utbot.fuzzer.FuzzedValue@74a121fe]
12:30:27.857 | ERROR | UtBotSymbolicEngine | Coverage is empty for org.apache.commons.lang3.math.NumberUtils.max with [org.utbot.fuzzer.FuzzedValue@4c1dc246]
12:30:27.858 | ERROR | UtBotSymbolicEngine | Coverage is empty for org.apache.commons.lang3.math.NumberUtils.max with [org.utbot.fuzzer.FuzzedValue@5a7e0d68, org.utbot.fuzzer.FuzzedValue@11f8d64, org.utbot.fuzzer.FuzzedValue@10f03ab0]
12:30:27.858 | ERROR | UtBotSymbolicEngine | Coverage is empty for org.apache.commons.lang3.math.NumberUtils.max with [org.utbot.fuzzer.FuzzedValue@18c2b4c6, org.utbot.fuzzer.FuzzedValue@1c71d704, org.utbot.fuzzer.FuzzedValue@461e9b31]
12:30:27.858 | ERROR | UtBotSymbolicEngine | Coverage is empty for org.apache.commons.lang3.math.NumberUtils.max with [org.utbot.fuzzer.FuzzedValue@7e4f5062, org.utbot.fuzzer.FuzzedValue@1c93f349, org.utbot.fuzzer.FuzzedValue@473ee461]
12:30:27.860 | ERROR | UtBotSymbolicEngine | Coverage is empty for org.apache.commons.lang3.math.NumberUtils.max with [org.utbot.fuzzer.FuzzedValue@30a34f07]
12:30:27.860 | ERROR | UtBotSymbolicEngine | Coverage is empty for org.apache.commons.lang3.math.NumberUtils.max with [org.utbot.fuzzer.FuzzedValue@5225f612]
12:30:27.860 | ERROR | UtBotSymbolicEngine | Coverage is empty for org.apache.commons.lang3.math.NumberUtils.max with [org.utbot.fuzzer.FuzzedValue@51a4472d]
12:30:27.860 | ERROR | UtBotSymbolicEngine | Coverage is empty for org.apache.commons.lang3.math.NumberUtils.max with [org.utbot.fuzzer.FuzzedValue@4f578fc2, org.utbot.fuzzer.FuzzedValue@26350832, org.utbot.fuzzer.FuzzedValue@7d1cdebf]
12:30:27.862 | ERROR | UtBotSymbolicEngine | Coverage is empty for org.apache.commons.lang3.math.NumberUtils.max with [org.utbot.fuzzer.FuzzedValue@650ee893]
12:30:27.862 | ERROR | UtBotSymbolicEngine | Coverage is empty for org.apache.commons.lang3.math.NumberUtils.max with [org.utbot.fuzzer.FuzzedValue@62a07c01]
12:30:27.863 | ERROR | UtBotSymbolicEngine | Coverage is empty for org.apache.commons.lang3.math.NumberUtils.createLong with [org.utbot.fuzzer.FuzzedValue@18ee9a8f]
12:30:27.863 | INFO  | UtBotSymbolicEngine | Fuzzing overtime: org.apache.commons.lang3.math.NumberUtils.toLong
12:30:27.863 | INFO  | UtBotSymbolicEngine | Test created by fuzzer: 3
12:30:27.863 | INFO  | JavaLanguage | Finishing fuzzing for method: org.apache.commons.lang3.math.NumberUtils.toLong in 3706 ms
12:30:27.863 | INFO  | JavaLanguage | 	Total execution called: 4
12:30:27.868 | INFO  | UtBotSymbolicEngine | Fuzzing overtime: org.apache.commons.lang3.math.NumberUtils.toShort
12:30:27.868 | INFO  | UtBotSymbolicEngine | Test created by fuzzer: 3
12:30:27.868 | INFO  | JavaLanguage | Finishing fuzzing for method: org.apache.commons.lang3.math.NumberUtils.toShort in 3709 ms
12:30:27.868 | INFO  | JavaLanguage | 	Total execution called: 4
12:30:27.875 | INFO  | UtBotSymbolicEngine | Fuzzing overtime: org.apache.commons.lang3.math.NumberUtils.toShort
12:30:27.875 | INFO  | UtBotSymbolicEngine | Test created by fuzzer: 3
12:30:27.875 | INFO  | JavaLanguage | Finishing fuzzing for method: org.apache.commons.lang3.math.NumberUtils.toShort in 3713 ms
12:30:27.875 | INFO  | JavaLanguage | 	Total execution called: 4
12:30:27.880 | INFO  | UtBotSymbolicEngine | Fuzzing overtime: org.apache.commons.lang3.math.NumberUtils.toByte
12:30:27.880 | INFO  | UtBotSymbolicEngine | Test created by fuzzer: 3
12:30:27.880 | INFO  | JavaLanguage | Finishing fuzzing for method: org.apache.commons.lang3.math.NumberUtils.toByte in 3715 ms
12:30:27.880 | INFO  | JavaLanguage | 	Total execution called: 4
12:30:27.884 | INFO  | UtBotSymbolicEngine | Fuzzing overtime: org.apache.commons.lang3.math.NumberUtils.toByte
12:30:27.884 | INFO  | UtBotSymbolicEngine | Test created by fuzzer: 3
12:30:27.884 | INFO  | JavaLanguage | Finishing fuzzing for method: org.apache.commons.lang3.math.NumberUtils.toByte in 3718 ms
12:30:27.884 | INFO  | JavaLanguage | 	Total execution called: 4
12:30:27.889 | INFO  | UtBotSymbolicEngine | Fuzzing overtime: org.apache.commons.lang3.math.NumberUtils.toFloat
12:30:27.889 | INFO  | UtBotSymbolicEngine | Test created by fuzzer: 3
12:30:27.889 | INFO  | JavaLanguage | Finishing fuzzing for method: org.apache.commons.lang3.math.NumberUtils.toFloat in 3719 ms
12:30:27.889 | INFO  | JavaLanguage | 	Total execution called: 4
12:30:27.893 | INFO  | UtBotSymbolicEngine | Fuzzing overtime: org.apache.commons.lang3.math.NumberUtils.toFloat
12:30:27.893 | INFO  | UtBotSymbolicEngine | Test created by fuzzer: 3
12:30:27.893 | INFO  | JavaLanguage | Finishing fuzzing for method: org.apache.commons.lang3.math.NumberUtils.toFloat in 3720 ms
12:30:27.893 | INFO  | JavaLanguage | 	Total execution called: 4
12:30:27.898 | INFO  | UtBotSymbolicEngine | Fuzzing overtime: org.apache.commons.lang3.math.NumberUtils.createFloat
12:30:27.898 | INFO  | UtBotSymbolicEngine | Test created by fuzzer: 3
12:30:27.898 | INFO  | JavaLanguage | Finishing fuzzing for method: org.apache.commons.lang3.math.NumberUtils.createFloat in 3722 ms
12:30:27.898 | INFO  | JavaLanguage | 	Total execution called: 4
12:30:27.902 | INFO  | UtBotSymbolicEngine | Fuzzing overtime: org.apache.commons.lang3.math.NumberUtils.createDouble
12:30:27.903 | INFO  | UtBotSymbolicEngine | Test created by fuzzer: 3
12:30:27.903 | INFO  | JavaLanguage | Finishing fuzzing for method: org.apache.commons.lang3.math.NumberUtils.createDouble in 3724 ms
12:30:27.903 | INFO  | JavaLanguage | 	Total execution called: 4
12:30:27.907 | INFO  | UtBotSymbolicEngine | Fuzzing overtime: org.apache.commons.lang3.math.NumberUtils.isAllZeros
12:30:27.907 | INFO  | UtBotSymbolicEngine | Test created by fuzzer: 3
12:30:27.907 | INFO  | JavaLanguage | Finishing fuzzing for method: org.apache.commons.lang3.math.NumberUtils.isAllZeros in 3723 ms
12:30:27.907 | INFO  | JavaLanguage | 	Total execution called: 4
12:30:27.911 | INFO  | UtBotSymbolicEngine | Fuzzing overtime: org.apache.commons.lang3.math.NumberUtils.createNumber
12:30:27.911 | INFO  | UtBotSymbolicEngine | Test created by fuzzer: 3
12:30:27.911 | INFO  | JavaLanguage | Finishing fuzzing for method: org.apache.commons.lang3.math.NumberUtils.createNumber in 3660 ms
12:30:27.911 | INFO  | JavaLanguage | 	Total execution called: 4
12:30:27.915 | INFO  | UtBotSymbolicEngine | Fuzzing overtime: org.apache.commons.lang3.math.NumberUtils.createInteger
12:30:27.915 | INFO  | UtBotSymbolicEngine | Test created by fuzzer: 3
12:30:27.915 | INFO  | JavaLanguage | Finishing fuzzing for method: org.apache.commons.lang3.math.NumberUtils.createInteger in 3660 ms
12:30:27.915 | INFO  | JavaLanguage | 	Total execution called: 4
12:30:27.919 | INFO  | UtBotSymbolicEngine | Fuzzing overtime: org.apache.commons.lang3.math.NumberUtils.createBigDecimal
12:30:27.919 | INFO  | UtBotSymbolicEngine | Test created by fuzzer: 3
12:30:27.919 | INFO  | JavaLanguage | Finishing fuzzing for method: org.apache.commons.lang3.math.NumberUtils.createBigDecimal in 3661 ms
12:30:27.919 | INFO  | JavaLanguage | 	Total execution called: 4
12:30:27.923 | INFO  | UtBotSymbolicEngine | Fuzzing overtime: org.apache.commons.lang3.math.NumberUtils.createBigInteger
12:30:27.923 | INFO  | UtBotSymbolicEngine | Test created by fuzzer: 3
12:30:27.923 | INFO  | JavaLanguage | Finishing fuzzing for method: org.apache.commons.lang3.math.NumberUtils.createBigInteger in 3662 ms
12:30:27.923 | INFO  | JavaLanguage | 	Total execution called: 4
12:30:27.927 | INFO  | UtBotSymbolicEngine | Fuzzing overtime: org.apache.commons.lang3.math.NumberUtils.isDigits
12:30:27.927 | INFO  | UtBotSymbolicEngine | Test created by fuzzer: 3
12:30:27.927 | INFO  | JavaLanguage | Finishing fuzzing for method: org.apache.commons.lang3.math.NumberUtils.isDigits in 3663 ms
12:30:27.927 | INFO  | JavaLanguage | 	Total execution called: 4
12:30:27.932 | INFO  | UtBotSymbolicEngine | Fuzzing overtime: org.apache.commons.lang3.math.NumberUtils.isNumber
12:30:27.932 | INFO  | UtBotSymbolicEngine | Test created by fuzzer: 3
12:30:27.932 | INFO  | JavaLanguage | Finishing fuzzing for method: org.apache.commons.lang3.math.NumberUtils.isNumber in 3649 ms
12:30:27.932 | INFO  | JavaLanguage | 	Total execution called: 4
12:30:27.936 | INFO  | UtBotSymbolicEngine | Fuzzing overtime: org.apache.commons.lang3.math.NumberUtils.min
12:30:27.936 | INFO  | UtBotSymbolicEngine | Test created by fuzzer: 3
12:30:27.936 | INFO  | JavaLanguage | Finishing fuzzing for method: org.apache.commons.lang3.math.NumberUtils.min in 3650 ms
12:30:27.936 | INFO  | JavaLanguage | 	Total execution called: 4
12:30:27.941 | INFO  | UtBotSymbolicEngine | Fuzzing overtime: org.apache.commons.lang3.math.NumberUtils.min
12:30:27.941 | INFO  | UtBotSymbolicEngine | Test created by fuzzer: 3
12:30:27.941 | INFO  | JavaLanguage | Finishing fuzzing for method: org.apache.commons.lang3.math.NumberUtils.min in 3652 ms
12:30:27.941 | INFO  | JavaLanguage | 	Total execution called: 4
12:30:27.947 | INFO  | UtBotSymbolicEngine | Fuzzing overtime: org.apache.commons.lang3.math.NumberUtils.min
12:30:27.947 | INFO  | UtBotSymbolicEngine | Test created by fuzzer: 3
12:30:27.947 | INFO  | JavaLanguage | Finishing fuzzing for method: org.apache.commons.lang3.math.NumberUtils.min in 3654 ms
12:30:27.947 | INFO  | JavaLanguage | 	Total execution called: 4
12:30:27.952 | INFO  | UtBotSymbolicEngine | Fuzzing overtime: org.apache.commons.lang3.math.NumberUtils.min
12:30:27.952 | INFO  | UtBotSymbolicEngine | Test created by fuzzer: 3
12:30:27.952 | INFO  | JavaLanguage | Finishing fuzzing for method: org.apache.commons.lang3.math.NumberUtils.min in 3656 ms
12:30:27.952 | INFO  | JavaLanguage | 	Total execution called: 4
12:30:27.958 | INFO  | UtBotSymbolicEngine | Fuzzing overtime: org.apache.commons.lang3.math.NumberUtils.min
12:30:27.958 | INFO  | UtBotSymbolicEngine | Test created by fuzzer: 3
12:30:27.958 | INFO  | JavaLanguage | Finishing fuzzing for method: org.apache.commons.lang3.math.NumberUtils.min in 3653 ms
12:30:27.958 | INFO  | JavaLanguage | 	Total execution called: 4
12:30:28.364 | INFO  | UtBotSymbolicEngine | Fuzzing overtime: org.apache.commons.lang3.math.NumberUtils.min
12:30:28.365 | INFO  | UtBotSymbolicEngine | Test created by fuzzer: 3
12:30:28.365 | INFO  | JavaLanguage | Finishing fuzzing for method: org.apache.commons.lang3.math.NumberUtils.min in 4042 ms
12:30:28.365 | INFO  | JavaLanguage | 	Total execution called: 4
12:30:28.370 | INFO  | UtBotSymbolicEngine | Fuzzing overtime: org.apache.commons.lang3.math.NumberUtils.min
12:30:28.370 | INFO  | UtBotSymbolicEngine | Test created by fuzzer: 3
12:30:28.371 | INFO  | JavaLanguage | Finishing fuzzing for method: org.apache.commons.lang3.math.NumberUtils.min in 4045 ms
12:30:28.371 | INFO  | JavaLanguage | 	Total execution called: 4
12:30:28.375 | INFO  | UtBotSymbolicEngine | Fuzzing overtime: org.apache.commons.lang3.math.NumberUtils.min
12:30:28.375 | INFO  | UtBotSymbolicEngine | Test created by fuzzer: 3
12:30:28.375 | INFO  | JavaLanguage | Finishing fuzzing for method: org.apache.commons.lang3.math.NumberUtils.min in 4047 ms
12:30:28.375 | INFO  | JavaLanguage | 	Total execution called: 4
12:30:28.379 | INFO  | UtBotSymbolicEngine | Fuzzing overtime: org.apache.commons.lang3.math.NumberUtils.min
12:30:28.379 | INFO  | UtBotSymbolicEngine | Test created by fuzzer: 3
12:30:28.379 | INFO  | JavaLanguage | Finishing fuzzing for method: org.apache.commons.lang3.math.NumberUtils.min in 4048 ms
12:30:28.379 | INFO  | JavaLanguage | 	Total execution called: 4
12:30:28.384 | INFO  | UtBotSymbolicEngine | Fuzzing overtime: org.apache.commons.lang3.math.NumberUtils.min
12:30:28.384 | INFO  | UtBotSymbolicEngine | Test created by fuzzer: 3
12:30:28.384 | INFO  | JavaLanguage | Finishing fuzzing for method: org.apache.commons.lang3.math.NumberUtils.min in 4046 ms
12:30:28.384 | INFO  | JavaLanguage | 	Total execution called: 4
12:30:28.388 | INFO  | UtBotSymbolicEngine | Fuzzing overtime: org.apache.commons.lang3.math.NumberUtils.min
12:30:28.388 | INFO  | UtBotSymbolicEngine | Test created by fuzzer: 3
12:30:28.388 | INFO  | JavaLanguage | Finishing fuzzing for method: org.apache.commons.lang3.math.NumberUtils.min in 4047 ms
12:30:28.388 | INFO  | JavaLanguage | 	Total execution called: 4
12:30:28.391 | INFO  | UtBotSymbolicEngine | Fuzzing overtime: org.apache.commons.lang3.math.NumberUtils.min
12:30:28.391 | INFO  | UtBotSymbolicEngine | Test created by fuzzer: 3
12:30:28.391 | INFO  | JavaLanguage | Finishing fuzzing for method: org.apache.commons.lang3.math.NumberUtils.min in 4048 ms
12:30:28.391 | INFO  | JavaLanguage | 	Total execution called: 4
12:30:28.395 | INFO  | UtBotSymbolicEngine | Fuzzing overtime: org.apache.commons.lang3.math.NumberUtils.max
12:30:28.395 | INFO  | UtBotSymbolicEngine | Test created by fuzzer: 3
12:30:28.395 | INFO  | JavaLanguage | Finishing fuzzing for method: org.apache.commons.lang3.math.NumberUtils.max in 4050 ms
12:30:28.395 | INFO  | JavaLanguage | 	Total execution called: 4
12:30:28.399 | INFO  | UtBotSymbolicEngine | Fuzzing overtime: org.apache.commons.lang3.math.NumberUtils.max
12:30:28.399 | INFO  | UtBotSymbolicEngine | Test created by fuzzer: 3
12:30:28.399 | INFO  | JavaLanguage | Finishing fuzzing for method: org.apache.commons.lang3.math.NumberUtils.max in 4052 ms
12:30:28.399 | INFO  | JavaLanguage | 	Total execution called: 4
12:30:28.404 | INFO  | UtBotSymbolicEngine | Fuzzing overtime: org.apache.commons.lang3.math.NumberUtils.max
12:30:28.404 | INFO  | UtBotSymbolicEngine | Test created by fuzzer: 3
12:30:28.404 | INFO  | JavaLanguage | Finishing fuzzing for method: org.apache.commons.lang3.math.NumberUtils.max in 4053 ms
12:30:28.404 | INFO  | JavaLanguage | 	Total execution called: 4
12:30:28.408 | INFO  | UtBotSymbolicEngine | Fuzzing overtime: org.apache.commons.lang3.math.NumberUtils.max
12:30:28.408 | INFO  | UtBotSymbolicEngine | Test created by fuzzer: 3
12:30:28.408 | INFO  | JavaLanguage | Finishing fuzzing for method: org.apache.commons.lang3.math.NumberUtils.max in 4054 ms
12:30:28.408 | INFO  | JavaLanguage | 	Total execution called: 4
12:30:28.412 | INFO  | UtBotSymbolicEngine | Fuzzing overtime: org.apache.commons.lang3.math.NumberUtils.max
12:30:28.412 | INFO  | UtBotSymbolicEngine | Test created by fuzzer: 3
12:30:28.412 | INFO  | JavaLanguage | Finishing fuzzing for method: org.apache.commons.lang3.math.NumberUtils.max in 4055 ms
12:30:28.412 | INFO  | JavaLanguage | 	Total execution called: 4
12:30:28.416 | INFO  | UtBotSymbolicEngine | Fuzzing overtime: org.apache.commons.lang3.math.NumberUtils.max
12:30:28.417 | INFO  | UtBotSymbolicEngine | Test created by fuzzer: 3
12:30:28.417 | INFO  | JavaLanguage | Finishing fuzzing for method: org.apache.commons.lang3.math.NumberUtils.max in 4056 ms
12:30:28.417 | INFO  | JavaLanguage | 	Total execution called: 4
12:30:28.421 | INFO  | UtBotSymbolicEngine | Fuzzing overtime: org.apache.commons.lang3.math.NumberUtils.max
12:30:28.421 | INFO  | UtBotSymbolicEngine | Test created by fuzzer: 3
12:30:28.421 | INFO  | JavaLanguage | Finishing fuzzing for method: org.apache.commons.lang3.math.NumberUtils.max in 4058 ms
12:30:28.421 | INFO  | JavaLanguage | 	Total execution called: 4
12:30:28.426 | INFO  | UtBotSymbolicEngine | Fuzzing overtime: org.apache.commons.lang3.math.NumberUtils.max
12:30:28.426 | INFO  | UtBotSymbolicEngine | Test created by fuzzer: 3
12:30:28.426 | INFO  | JavaLanguage | Finishing fuzzing for method: org.apache.commons.lang3.math.NumberUtils.max in 4060 ms
12:30:28.426 | INFO  | JavaLanguage | 	Total execution called: 4
12:30:28.431 | INFO  | UtBotSymbolicEngine | Fuzzing overtime: org.apache.commons.lang3.math.NumberUtils.max
12:30:28.431 | INFO  | UtBotSymbolicEngine | Test created by fuzzer: 3
12:30:28.431 | INFO  | JavaLanguage | Finishing fuzzing for method: org.apache.commons.lang3.math.NumberUtils.max in 4063 ms
12:30:28.431 | INFO  | JavaLanguage | 	Total execution called: 4
12:30:28.436 | INFO  | UtBotSymbolicEngine | Fuzzing overtime: org.apache.commons.lang3.math.NumberUtils.max
12:30:28.436 | INFO  | UtBotSymbolicEngine | Test created by fuzzer: 3
12:30:28.436 | INFO  | JavaLanguage | Finishing fuzzing for method: org.apache.commons.lang3.math.NumberUtils.max in 4064 ms
12:30:28.436 | INFO  | JavaLanguage | 	Total execution called: 4
12:30:28.441 | INFO  | UtBotSymbolicEngine | Fuzzing overtime: org.apache.commons.lang3.math.NumberUtils.max
12:30:28.441 | INFO  | UtBotSymbolicEngine | Test created by fuzzer: 3
12:30:28.441 | INFO  | JavaLanguage | Finishing fuzzing for method: org.apache.commons.lang3.math.NumberUtils.max in 4066 ms
12:30:28.441 | INFO  | JavaLanguage | 	Total execution called: 4
12:30:28.446 | INFO  | UtBotSymbolicEngine | Fuzzing overtime: org.apache.commons.lang3.math.NumberUtils.max
12:30:28.446 | INFO  | UtBotSymbolicEngine | Test created by fuzzer: 3
12:30:28.446 | INFO  | JavaLanguage | Finishing fuzzing for method: org.apache.commons.lang3.math.NumberUtils.max in 4069 ms
12:30:28.446 | INFO  | JavaLanguage | 	Total execution called: 4
12:30:28.451 | INFO  | UtBotSymbolicEngine | Fuzzing overtime: org.apache.commons.lang3.math.NumberUtils.createLong
12:30:28.451 | INFO  | UtBotSymbolicEngine | Test created by fuzzer: 3
12:30:28.451 | INFO  | JavaLanguage | Finishing fuzzing for method: org.apache.commons.lang3.math.NumberUtils.createLong in 4072 ms
12:30:28.451 | INFO  | JavaLanguage | 	Total execution called: 4
12:30:28.747 | INFO  | TestCaseGenerator | Resuming method org.apache.commons.lang3.math.NumberUtils.toLong
12:30:29.270 | INFO  | TestCaseGenerator | Resuming method org.apache.commons.lang3.math.NumberUtils.toShort
12:30:29.758 | INFO  | TestCaseGenerator | Resuming method org.apache.commons.lang3.math.NumberUtils.toShort
12:30:30.153 | INFO  | TestCaseGenerator | Resuming method org.apache.commons.lang3.math.NumberUtils.toByte
12:30:30.616 | INFO  | TestCaseGenerator | Resuming method org.apache.commons.lang3.math.NumberUtils.toByte
12:30:30.977 | INFO  | TestCaseGenerator | Resuming method org.apache.commons.lang3.math.NumberUtils.toFloat
12:30:32.131 | INFO  | TestCaseGenerator | Resuming method org.apache.commons.lang3.math.NumberUtils.toFloat
12:30:33.286 | INFO  | TestCaseGenerator | Resuming method org.apache.commons.lang3.math.NumberUtils.createFloat
12:30:34.440 | INFO  | TestCaseGenerator | Resuming method org.apache.commons.lang3.math.NumberUtils.createDouble
12:30:35.594 | INFO  | TestCaseGenerator | Resuming method org.apache.commons.lang3.math.NumberUtils.isAllZeros
12:30:35.803 | INFO  | TestCaseGenerator | Resuming method org.apache.commons.lang3.math.NumberUtils.createNumber
12:30:36.958 | INFO  | TestCaseGenerator | Resuming method org.apache.commons.lang3.math.NumberUtils.createInteger
12:30:38.112 | INFO  | TestCaseGenerator | Resuming method org.apache.commons.lang3.math.NumberUtils.createBigDecimal
12:30:39.266 | INFO  | TestCaseGenerator | Resuming method org.apache.commons.lang3.math.NumberUtils.createBigInteger
12:30:40.420 | INFO  | TestCaseGenerator | Resuming method org.apache.commons.lang3.math.NumberUtils.isDigits
12:30:40.784 | INFO  | TestCaseGenerator | Resuming method org.apache.commons.lang3.math.NumberUtils.isNumber
12:30:41.938 | INFO  | TestCaseGenerator | Resuming method org.apache.commons.lang3.math.NumberUtils.min
12:30:41.994 | INFO  | TestCaseGenerator | Resuming method org.apache.commons.lang3.math.NumberUtils.min
12:30:42.040 | INFO  | TestCaseGenerator | Resuming method org.apache.commons.lang3.math.NumberUtils.min
12:30:42.089 | INFO  | TestCaseGenerator | Resuming method org.apache.commons.lang3.math.NumberUtils.min
12:30:42.129 | INFO  | TestCaseGenerator | Resuming method org.apache.commons.lang3.math.NumberUtils.min
12:30:42.276 | INFO  | TestCaseGenerator | Resuming method org.apache.commons.lang3.math.NumberUtils.min
12:30:42.422 | INFO  | TestCaseGenerator | Resuming method org.apache.commons.lang3.math.NumberUtils.min
12:30:42.500 | INFO  | TestCaseGenerator | Resuming method org.apache.commons.lang3.math.NumberUtils.min
12:30:42.573 | INFO  | TestCaseGenerator | Resuming method org.apache.commons.lang3.math.NumberUtils.min
12:30:42.703 | INFO  | TestCaseGenerator | Resuming method org.apache.commons.lang3.math.NumberUtils.min
12:30:42.827 | INFO  | TestCaseGenerator | Resuming method org.apache.commons.lang3.math.NumberUtils.min
12:30:42.945 | INFO  | TestCaseGenerator | Resuming method org.apache.commons.lang3.math.NumberUtils.min
12:30:43.067 | INFO  | TestCaseGenerator | Resuming method org.apache.commons.lang3.math.NumberUtils.max
12:30:43.109 | INFO  | TestCaseGenerator | Resuming method org.apache.commons.lang3.math.NumberUtils.max
12:30:43.153 | INFO  | TestCaseGenerator | Resuming method org.apache.commons.lang3.math.NumberUtils.max
12:30:43.283 | INFO  | TestCaseGenerator | Resuming method org.apache.commons.lang3.math.NumberUtils.max
12:30:43.360 | INFO  | TestCaseGenerator | Resuming method org.apache.commons.lang3.math.NumberUtils.max
12:30:43.440 | INFO  | TestCaseGenerator | Resuming method org.apache.commons.lang3.math.NumberUtils.max
12:30:43.492 | INFO  | TestCaseGenerator | Resuming method org.apache.commons.lang3.math.NumberUtils.max
12:30:43.607 | INFO  | TestCaseGenerator | Resuming method org.apache.commons.lang3.math.NumberUtils.max
12:30:43.720 | INFO  | TestCaseGenerator | Resuming method org.apache.commons.lang3.math.NumberUtils.max
12:30:43.845 | INFO  | TestCaseGenerator | Resuming method org.apache.commons.lang3.math.NumberUtils.max
12:30:43.881 | INFO  | TestCaseGenerator | Resuming method org.apache.commons.lang3.math.NumberUtils.max
12:30:44.031 | INFO  | TestCaseGenerator | Resuming method org.apache.commons.lang3.math.NumberUtils.max
12:30:44.150 | INFO  | TestCaseGenerator | Resuming method org.apache.commons.lang3.math.NumberUtils.createLong
12:30:44.491 | INFO  | TestCaseGenerator | Resuming method org.apache.commons.lang3.math.NumberUtils.toInt
12:30:44.798 | INFO  | TestCaseGenerator | Resuming method org.apache.commons.lang3.math.NumberUtils.toInt
12:30:45.072 | INFO  | TestCaseGenerator | Resuming method org.apache.commons.lang3.math.NumberUtils.toDouble
12:30:46.226 | INFO  | TestCaseGenerator | Resuming method org.apache.commons.lang3.math.NumberUtils.toDouble
12:30:47.380 | INFO  | TestCaseGenerator | Resuming method org.apache.commons.lang3.math.NumberUtils.toFloat
12:30:48.534 | INFO  | TestCaseGenerator | Resuming method org.apache.commons.lang3.math.NumberUtils.toFloat
12:30:49.688 | INFO  | TestCaseGenerator | Resuming method org.apache.commons.lang3.math.NumberUtils.createFloat
12:30:50.842 | INFO  | TestCaseGenerator | Resuming method org.apache.commons.lang3.math.NumberUtils.createDouble
12:30:51.996 | INFO  | TestCaseGenerator | Resuming method org.apache.commons.lang3.math.NumberUtils.createNumber
12:30:53.150 | INFO  | TestCaseGenerator | Resuming method org.apache.commons.lang3.math.NumberUtils.createInteger
12:30:54.304 | INFO  | TestCaseGenerator | Resuming method org.apache.commons.lang3.math.NumberUtils.createBigDecimal
12:30:55.458 | INFO  | TestCaseGenerator | Resuming method org.apache.commons.lang3.math.NumberUtils.createBigInteger
12:30:56.612 | INFO  | TestCaseGenerator | Resuming method org.apache.commons.lang3.math.NumberUtils.isNumber
12:30:57.766 | INFO  | TestCaseGenerator | Resuming method org.apache.commons.lang3.math.NumberUtils.toDouble
12:30:58.920 | INFO  | TestCaseGenerator | Resuming method org.apache.commons.lang3.math.NumberUtils.toDouble
12:31:00.074 | INFO  | TestCaseGenerator | Resuming method org.apache.commons.lang3.math.NumberUtils.toFloat
12:31:01.228 | INFO  | TestCaseGenerator | Resuming method org.apache.commons.lang3.math.NumberUtils.toFloat
12:31:02.382 | INFO  | TestCaseGenerator | Resuming method org.apache.commons.lang3.math.NumberUtils.createFloat
12:31:03.536 | INFO  | TestCaseGenerator | Resuming method org.apache.commons.lang3.math.NumberUtils.createDouble
12:31:04.690 | INFO  | TestCaseGenerator | Resuming method org.apache.commons.lang3.math.NumberUtils.createNumber
12:31:05.844 | INFO  | TestCaseGenerator | Resuming method org.apache.commons.lang3.math.NumberUtils.createInteger
12:31:06.998 | INFO  | TestCaseGenerator | Resuming method org.apache.commons.lang3.math.NumberUtils.createBigDecimal
12:31:08.152 | INFO  | TestCaseGenerator | Resuming method org.apache.commons.lang3.math.NumberUtils.createBigInteger
12:31:09.306 | INFO  | TestCaseGenerator | Resuming method org.apache.commons.lang3.math.NumberUtils.isNumber
12:31:10.460 | INFO  | TestCaseGenerator | Resuming method org.apache.commons.lang3.math.NumberUtils.toDouble
12:31:11.614 | INFO  | TestCaseGenerator | Resuming method org.apache.commons.lang3.math.NumberUtils.toDouble
12:31:12.768 | INFO  | TestCaseGenerator | Resuming method org.apache.commons.lang3.math.NumberUtils.toFloat
12:31:13.922 | INFO  | TestCaseGenerator | Resuming method org.apache.commons.lang3.math.NumberUtils.toFloat
12:31:15.077 | INFO  | TestCaseGenerator | Resuming method org.apache.commons.lang3.math.NumberUtils.createFloat
12:31:16.231 | INFO  | TestCaseGenerator | Resuming method org.apache.commons.lang3.math.NumberUtils.createDouble
12:31:17.385 | INFO  | TestCaseGenerator | Resuming method org.apache.commons.lang3.math.NumberUtils.createNumber
12:31:18.539 | INFO  | TestCaseGenerator | Resuming method org.apache.commons.lang3.math.NumberUtils.createInteger
12:31:19.693 | INFO  | TestCaseGenerator | Resuming method org.apache.commons.lang3.math.NumberUtils.createBigDecimal
12:31:20.847 | INFO  | TestCaseGenerator | Resuming method org.apache.commons.lang3.math.NumberUtils.createBigInteger
12:31:22.001 | INFO  | TestCaseGenerator | Resuming method org.apache.commons.lang3.math.NumberUtils.isNumber
12:31:23.155 | INFO  | TestCaseGenerator | Resuming method org.apache.commons.lang3.math.NumberUtils.toDouble
12:31:24.309 | INFO  | TestCaseGenerator | Resuming method org.apache.commons.lang3.math.NumberUtils.toDouble
12:31:25.463 | INFO  | TestCaseGenerator | Resuming method org.apache.commons.lang3.math.NumberUtils.toFloat
12:31:26.617 | INFO  | TestCaseGenerator | Resuming method org.apache.commons.lang3.math.NumberUtils.toFloat
12:31:27.771 | INFO  | TestCaseGenerator | Resuming method org.apache.commons.lang3.math.NumberUtils.createFloat
12:31:28.925 | INFO  | TestCaseGenerator | Resuming method org.apache.commons.lang3.math.NumberUtils.createDouble
12:31:30.079 | INFO  | TestCaseGenerator | Resuming method org.apache.commons.lang3.math.NumberUtils.createNumber
12:31:31.233 | INFO  | TestCaseGenerator | Resuming method org.apache.commons.lang3.math.NumberUtils.createInteger
12:31:32.387 | INFO  | TestCaseGenerator | Resuming method org.apache.commons.lang3.math.NumberUtils.createBigDecimal
12:31:33.541 | INFO  | TestCaseGenerator | Resuming method org.apache.commons.lang3.math.NumberUtils.createBigInteger
12:31:34.695 | INFO  | TestCaseGenerator | Resuming method org.apache.commons.lang3.math.NumberUtils.isNumber
12:31:35.849 | INFO  | TestCaseGenerator | Resuming method org.apache.commons.lang3.math.NumberUtils.toDouble
12:31:37.003 | INFO  | TestCaseGenerator | Resuming method org.apache.commons.lang3.math.NumberUtils.toDouble
12:31:38.157 | INFO  | TestCaseGenerator | Resuming method org.apache.commons.lang3.math.NumberUtils.toFloat
12:31:39.311 | INFO  | TestCaseGenerator | Resuming method org.apache.commons.lang3.math.NumberUtils.toFloat
12:31:40.465 | INFO  | TestCaseGenerator | Resuming method org.apache.commons.lang3.math.NumberUtils.createFloat
12:31:41.619 | INFO  | TestCaseGenerator | Resuming method org.apache.commons.lang3.math.NumberUtils.createDouble
12:31:42.773 | INFO  | TestCaseGenerator | Resuming method org.apache.commons.lang3.math.NumberUtils.createNumber
12:31:43.927 | INFO  | TestCaseGenerator | Resuming method org.apache.commons.lang3.math.NumberUtils.createInteger
12:31:45.081 | INFO  | TestCaseGenerator | Resuming method org.apache.commons.lang3.math.NumberUtils.createBigDecimal
12:31:46.235 | INFO  | TestCaseGenerator | Resuming method org.apache.commons.lang3.math.NumberUtils.createBigInteger
12:31:47.389 | INFO  | TestCaseGenerator | Resuming method org.apache.commons.lang3.math.NumberUtils.isNumber
12:31:48.543 | INFO  | TestCaseGenerator | Resuming method org.apache.commons.lang3.math.NumberUtils.toDouble
12:31:49.697 | INFO  | TestCaseGenerator | Resuming method org.apache.commons.lang3.math.NumberUtils.toDouble
12:31:50.851 | INFO  | TestCaseGenerator | Resuming method org.apache.commons.lang3.math.NumberUtils.toFloat
12:31:52.005 | INFO  | TestCaseGenerator | Resuming method org.apache.commons.lang3.math.NumberUtils.toFloat
12:31:53.159 | INFO  | TestCaseGenerator | Resuming method org.apache.commons.lang3.math.NumberUtils.createFloat
12:31:54.313 | INFO  | TestCaseGenerator | Resuming method org.apache.commons.lang3.math.NumberUtils.createDouble
12:31:55.467 | INFO  | TestCaseGenerator | Resuming method org.apache.commons.lang3.math.NumberUtils.createNumber
12:31:56.621 | INFO  | TestCaseGenerator | Resuming method org.apache.commons.lang3.math.NumberUtils.createInteger
12:31:57.775 | INFO  | TestCaseGenerator | Resuming method org.apache.commons.lang3.math.NumberUtils.createBigDecimal
12:31:58.929 | INFO  | TestCaseGenerator | Resuming method org.apache.commons.lang3.math.NumberUtils.createBigInteger
12:32:00.083 | INFO  | TestCaseGenerator | Resuming method org.apache.commons.lang3.math.NumberUtils.isNumber
12:32:01.237 | INFO  | TestCaseGenerator | Resuming method org.apache.commons.lang3.math.NumberUtils.toDouble
12:32:02.391 | INFO  | TestCaseGenerator | Resuming method org.apache.commons.lang3.math.NumberUtils.toDouble
12:32:03.545 | INFO  | TestCaseGenerator | Resuming method org.apache.commons.lang3.math.NumberUtils.toFloat
12:32:04.699 | INFO  | TestCaseGenerator | Resuming method org.apache.commons.lang3.math.NumberUtils.toFloat
12:32:05.853 | INFO  | TestCaseGenerator | Resuming method org.apache.commons.lang3.math.NumberUtils.createFloat
12:32:07.007 | INFO  | TestCaseGenerator | Resuming method org.apache.commons.lang3.math.NumberUtils.createDouble
12:32:08.161 | INFO  | TestCaseGenerator | Resuming method org.apache.commons.lang3.math.NumberUtils.createNumber
12:32:09.315 | INFO  | TestCaseGenerator | Resuming method org.apache.commons.lang3.math.NumberUtils.createInteger
12:32:09.566 | INFO  | TestCaseGenerator | Resuming method org.apache.commons.lang3.math.NumberUtils.createBigDecimal
12:32:10.398 | INFO  | TestCaseGenerator | Resuming method org.apache.commons.lang3.math.NumberUtils.createBigInteger
12:32:10.639 | INFO  | TestCaseGenerator | Resuming method org.apache.commons.lang3.math.NumberUtils.isNumber
12:32:11.096 | INFO  | TestCaseGenerator | Resuming method org.apache.commons.lang3.math.NumberUtils.toDouble
12:32:11.806 | INFO  | TestCaseGenerator | Resuming method org.apache.commons.lang3.math.NumberUtils.toDouble
12:32:12.960 | INFO  | TestCaseGenerator | Resuming method org.apache.commons.lang3.math.NumberUtils.toFloat
12:32:14.114 | INFO  | TestCaseGenerator | Resuming method org.apache.commons.lang3.math.NumberUtils.toFloat
12:32:15.268 | INFO  | TestCaseGenerator | Resuming method org.apache.commons.lang3.math.NumberUtils.createFloat
12:32:16.422 | INFO  | TestCaseGenerator | Resuming method org.apache.commons.lang3.math.NumberUtils.createDouble
12:32:17.576 | INFO  | TestCaseGenerator | Resuming method org.apache.commons.lang3.math.NumberUtils.createNumber
12:32:18.730 | INFO  | TestCaseGenerator | Resuming method org.apache.commons.lang3.math.NumberUtils.toFloat
12:32:19.884 | INFO  | TestCaseGenerator | Resuming method org.apache.commons.lang3.math.NumberUtils.createDouble
12:32:21.038 | INFO  | TestCaseGenerator | Resuming method org.apache.commons.lang3.math.NumberUtils.createNumber
12:32:21.822 | INFO  | TestCaseGenerator | Resuming method org.apache.commons.lang3.math.NumberUtils.toFloat
12:32:25.656 | INFO  | ConcreteExecutor | RdCategory: Server                    | ServerSocket: start terminating lifetime 
12:32:25.659 | INFO  | ConcreteExecutor | RdCategory: Server                    | ServerSocket: termination finished 
12:32:25.668 | INFO  | Summarization | Started: ----------------------------------------------------------------------------------------
-------------------Summarization started for 46 test cases--------------------
----------------------------------------------------------------------------------------
12:32:25.668 | INFO  | Summarization | Started: Summarization for org.apache.commons.lang3.math.NumberUtils.toInt
12:32:25.669 | INFO  | Summarization | Recursive function, max recursion: 1
12:32:26.350 | INFO  | Summarization | The path for test null for method org.apache.commons.lang3.math.NumberUtils is empty and summaries could not be generated.
12:32:26.350 | INFO  | Summarization | The path for test null for method org.apache.commons.lang3.math.NumberUtils is empty and summaries could not be generated.
12:32:26.352 | INFO  | Summarization | Finished (in 0.683 sec): Summarization for org.apache.commons.lang3.math.NumberUtils.toInt <Nothing>
12:32:26.352 | INFO  | Summarization | Started: Summarization for org.apache.commons.lang3.math.NumberUtils.toInt
12:32:26.353 | INFO  | Summarization | Depth to add: 1
12:32:26.353 | INFO  | Summarization | Depth to add: 2
12:32:26.353 | INFO  | Summarization | Diversity execution path percentage: 50
12:32:26.540 | INFO  | Summarization | The path for test null for method org.apache.commons.lang3.math.NumberUtils is empty and summaries could not be generated.
12:32:26.540 | INFO  | Summarization | The path for test null for method org.apache.commons.lang3.math.NumberUtils is empty and summaries could not be generated.
12:32:26.540 | INFO  | Summarization | The path for test null for method org.apache.commons.lang3.math.NumberUtils is empty and summaries could not be generated.
12:32:26.542 | INFO  | Summarization | Finished (in 0.187 sec): Summarization for org.apache.commons.lang3.math.NumberUtils.toInt <Nothing>
12:32:26.542 | INFO  | Summarization | Started: Summarization for org.apache.commons.lang3.math.NumberUtils.toDouble
12:32:26.542 | INFO  | Summarization | Recursive function, max recursion: 1
12:32:26.588 | INFO  | Summarization | The path for test null for method org.apache.commons.lang3.math.NumberUtils is empty and summaries could not be generated.
12:32:26.588 | INFO  | Summarization | Finished (in 0.047 sec): Summarization for org.apache.commons.lang3.math.NumberUtils.toDouble <Nothing>
12:32:26.588 | INFO  | Summarization | Started: Summarization for org.apache.commons.lang3.math.NumberUtils.toDouble
12:32:26.588 | INFO  | Summarization | Recursive function, max recursion: 2
12:32:26.631 | INFO  | Summarization | The path for test null for method org.apache.commons.lang3.math.NumberUtils is empty and summaries could not be generated.
12:32:26.631 | INFO  | Summarization | The path for test null for method org.apache.commons.lang3.math.NumberUtils is empty and summaries could not be generated.
12:32:26.631 | INFO  | Summarization | The path for test null for method org.apache.commons.lang3.math.NumberUtils is empty and summaries could not be generated.
12:32:26.632 | INFO  | Summarization | Finished (in 0.043 sec): Summarization for org.apache.commons.lang3.math.NumberUtils.toDouble <Nothing>
12:32:26.632 | INFO  | Summarization | Started: Summarization for org.apache.commons.lang3.math.NumberUtils.toLong
12:32:26.632 | INFO  | Summarization | Depth to add: 1
12:32:26.632 | INFO  | Summarization | Depth to add: 2
12:32:26.632 | INFO  | Summarization | Diversity execution path percentage: 50
12:32:26.684 | INFO  | Summarization | The path for test null for method org.apache.commons.lang3.math.NumberUtils is empty and summaries could not be generated.
12:32:26.684 | INFO  | Summarization | The path for test null for method org.apache.commons.lang3.math.NumberUtils is empty and summaries could not be generated.
12:32:26.684 | INFO  | Summarization | The path for test null for method org.apache.commons.lang3.math.NumberUtils is empty and summaries could not be generated.
12:32:26.684 | INFO  | Summarization | Finished (in 0.052 sec): Summarization for org.apache.commons.lang3.math.NumberUtils.toLong <Nothing>
12:32:26.684 | INFO  | Summarization | Started: Summarization for org.apache.commons.lang3.math.NumberUtils.toLong
12:32:26.684 | INFO  | Summarization | Recursive function, max recursion: 1
12:32:26.738 | INFO  | Summarization | The path for test null for method org.apache.commons.lang3.math.NumberUtils is empty and summaries could not be generated.
12:32:26.738 | INFO  | Summarization | The path for test null for method org.apache.commons.lang3.math.NumberUtils is empty and summaries could not be generated.
12:32:26.739 | INFO  | Summarization | Finished (in 0.055 sec): Summarization for org.apache.commons.lang3.math.NumberUtils.toLong <Nothing>
12:32:26.739 | INFO  | Summarization | Started: Summarization for org.apache.commons.lang3.math.NumberUtils.toShort
12:32:26.739 | INFO  | Summarization | Recursive function, max recursion: 1
12:32:26.796 | INFO  | Summarization | The path for test null for method org.apache.commons.lang3.math.NumberUtils is empty and summaries could not be generated.
12:32:26.796 | INFO  | Summarization | The path for test null for method org.apache.commons.lang3.math.NumberUtils is empty and summaries could not be generated.
12:32:26.796 | INFO  | Summarization | The path for test null for method org.apache.commons.lang3.math.NumberUtils is empty and summaries could not be generated.
12:32:26.796 | INFO  | Summarization | Finished (in 0.056 sec): Summarization for org.apache.commons.lang3.math.NumberUtils.toShort <Nothing>
12:32:26.796 | INFO  | Summarization | Started: Summarization for org.apache.commons.lang3.math.NumberUtils.toShort
12:32:26.796 | INFO  | Summarization | Depth to add: 1
12:32:26.796 | INFO  | Summarization | Depth to add: 2
12:32:26.797 | INFO  | Summarization | Diversity execution path percentage: 50
12:32:26.839 | INFO  | Summarization | The path for test null for method org.apache.commons.lang3.math.NumberUtils is empty and summaries could not be generated.
12:32:26.839 | INFO  | Summarization | The path for test null for method org.apache.commons.lang3.math.NumberUtils is empty and summaries could not be generated.
12:32:26.839 | INFO  | Summarization | The path for test null for method org.apache.commons.lang3.math.NumberUtils is empty and summaries could not be generated.
12:32:26.840 | INFO  | Summarization | Finished (in 0.043 sec): Summarization for org.apache.commons.lang3.math.NumberUtils.toShort <Nothing>
12:32:26.840 | INFO  | Summarization | Started: Summarization for org.apache.commons.lang3.math.NumberUtils.toByte
12:32:26.840 | INFO  | Summarization | Recursive function, max recursion: 1
12:32:26.875 | INFO  | Summarization | The path for test null for method org.apache.commons.lang3.math.NumberUtils is empty and summaries could not be generated.
12:32:26.875 | INFO  | Summarization | The path for test null for method org.apache.commons.lang3.math.NumberUtils is empty and summaries could not be generated.
12:32:26.875 | INFO  | Summarization | Finished (in 0.036 sec): Summarization for org.apache.commons.lang3.math.NumberUtils.toByte <Nothing>
12:32:26.875 | INFO  | Summarization | Started: Summarization for org.apache.commons.lang3.math.NumberUtils.toByte
12:32:26.875 | INFO  | Summarization | Depth to add: 1
12:32:26.875 | INFO  | Summarization | Depth to add: 2
12:32:26.876 | INFO  | Summarization | Diversity execution path percentage: 50
12:32:26.922 | INFO  | Summarization | The path for test null for method org.apache.commons.lang3.math.NumberUtils is empty and summaries could not be generated.
12:32:26.922 | INFO  | Summarization | The path for test null for method org.apache.commons.lang3.math.NumberUtils is empty and summaries could not be generated.
12:32:26.922 | INFO  | Summarization | The path for test null for method org.apache.commons.lang3.math.NumberUtils is empty and summaries could not be generated.
12:32:26.922 | INFO  | Summarization | Finished (in 0.047 sec): Summarization for org.apache.commons.lang3.math.NumberUtils.toByte <Nothing>
12:32:26.922 | INFO  | Summarization | Started: Summarization for org.apache.commons.lang3.math.NumberUtils.toFloat
12:32:26.922 | INFO  | Summarization | Recursive function, max recursion: 2
12:32:26.955 | INFO  | Summarization | The path for test null for method org.apache.commons.lang3.math.NumberUtils is empty and summaries could not be generated.
12:32:26.955 | INFO  | Summarization | The path for test null for method org.apache.commons.lang3.math.NumberUtils is empty and summaries could not be generated.
12:32:26.955 | INFO  | Summarization | Finished (in 0.033 sec): Summarization for org.apache.commons.lang3.math.NumberUtils.toFloat <Nothing>
12:32:26.955 | INFO  | Summarization | Started: Summarization for org.apache.commons.lang3.math.NumberUtils.toFloat
12:32:26.955 | INFO  | Summarization | Recursive function, max recursion: 1
12:32:26.989 | INFO  | Summarization | The path for test null for method org.apache.commons.lang3.math.NumberUtils is empty and summaries could not be generated.
12:32:26.989 | INFO  | Summarization | Finished (in 0.033 sec): Summarization for org.apache.commons.lang3.math.NumberUtils.toFloat <Nothing>
12:32:26.989 | INFO  | Summarization | Started: Summarization for org.apache.commons.lang3.math.NumberUtils.createFloat
12:32:26.989 | INFO  | Summarization | Depth to add: 1
12:32:26.989 | INFO  | Summarization | Depth to add: 2
12:32:27.056 | INFO  | Summarization | The path for test null for method org.apache.commons.lang3.math.NumberUtils is empty and summaries could not be generated.
12:32:27.056 | INFO  | Summarization | The path for test null for method org.apache.commons.lang3.math.NumberUtils is empty and summaries could not be generated.
12:32:27.056 | INFO  | Summarization | The path for test null for method org.apache.commons.lang3.math.NumberUtils is empty and summaries could not be generated.
12:32:27.056 | INFO  | Summarization | The path for test null for method org.apache.commons.lang3.math.NumberUtils is empty and summaries could not be generated.
12:32:27.056 | INFO  | Summarization | The path for test null for method org.apache.commons.lang3.math.NumberUtils is empty and summaries could not be generated.
12:32:27.056 | INFO  | Summarization | The path for test null for method org.apache.commons.lang3.math.NumberUtils is empty and summaries could not be generated.
12:32:27.056 | INFO  | Summarization | The path for test null for method org.apache.commons.lang3.math.NumberUtils is empty and summaries could not be generated.
12:32:27.056 | INFO  | Summarization | The path for test null for method org.apache.commons.lang3.math.NumberUtils is empty and summaries could not be generated.
12:32:27.056 | INFO  | Summarization | The path for test null for method org.apache.commons.lang3.math.NumberUtils is empty and summaries could not be generated.
12:32:27.056 | INFO  | Summarization | The path for test null for method org.apache.commons.lang3.math.NumberUtils is empty and summaries could not be generated.
12:32:27.056 | INFO  | Summarization | The path for test null for method org.apache.commons.lang3.math.NumberUtils is empty and summaries could not be generated.
12:32:27.056 | INFO  | Summarization | The path for test null for method org.apache.commons.lang3.math.NumberUtils is empty and summaries could not be generated.
12:32:27.056 | INFO  | Summarization | The path for test null for method org.apache.commons.lang3.math.NumberUtils is empty and summaries could not be generated.
12:32:27.056 | INFO  | Summarization | The path for test null for method org.apache.commons.lang3.math.NumberUtils is empty and summaries could not be generated.
12:32:27.056 | INFO  | Summarization | The path for test null for method org.apache.commons.lang3.math.NumberUtils is empty and summaries could not be generated.
12:32:27.056 | INFO  | Summarization | The path for test null for method org.apache.commons.lang3.math.NumberUtils is empty and summaries could not be generated.
12:32:27.056 | INFO  | Summarization | The path for test null for method org.apache.commons.lang3.math.NumberUtils is empty and summaries could not be generated.
12:32:27.056 | INFO  | Summarization | Finished (in 0.067 sec): Summarization for org.apache.commons.lang3.math.NumberUtils.createFloat <Nothing>
12:32:27.056 | INFO  | Summarization | Started: Summarization for org.apache.commons.lang3.math.NumberUtils.createDouble
12:32:27.056 | INFO  | Summarization | Depth to add: 1
12:32:27.056 | INFO  | Summarization | Depth to add: 2
12:32:27.092 | INFO  | Summarization | Finished (in 0.037 sec): Summarization for org.apache.commons.lang3.math.NumberUtils.createDouble <Nothing>
12:32:27.093 | INFO  | Summarization | Started: Summarization for org.apache.commons.lang3.math.NumberUtils.isAllZeros
12:32:27.094 | INFO  | Summarization | Diversity execution path percentage: 100
12:32:27.175 | INFO  | Summarization | Finished (in 0.083 sec): Summarization for org.apache.commons.lang3.math.NumberUtils.isAllZeros <Nothing>
12:32:27.175 | INFO  | Summarization | Started: Summarization for org.apache.commons.lang3.math.NumberUtils.createNumber
12:32:27.176 | INFO  | Summarization | Depth to add: 1
12:32:27.176 | INFO  | Summarization | Depth to add: 2
12:32:27.245 | INFO  | Summarization | The path for test null for method org.apache.commons.lang3.math.NumberUtils is empty and summaries could not be generated.
12:32:27.245 | INFO  | Summarization | The path for test null for method org.apache.commons.lang3.math.NumberUtils is empty and summaries could not be generated.
12:32:27.245 | INFO  | Summarization | The path for test null for method org.apache.commons.lang3.math.NumberUtils is empty and summaries could not be generated.
12:32:27.245 | INFO  | Summarization | The path for test null for method org.apache.commons.lang3.math.NumberUtils is empty and summaries could not be generated.
12:32:27.245 | INFO  | Summarization | The path for test null for method org.apache.commons.lang3.math.NumberUtils is empty and summaries could not be generated.
12:32:27.245 | INFO  | Summarization | The path for test null for method org.apache.commons.lang3.math.NumberUtils is empty and summaries could not be generated.
12:32:27.245 | INFO  | Summarization | Finished (in 0.069 sec): Summarization for org.apache.commons.lang3.math.NumberUtils.createNumber <Nothing>
12:32:27.245 | INFO  | Summarization | Started: Summarization for org.apache.commons.lang3.math.NumberUtils.createInteger
12:32:27.245 | INFO  | Summarization | Depth to add: 1
12:32:27.245 | INFO  | Summarization | Diversity execution path percentage: 50
12:32:27.287 | INFO  | Summarization | The path for test null for method org.apache.commons.lang3.math.NumberUtils is empty and summaries could not be generated.
12:32:27.287 | INFO  | Summarization | The path for test null for method org.apache.commons.lang3.math.NumberUtils is empty and summaries could not be generated.
12:32:27.287 | INFO  | Summarization | The path for test null for method org.apache.commons.lang3.math.NumberUtils is empty and summaries could not be generated.
12:32:27.287 | INFO  | Summarization | The path for test null for method org.apache.commons.lang3.math.NumberUtils is empty and summaries could not be generated.
12:32:27.287 | INFO  | Summarization | The path for test null for method org.apache.commons.lang3.math.NumberUtils is empty and summaries could not be generated.
12:32:27.287 | INFO  | Summarization | The path for test null for method org.apache.commons.lang3.math.NumberUtils is empty and summaries could not be generated.
12:32:27.287 | INFO  | Summarization | Finished (in 0.042 sec): Summarization for org.apache.commons.lang3.math.NumberUtils.createInteger <Nothing>
12:32:27.287 | INFO  | Summarization | Started: Summarization for org.apache.commons.lang3.math.NumberUtils.createBigDecimal
12:32:27.287 | INFO  | Summarization | Depth to add: 1
12:32:27.288 | INFO  | Summarization | Depth to add: 2
12:32:27.362 | INFO  | Summarization | The path for test null for method org.apache.commons.lang3.math.NumberUtils is empty and summaries could not be generated.
12:32:27.362 | INFO  | Summarization | The path for test null for method org.apache.commons.lang3.math.NumberUtils is empty and summaries could not be generated.
12:32:27.362 | INFO  | Summarization | The path for test null for method org.apache.commons.lang3.math.NumberUtils is empty and summaries could not be generated.
12:32:27.362 | INFO  | Summarization | The path for test null for method org.apache.commons.lang3.math.NumberUtils is empty and summaries could not be generated.
12:32:27.362 | INFO  | Summarization | The path for test null for method org.apache.commons.lang3.math.NumberUtils is empty and summaries could not be generated.
12:32:27.362 | INFO  | Summarization | The path for test null for method org.apache.commons.lang3.math.NumberUtils is empty and summaries could not be generated.
12:32:27.362 | INFO  | Summarization | The path for test null for method org.apache.commons.lang3.math.NumberUtils is empty and summaries could not be generated.
12:32:27.362 | INFO  | Summarization | The path for test null for method org.apache.commons.lang3.math.NumberUtils is empty and summaries could not be generated.
12:32:27.362 | INFO  | Summarization | The path for test null for method org.apache.commons.lang3.math.NumberUtils is empty and summaries could not be generated.
12:32:27.362 | INFO  | Summarization | The path for test null for method org.apache.commons.lang3.math.NumberUtils is empty and summaries could not be generated.
12:32:27.362 | INFO  | Summarization | The path for test null for method org.apache.commons.lang3.math.NumberUtils is empty and summaries could not be generated.
12:32:27.362 | INFO  | Summarization | The path for test null for method org.apache.commons.lang3.math.NumberUtils is empty and summaries could not be generated.
12:32:27.362 | INFO  | Summarization | The path for test null for method org.apache.commons.lang3.math.NumberUtils is empty and summaries could not be generated.
12:32:27.362 | INFO  | Summarization | The path for test null for method org.apache.commons.lang3.math.NumberUtils is empty and summaries could not be generated.
12:32:27.362 | INFO  | Summarization | The path for test null for method org.apache.commons.lang3.math.NumberUtils is empty and summaries could not be generated.
12:32:27.362 | INFO  | Summarization | The path for test null for method org.apache.commons.lang3.math.NumberUtils is empty and summaries could not be generated.
12:32:27.362 | INFO  | Summarization | The path for test null for method org.apache.commons.lang3.math.NumberUtils is empty and summaries could not be generated.
12:32:27.362 | INFO  | Summarization | The path for test null for method org.apache.commons.lang3.math.NumberUtils is empty and summaries could not be generated.
12:32:27.362 | INFO  | Summarization | The path for test null for method org.apache.commons.lang3.math.NumberUtils is empty and summaries could not be generated.
12:32:27.362 | INFO  | Summarization | The path for test null for method org.apache.commons.lang3.math.NumberUtils is empty and summaries could not be generated.
12:32:27.362 | INFO  | Summarization | Finished (in 0.075 sec): Summarization for org.apache.commons.lang3.math.NumberUtils.createBigDecimal <Nothing>
12:32:27.362 | INFO  | Summarization | Started: Summarization for org.apache.commons.lang3.math.NumberUtils.createBigInteger
12:32:27.362 | INFO  | Summarization | Depth to add: 1
12:32:27.362 | INFO  | Summarization | Depth to add: 2
12:32:27.404 | INFO  | Summarization | The path for test null for method org.apache.commons.lang3.math.NumberUtils is empty and summaries could not be generated.
12:32:27.404 | INFO  | Summarization | The path for test null for method org.apache.commons.lang3.math.NumberUtils is empty and summaries could not be generated.
12:32:27.404 | INFO  | Summarization | The path for test null for method org.apache.commons.lang3.math.NumberUtils is empty and summaries could not be generated.
12:32:27.404 | INFO  | Summarization | The path for test null for method org.apache.commons.lang3.math.NumberUtils is empty and summaries could not be generated.
12:32:27.404 | INFO  | Summarization | The path for test null for method org.apache.commons.lang3.math.NumberUtils is empty and summaries could not be generated.
12:32:27.404 | INFO  | Summarization | The path for test null for method org.apache.commons.lang3.math.NumberUtils is empty and summaries could not be generated.
12:32:27.404 | INFO  | Summarization | The path for test null for method org.apache.commons.lang3.math.NumberUtils is empty and summaries could not be generated.
12:32:27.404 | INFO  | Summarization | The path for test null for method org.apache.commons.lang3.math.NumberUtils is empty and summaries could not be generated.
12:32:27.405 | INFO  | Summarization | Finished (in 0.042 sec): Summarization for org.apache.commons.lang3.math.NumberUtils.createBigInteger <Nothing>
12:32:27.405 | INFO  | Summarization | Started: Summarization for org.apache.commons.lang3.math.NumberUtils.isDigits
12:32:27.405 | INFO  | Summarization | Diversity execution path percentage: 50
12:32:27.440 | INFO  | Summarization | Finished (in 0.035 sec): Summarization for org.apache.commons.lang3.math.NumberUtils.isDigits <Nothing>
12:32:27.441 | INFO  | Summarization | Started: Summarization for org.apache.commons.lang3.math.NumberUtils.isNumber
12:32:27.441 | INFO  | Summarization | Diversity execution path percentage: 75
12:32:27.492 | INFO  | Summarization | Finished (in 0.052 sec): Summarization for org.apache.commons.lang3.math.NumberUtils.isNumber <Nothing>
12:32:27.493 | INFO  | Summarization | Started: Summarization for org.apache.commons.lang3.math.NumberUtils.min
12:32:27.493 | INFO  | Summarization | Diversity execution path percentage: 100
12:32:27.518 | INFO  | Summarization | Finished (in 0.026 sec): Summarization for org.apache.commons.lang3.math.NumberUtils.min <Nothing>
12:32:27.519 | INFO  | Summarization | Started: Summarization for org.apache.commons.lang3.math.NumberUtils.min
12:32:27.519 | INFO  | Summarization | Diversity execution path percentage: 100
12:32:27.541 | INFO  | Summarization | Finished (in 0.023 sec): Summarization for org.apache.commons.lang3.math.NumberUtils.min <Nothing>
12:32:27.541 | INFO  | Summarization | Started: Summarization for org.apache.commons.lang3.math.NumberUtils.min
12:32:27.541 | INFO  | Summarization | Diversity execution path percentage: 100
12:32:27.579 | INFO  | Summarization | Finished (in 0.038 sec): Summarization for org.apache.commons.lang3.math.NumberUtils.min <Nothing>
12:32:27.579 | INFO  | Summarization | Started: Summarization for org.apache.commons.lang3.math.NumberUtils.min
12:32:27.579 | INFO  | Summarization | Diversity execution path percentage: 100
12:32:27.616 | INFO  | Summarization | Finished (in 0.036 sec): Summarization for org.apache.commons.lang3.math.NumberUtils.min <Nothing>
12:32:27.616 | INFO  | Summarization | Started: Summarization for org.apache.commons.lang3.math.NumberUtils.min
12:32:27.616 | INFO  | Summarization | Diversity execution path percentage: 100
12:32:27.654 | INFO  | Summarization | Finished (in 0.038 sec): Summarization for org.apache.commons.lang3.math.NumberUtils.min <Nothing>
12:32:27.654 | INFO  | Summarization | Started: Summarization for org.apache.commons.lang3.math.NumberUtils.min
12:32:27.654 | INFO  | Summarization | Diversity execution path percentage: 100
12:32:27.688 | INFO  | Summarization | Finished (in 0.033 sec): Summarization for org.apache.commons.lang3.math.NumberUtils.min <Nothing>
12:32:27.688 | INFO  | Summarization | Started: Summarization for org.apache.commons.lang3.math.NumberUtils.min
12:32:27.688 | INFO  | Summarization | Diversity execution path percentage: 100
12:32:27.726 | INFO  | Summarization | Finished (in 0.039 sec): Summarization for org.apache.commons.lang3.math.NumberUtils.min <Nothing>
12:32:27.726 | INFO  | Summarization | Started: Summarization for org.apache.commons.lang3.math.NumberUtils.min
12:32:27.726 | INFO  | Summarization | Diversity execution path percentage: 100
12:32:27.750 | INFO  | Summarization | Finished (in 0.024 sec): Summarization for org.apache.commons.lang3.math.NumberUtils.min <Nothing>
12:32:27.750 | INFO  | Summarization | Started: Summarization for org.apache.commons.lang3.math.NumberUtils.min
12:32:27.750 | INFO  | Summarization | Diversity execution path percentage: 100
12:32:27.783 | INFO  | Summarization | Finished (in 0.034 sec): Summarization for org.apache.commons.lang3.math.NumberUtils.min <Nothing>
12:32:27.783 | INFO  | Summarization | Started: Summarization for org.apache.commons.lang3.math.NumberUtils.min
12:32:27.784 | INFO  | Summarization | Diversity execution path percentage: 100
12:32:27.817 | INFO  | Summarization | Finished (in 0.032 sec): Summarization for org.apache.commons.lang3.math.NumberUtils.min <Nothing>
12:32:27.817 | INFO  | Summarization | Started: Summarization for org.apache.commons.lang3.math.NumberUtils.min
12:32:27.817 | INFO  | Summarization | Diversity execution path percentage: 100
12:32:27.845 | INFO  | Summarization | Finished (in 0.029 sec): Summarization for org.apache.commons.lang3.math.NumberUtils.min <Nothing>
12:32:27.845 | INFO  | Summarization | Started: Summarization for org.apache.commons.lang3.math.NumberUtils.min
12:32:27.845 | INFO  | Summarization | Diversity execution path percentage: 100
12:32:27.878 | INFO  | Summarization | Finished (in 0.033 sec): Summarization for org.apache.commons.lang3.math.NumberUtils.min <Nothing>
12:32:27.878 | INFO  | Summarization | Started: Summarization for org.apache.commons.lang3.math.NumberUtils.max
12:32:27.878 | INFO  | Summarization | Diversity execution path percentage: 100
12:32:27.902 | INFO  | Summarization | Finished (in 0.023 sec): Summarization for org.apache.commons.lang3.math.NumberUtils.max <Nothing>
12:32:27.902 | INFO  | Summarization | Started: Summarization for org.apache.commons.lang3.math.NumberUtils.max
12:32:27.902 | INFO  | Summarization | Diversity execution path percentage: 100
12:32:27.926 | INFO  | Summarization | Finished (in 0.024 sec): Summarization for org.apache.commons.lang3.math.NumberUtils.max <Nothing>
12:32:27.926 | INFO  | Summarization | Started: Summarization for org.apache.commons.lang3.math.NumberUtils.max
12:32:27.926 | INFO  | Summarization | Diversity execution path percentage: 100
12:32:27.953 | INFO  | Summarization | Finished (in 0.027 sec): Summarization for org.apache.commons.lang3.math.NumberUtils.max <Nothing>
12:32:27.954 | INFO  | Summarization | Started: Summarization for org.apache.commons.lang3.math.NumberUtils.max
12:32:27.954 | INFO  | Summarization | Diversity execution path percentage: 100
12:32:27.977 | INFO  | Summarization | Finished (in 0.023 sec): Summarization for org.apache.commons.lang3.math.NumberUtils.max <Nothing>
12:32:27.977 | INFO  | Summarization | Started: Summarization for org.apache.commons.lang3.math.NumberUtils.max
12:32:27.977 | INFO  | Summarization | Diversity execution path percentage: 100
12:32:27.999 | INFO  | Summarization | Finished (in 0.023 sec): Summarization for org.apache.commons.lang3.math.NumberUtils.max <Nothing>
12:32:28.000 | INFO  | Summarization | Started: Summarization for org.apache.commons.lang3.math.NumberUtils.max
12:32:28.000 | INFO  | Summarization | Diversity execution path percentage: 100
12:32:28.023 | INFO  | Summarization | Finished (in 0.023 sec): Summarization for org.apache.commons.lang3.math.NumberUtils.max <Nothing>
12:32:28.023 | INFO  | Summarization | Started: Summarization for org.apache.commons.lang3.math.NumberUtils.max
12:32:28.023 | INFO  | Summarization | Diversity execution path percentage: 100
12:32:28.053 | INFO  | Summarization | Finished (in 0.030 sec): Summarization for org.apache.commons.lang3.math.NumberUtils.max <Nothing>
12:32:28.053 | INFO  | Summarization | Started: Summarization for org.apache.commons.lang3.math.NumberUtils.max
12:32:28.053 | INFO  | Summarization | Diversity execution path percentage: 100
12:32:28.081 | INFO  | Summarization | Finished (in 0.028 sec): Summarization for org.apache.commons.lang3.math.NumberUtils.max <Nothing>
12:32:28.081 | INFO  | Summarization | Started: Summarization for org.apache.commons.lang3.math.NumberUtils.max
12:32:28.082 | INFO  | Summarization | Diversity execution path percentage: 100
12:32:28.111 | INFO  | Summarization | Finished (in 0.029 sec): Summarization for org.apache.commons.lang3.math.NumberUtils.max <Nothing>
12:32:28.111 | INFO  | Summarization | Started: Summarization for org.apache.commons.lang3.math.NumberUtils.max
12:32:28.111 | INFO  | Summarization | Diversity execution path percentage: 100
12:32:28.136 | INFO  | Summarization | Finished (in 0.025 sec): Summarization for org.apache.commons.lang3.math.NumberUtils.max <Nothing>
12:32:28.136 | INFO  | Summarization | Started: Summarization for org.apache.commons.lang3.math.NumberUtils.max
12:32:28.136 | INFO  | Summarization | Diversity execution path percentage: 100
12:32:28.161 | INFO  | Summarization | Finished (in 0.025 sec): Summarization for org.apache.commons.lang3.math.NumberUtils.max <Nothing>
12:32:28.161 | INFO  | Summarization | Started: Summarization for org.apache.commons.lang3.math.NumberUtils.max
12:32:28.161 | INFO  | Summarization | Diversity execution path percentage: 100
12:32:28.187 | INFO  | Summarization | Finished (in 0.026 sec): Summarization for org.apache.commons.lang3.math.NumberUtils.max <Nothing>
12:32:28.187 | INFO  | Summarization | Started: Summarization for org.apache.commons.lang3.math.NumberUtils.createLong
12:32:28.187 | INFO  | Summarization | Depth to add: 1
12:32:28.187 | INFO  | Summarization | Depth to add: 2
12:32:28.187 | INFO  | Summarization | Diversity execution path percentage: 57
12:32:28.221 | INFO  | Summarization | The path for test null for method org.apache.commons.lang3.math.NumberUtils is empty and summaries could not be generated.
12:32:28.221 | INFO  | Summarization | The path for test null for method org.apache.commons.lang3.math.NumberUtils is empty and summaries could not be generated.
12:32:28.221 | INFO  | Summarization | The path for test null for method org.apache.commons.lang3.math.NumberUtils is empty and summaries could not be generated.
12:32:28.221 | INFO  | Summarization | Finished (in 0.034 sec): Summarization for org.apache.commons.lang3.math.NumberUtils.createLong <Nothing>
12:32:28.223 | INFO  | Summarization | Finished (in 2.555 sec): ----------------------------------------------------------------------------------------
-------------------Summarization started for 46 test cases--------------------
---------------------------------------------------------------------------------------- 
12:32:28.368 | INFO  | AbstractCodeGenerator | Code generation phase started at 12:32:28.367
12:32:29.246 | INFO  | AbstractCodeGenerator | Code generation phase finished at 12:32:29.246
12:32:29.246 | INFO  | AbstractCodeGenerator | Rendering phase started at 12:32:29.246
12:32:29.470 | INFO  | AbstractCodeGenerator | Rendering phase finished at 12:32:29.470
