project,bug_id,class_name,compiled,coverage,kills_bug,buggy_failing,fixed_failing,error,test_file,prompt_chars
Chart,1,org.jfree.chart.renderer.category.AbstractCategoryItemRenderer,FALSE,,,,,compile failed (buggy): Command failed: defects4j compile -w work/Chart_1,work/Chart_1/tests/org/jfree/chart/renderer/category/AbstractCategoryItemRendererTest.java,74960
Chart,2,org.jfree.data.general.DatasetUtilities,FALSE,,,,,compile failed (buggy): Command failed: defects4j compile -w work/Chart_2,work/Chart_2/tests/org/jfree/data/general/DatasetUtilitiesTest.java,86159
Chart,3,org.jfree.data.time.TimeSeries,TRUE,"['     Lines covered: 303', '  Conditions total: 186', 'Conditions covered: 135', '     Line coverage: 79.7%', 'Condition coverage: 72.6%']",FALSE,0,,,work/Chart_3/tests/org/jfree/data/time/TimeSeriesTest.java,46148
Chart,4,org.jfree.chart.plot.XYPlot,TRUE,"['     Lines covered: 1259', '  Conditions total: 964', 'Conditions covered: 555', '     Line coverage: 69.6%', 'Condition coverage: 57.6%']",FALSE,3,3,,work/Chart_4/tests/org/jfree/chart/plot/XYPlotTest.java,204756
Chart,5,org.jfree.data.xy.XYSeries,TRUE,"['     Lines covered: 132', '  Conditions total: 80', 'Conditions covered: 61', '     Line coverage: 76.7%', 'Condition coverage: 76.2%']",FALSE,0,,,work/Chart_5/tests/org/jfree/data/xy/XYSeriesTest.java,26105
Chart,6,org.jfree.chart.util.ShapeList,TRUE,"['     Lines covered: 27', '  Conditions total: 12', 'Conditions covered: 10', '     Line coverage: 93.1%', 'Condition coverage: 83.3%']",FALSE,0,,,work/Chart_6/tests/org/jfree/chart/util/ShapeListTest.java,5747
Chart,7,org.jfree.data.time.TimePeriodValues,TRUE,"['     Lines covered: 142', '  Conditions total: 54', 'Conditions covered: 46', '     Line coverage: 89.3%', 'Condition coverage: 85.2%']",FALSE,0,,,work/Chart_7/tests/org/jfree/data/time/TimePeriodValuesTest.java,19218
Chart,8,org.jfree.data.time.Week,TRUE,"['     Lines covered: 79', '  Conditions total: 68', 'Conditions covered: 21', '     Line coverage: 48.8%', 'Condition coverage: 30.9%']",FALSE,4,4,,work/Chart_8/tests/org/jfree/data/time/WeekTest.java,22399
Chart,9,org.jfree.data.time.TimeSeries,TRUE,"['     Lines covered: 220', '  Conditions total: 128', 'Conditions covered: 95', '     Line coverage: 76.1%', 'Condition coverage: 74.2%']",FALSE,1,1,,work/Chart_9/tests/org/jfree/data/time/TimeSeriesTest.java,37446
Chart,10,org.jfree.chart.imagemap.StandardToolTipTagFragmentGenerator,TRUE,"['     Lines covered: 3', '  Conditions total: 0', 'Conditions covered: 0', '     Line coverage: 100.0%', 'Condition coverage: 0.0%']",FALSE,0,,,work/Chart_10/tests/org/jfree/chart/imagemap/StandardToolTipTagFragmentGeneratorTest.java,3487
Chart,11,org.jfree.chart.util.ShapeUtilities,TRUE,"['     Lines covered: 81', '  Conditions total: 116', 'Conditions covered: 63', '     Line coverage: 41.1%', 'Condition coverage: 54.3%']",TRUE,4,0,,work/Chart_11/tests/org/jfree/chart/util/ShapeUtilitiesTest.java,20991
Chart,12,org.jfree.chart.plot.MultiplePiePlot,FALSE,,,,,compile failed (buggy): Command failed: defects4j compile -w work/Chart_12,work/Chart_12/tests/org/jfree/chart/plot/MultiplePiePlotTest.java,21943
Chart,13,org.jfree.chart.block.BorderArrangement,FALSE,,,,,compile failed (buggy): Command failed: defects4j compile -w work/Chart_13,work/Chart_13/tests/org/jfree/chart/block/BorderArrangementTest.java,21156
Chart,14,org.jfree.chart.plot.CategoryPlot,FALSE,,,,,compile failed (buggy): Command failed: defects4j compile -w work/Chart_14,work/Chart_14/tests/org/jfree/chart/plot/CategoryPlotTest.java,142577
Chart,14,org.jfree.chart.plot.XYPlot,FALSE,,,,,compile failed (buggy): Command failed: defects4j compile -w work/Chart_14,work/Chart_14/tests/org/jfree/chart/plot/XYPlotTest.java,176449
Chart,15,org.jfree.chart.plot.PiePlot,TRUE,"['     Lines covered: 668', '  Conditions total: 312', 'Conditions covered: 200', '     Line coverage: 79.9%', 'Condition coverage: 64.1%']",FALSE,2,2,,work/Chart_15/tests/org/jfree/chart/plot/PiePlotTest.java,108184
Chart,16,org.jfree.data.category.DefaultIntervalCategoryDataset,FALSE,,,,,compile failed (buggy): Command failed: defects4j compile -w work/Chart_16,work/Chart_16/tests/org/jfree/data/category/DefaultIntervalCategoryDatasetTest.java,27846
Chart,17,org.jfree.data.time.TimeSeries,TRUE,"['     Lines covered: 219', '  Conditions total: 128', 'Conditions covered: 95', '     Line coverage: 76.0%', 'Condition coverage: 74.2%']",FALSE,0,,,work/Chart_17/tests/org/jfree/data/time/TimeSeriesTest.java,37348
Chart,18,org.jfree.data.DefaultKeyedValues,TRUE,"['     Lines covered: 232', '  Conditions total: 122', 'Conditions covered: 98', '     Line coverage: 87.2%', 'Condition coverage: 80.3%']",FALSE,1,1,,work/Chart_18/tests/org/jfree/data/DefaultKeyedValuesTest.java,16056
Chart,18,org.jfree.data.DefaultKeyedValues2D,TRUE,"['     Lines covered: 232', '  Conditions total: 122', 'Conditions covered: 98', '     Line coverage: 87.2%', 'Condition coverage: 80.3%']",FALSE,2,2,,work/Chart_18/tests/org/jfree/data/DefaultKeyedValues2DTest.java,18548
Chart,19,org.jfree.chart.plot.CategoryPlot,FALSE,,,,,compile failed (buggy): Command failed: defects4j compile -w work/Chart_19,work/Chart_19/tests/org/jfree/chart/plot/CategoryPlotTest.java,133163
Chart,20,org.jfree.chart.plot.ValueMarker,TRUE,"['     Lines covered: 19', '  Conditions total: 8', 'Conditions covered: 7', '     Line coverage: 86.4%', 'Condition coverage: 87.5%']",FALSE,1,1,,work/Chart_20/tests/org/jfree/chart/plot/ValueMarkerTest.java,5958
Chart,21,org.jfree.data.statistics.DefaultBoxAndWhiskerCategoryDataset,FALSE,,,,,compile failed (buggy): Command failed: defects4j compile -w work/Chart_21,work/Chart_21/tests/org/jfree/data/statistics/DefaultBoxAndWhiskerCategoryDatasetTest.java,24284
Chart,22,org.jfree.data.KeyedObjects2D,TRUE,"['     Lines covered: 100', '  Conditions total: 58', 'Conditions covered: 38', '     Line coverage: 80.6%', 'Condition coverage: 65.5%']",FALSE,1,1,,work/Chart_22/tests/org/jfree/data/KeyedObjects2DTest.java,15004
Chart,23,org.jfree.chart.renderer.category.MinMaxCategoryRenderer,FALSE,,,,,compile failed (buggy): Command failed: defects4j compile -w work/Chart_23,work/Chart_23/tests/org/jfree/chart/renderer/category/MinMaxCategoryRendererTest.java,20304
Chart,24,org.jfree.chart.renderer.GrayPaintScale,TRUE,"['     Lines covered: 24', '  Conditions total: 10', 'Conditions covered: 9', '     Line coverage: 96.0%', 'Condition coverage: 90.0%']",TRUE,2,0,,work/Chart_24/tests/org/jfree/chart/renderer/GrayPaintScaleTest.java,6310
Chart,25,org.jfree.chart.renderer.category.StatisticalBarRenderer,FALSE,,,,,compile failed (buggy): Command failed: defects4j compile -w work/Chart_25,work/Chart_25/tests/org/jfree/chart/renderer/category/StatisticalBarRendererTest.java,21685
Chart,26,org.jfree.chart.axis.Axis,FALSE,,,,,compile failed (buggy): Command failed: defects4j compile -w work/Chart_26,work/Chart_26/tests/org/jfree/chart/axis/AxisTest.java,47194
Cli,1,org.apache.commons.cli.CommandLine,TRUE,"['     Lines covered: 45', '  Conditions total: 14', 'Conditions covered: 14', '     Line coverage: 100.0%', 'Condition coverage: 100.0%']",FALSE,,,,work/Cli_1/src/test/org/apache/commons/cli/CommandLineTest.java,9655
Cli,2,org.apache.commons.cli.PosixParser,TRUE,"['     Lines covered: 66', '  Conditions total: 42', 'Conditions covered: 39', '     Line coverage: 97.1%', 'Condition coverage: 92.9%']",FALSE,,,,work/Cli_2/src/test/org/apache/commons/cli/PosixParserTest.java,11676
Cli,3,org.apache.commons.cli.TypeHandler,TRUE,"['     Lines covered: 55', '  Conditions total: 20', 'Conditions covered: 19', '     Line coverage: 100.0%', 'Condition coverage: 95.0%']",FALSE,,,,work/Cli_3/src/test/org/apache/commons/cli/TypeHandlerTest.java,7891
Cli,4,org.apache.commons.cli.Parser,TRUE,"['     Lines covered: 97', '  Conditions total: 68', 'Conditions covered: 65', '     Line coverage: 98.0%', 'Condition coverage: 95.6%']",FALSE,,,,work/Cli_4/src/test/org/apache/commons/cli/ParserTest.java,13839
Cli,5,org.apache.commons.cli.Util,TRUE,"['     Lines covered: 11', '  Conditions total: 8', 'Conditions covered: 8', '     Line coverage: 100.0%', 'Condition coverage: 100.0%']",FALSE,,,,work/Cli_5/src/test/org/apache/commons/cli/UtilTest.java,3189
Cli,7,org.apache.commons.cli2.builder.PatternBuilder,FALSE,,,,,compile failed (buggy): Command failed: defects4j compile -w work/Cli_7,work/Cli_7/src/test/org/apache/commons/cli2/builder/PatternBuilderTest.java,7182
Cli,8,org.apache.commons.cli.HelpFormatter,TRUE,"['     Lines covered: 192', '  Conditions total: 104', 'Conditions covered: 97', '     Line coverage: 100.0%', 'Condition coverage: 93.3%']",FALSE,,,,work/Cli_8/src/test/org/apache/commons/cli/HelpFormatterTest.java,30558
Cli,9,org.apache.commons.cli.Parser,FALSE,,,,,compile failed (buggy): Command failed: defects4j compile -w work/Cli_9,work/Cli_9/src/test/org/apache/commons/cli/ParserTest.java,14300
Cli,10,org.apache.commons.cli.Parser,TRUE,"['     Lines covered: 104', '  Conditions total: 70', 'Conditions covered: 66', '     Line coverage: 98.1%', 'Condition coverage: 94.3%']",FALSE,,,,work/Cli_10/src/test/org/apache/commons/cli/ParserTest.java,14360
Cli,11,org.apache.commons.cli.HelpFormatter,TRUE,"['     Lines covered: 192', '  Conditions total: 106', 'Conditions covered: 88', '     Line coverage: 97.0%', 'Condition coverage: 83.0%']",FALSE,,,,work/Cli_11/src/test/org/apache/commons/cli/HelpFormatterTest.java,31494
Cli,12,org.apache.commons.cli.GnuParser,TRUE,"['     Lines covered: 25', '  Conditions total: 16', 'Conditions covered: 16', '     Line coverage: 100.0%', 'Condition coverage: 100.0%']",FALSE,,,,work/Cli_12/src/test/org/apache/commons/cli/GnuParserTest.java,4810
Cli,13,org.apache.commons.cli2.WriteableCommandLine,TRUE,"['     Lines covered: 192', '  Conditions total: 116', 'Conditions covered: 112', '     Line coverage: 99.5%', 'Condition coverage: 96.6%']",FALSE,,,,work/Cli_13/src/test/org/apache/commons/cli2/WriteableCommandLineTest.java,4306
Cli,13,org.apache.commons.cli2.commandline.WriteableCommandLineImpl,TRUE,"['     Lines covered: 193', '  Conditions total: 116', 'Conditions covered: 113', '     Line coverage: 100.0%', 'Condition coverage: 97.4%']",FALSE,,,,work/Cli_13/src/test/org/apache/commons/cli2/commandline/WriteableCommandLineImplTest.java,8501
Cli,13,org.apache.commons.cli2.option.ArgumentImpl,TRUE,"['     Lines covered: 193', '  Conditions total: 116', 'Conditions covered: 114', '     Line coverage: 100.0%', 'Condition coverage: 98.3%']",FALSE,,,,work/Cli_13/src/test/org/apache/commons/cli2/option/ArgumentImplTest.java,13612
Cli,14,org.apache.commons.cli2.option.GroupImpl,FALSE,,,,,compile failed (buggy): Command failed: defects4j compile -w work/Cli_14,work/Cli_14/src/test/org/apache/commons/cli2/option/GroupImplTest.java,17602
Cli,15,org.apache.commons.cli2.commandline.WriteableCommandLineImpl,TRUE,"['     Lines covered: 93', '  Conditions total: 46', 'Conditions covered: 45', '     Line coverage: 100.0%', 'Condition coverage: 97.8%']",FALSE,,,,work/Cli_15/src/test/org/apache/commons/cli2/commandline/WriteableCommandLineImplTest.java,9887
Cli,16,org.apache.commons.cli2.Option,FALSE,,,,,compile failed (buggy): Command failed: defects4j compile -w work/Cli_16,work/Cli_16/src/test/org/apache/commons/cli2/OptionTest.java,8334
Cli,16,org.apache.commons.cli2.commandline.WriteableCommandLineImpl,FALSE,,,,,compile failed (buggy): Command failed: defects4j compile -w work/Cli_16,work/Cli_16/src/test/org/apache/commons/cli2/commandline/WriteableCommandLineImplTest.java,10363
Cli,16,org.apache.commons.cli2.option.GroupImpl,FALSE,,,,,compile failed (buggy): Command failed: defects4j compile -w work/Cli_16,work/Cli_16/src/test/org/apache/commons/cli2/option/GroupImplTest.java,17589
Cli,16,org.apache.commons.cli2.option.OptionImpl,FALSE,,,,,compile failed (buggy): Command failed: defects4j compile -w work/Cli_16,work/Cli_16/src/test/org/apache/commons/cli2/option/OptionImplTest.java,6314
Cli,17,org.apache.commons.cli.PosixParser,TRUE,"['     Lines covered: 65', '  Conditions total: 42', 'Conditions covered: 39', '     Line coverage: 97.0%', 'Condition coverage: 92.9%']",FALSE,,,,work/Cli_17/src/test/org/apache/commons/cli/PosixParserTest.java,11649
Cli,18,org.apache.commons.cli.PosixParser,TRUE,"['     Lines covered: 46', '  Conditions total: 42', 'Conditions covered: 24', '     Line coverage: 69.7%', 'Condition coverage: 57.1%']",FALSE,,,,work/Cli_18/src/test/org/apache/commons/cli/PosixParserTest.java,11389
Cli,19,org.apache.commons.cli.PosixParser,TRUE,"['     Lines covered: 63', '  Conditions total: 42', 'Conditions covered: 39', '     Line coverage: 96.9%', 'Condition coverage: 92.9%']",FALSE,,,,work/Cli_19/src/test/org/apache/commons/cli/PosixParserTest.java,11319
Cli,20,org.apache.commons.cli.PosixParser,TRUE,"['     Lines covered: 62', '  Conditions total: 42', 'Conditions covered: 38', '     Line coverage: 96.9%', 'Condition coverage: 90.5%']",FALSE,,,,work/Cli_20/src/test/org/apache/commons/cli/PosixParserTest.java,11302
Cli,21,org.apache.commons.cli2.WriteableCommandLine,FALSE,,,,,compile failed (buggy): Command failed: defects4j compile -w work/Cli_21,work/Cli_21/src/test/org/apache/commons/cli2/WriteableCommandLineTest.java,5126
Cli,21,org.apache.commons.cli2.commandline.WriteableCommandLineImpl,FALSE,,,,,compile failed (buggy): Command failed: defects4j compile -w work/Cli_21,work/Cli_21/src/test/org/apache/commons/cli2/commandline/WriteableCommandLineImplTest.java,11200
Cli,21,org.apache.commons.cli2.option.GroupImpl,FALSE,,,,,compile failed (buggy): Command failed: defects4j compile -w work/Cli_21,work/Cli_21/src/test/org/apache/commons/cli2/option/GroupImplTest.java,18664
Cli,22,org.apache.commons.cli.PosixParser,TRUE,"['     Lines covered: 57', '  Conditions total: 38', 'Conditions covered: 38', '     Line coverage: 100.0%', 'Condition coverage: 100.0%']",FALSE,,,,work/Cli_22/src/test/org/apache/commons/cli/PosixParserTest.java,10472
Cli,23,org.apache.commons.cli.HelpFormatter,FALSE,,,,,compile failed (buggy): Command failed: defects4j compile -w work/Cli_23,work/Cli_23/src/test/org/apache/commons/cli/HelpFormatterTest.java,30884
Cli,24,org.apache.commons.cli.HelpFormatter,TRUE,"['     Lines covered: 150', '  Conditions total: 112', 'Conditions covered: 76', '     Line coverage: 75.8%', 'Condition coverage: 67.9%']",FALSE,,,,work/Cli_24/src/test/org/apache/commons/cli/HelpFormatterTest.java,31255
Cli,25,org.apache.commons.cli.HelpFormatter,TRUE,"['     Lines covered: 196', '  Conditions total: 112', 'Conditions covered: 96', '     Line coverage: 99.0%', 'Condition coverage: 85.7%']",FALSE,,,,work/Cli_25/src/test/org/apache/commons/cli/HelpFormatterTest.java,31106
Cli,26,org.apache.commons.cli.OptionBuilder,TRUE,"['     Lines covered: 61', '  Conditions total: 4', 'Conditions covered: 4', '     Line coverage: 100.0%', 'Condition coverage: 100.0%']",FALSE,,,,work/Cli_26/src/test/org/apache/commons/cli/OptionBuilderTest.java,11080
Cli,27,org.apache.commons.cli.OptionGroup,TRUE,"['     Lines covered: 34', '  Conditions total: 12', 'Conditions covered: 12', '     Line coverage: 100.0%', 'Condition coverage: 100.0%']",FALSE,,,,work/Cli_27/src/test/org/apache/commons/cli/OptionGroupTest.java,5678
Cli,28,org.apache.commons.cli.Parser,TRUE,"['     Lines covered: 100', '  Conditions total: 68', 'Conditions covered: 63', '     Line coverage: 99.0%', 'Condition coverage: 92.6%']",FALSE,,,,work/Cli_28/src/test/org/apache/commons/cli/ParserTest.java,14245
Cli,29,org.apache.commons.cli.Util,TRUE,"['     Lines covered: 13', '  Conditions total: 10', 'Conditions covered: 10', '     Line coverage: 92.9%', 'Condition coverage: 100.0%']",FALSE,,,,work/Cli_29/src/test/org/apache/commons/cli/UtilTest.java,3486
Cli,30,org.apache.commons.cli.DefaultParser,FALSE,,,,,compile failed (buggy): Command failed: defects4j compile -w work/Cli_30,work/Cli_30/src/test/java/org/apache/commons/cli/DefaultParserTest.java,21479
Cli,30,org.apache.commons.cli.Parser,FALSE,,,,,compile failed (buggy): Command failed: defects4j compile -w work/Cli_30,work/Cli_30/src/test/java/org/apache/commons/cli/ParserTest.java,14768
Cli,31,org.apache.commons.cli.HelpFormatter,FALSE,,,,,compile failed (buggy): Command failed: defects4j compile -w work/Cli_31,work/Cli_31/src/test/java/org/apache/commons/cli/HelpFormatterTest.java,32524
Cli,31,org.apache.commons.cli.Option,FALSE,,,,,compile failed (buggy): Command failed: defects4j compile -w work/Cli_31,work/Cli_31/src/test/java/org/apache/commons/cli/OptionTest.java,19786
Cli,31,org.apache.commons.cli.OptionBuilder,FALSE,,,,,compile failed (buggy): Command failed: defects4j compile -w work/Cli_31,work/Cli_31/src/test/java/org/apache/commons/cli/OptionBuilderTest.java,11337
Cli,32,org.apache.commons.cli.HelpFormatter,FALSE,,,,,compile failed (buggy): Command failed: defects4j compile -w work/Cli_32,work/Cli_32/src/test/java/org/apache/commons/cli/HelpFormatterTest.java,32657
Cli,33,org.apache.commons.cli.HelpFormatter,TRUE,"['     Lines covered: 167', '  Conditions total: 114', 'Conditions covered: 95', '     Line coverage: 83.1%', 'Condition coverage: 83.3%']",FALSE,,,,work/Cli_33/src/test/java/org/apache/commons/cli/HelpFormatterTest.java,33053
Cli,34,org.apache.commons.cli.Option,TRUE,"['     Lines covered: 176', '  Conditions total: 88', 'Conditions covered: 81', '     Line coverage: 97.8%', 'Condition coverage: 92.0%']",FALSE,,,,work/Cli_34/src/test/java/org/apache/commons/cli/OptionTest.java,19774
Cli,34,org.apache.commons.cli.OptionBuilder,TRUE,"['     Lines covered: 176', '  Conditions total: 88', 'Conditions covered: 81', '     Line coverage: 97.8%', 'Condition coverage: 92.0%']",FALSE,,,,work/Cli_34/src/test/java/org/apache/commons/cli/OptionBuilderTest.java,11451
Cli,35,org.apache.commons.cli.Options,TRUE,"['     Lines covered: 57', '  Conditions total: 20', 'Conditions covered: 20', '     Line coverage: 100.0%', 'Condition coverage: 100.0%']",FALSE,1,1,,work/Cli_35/src/test/java/org/apache/commons/cli/OptionsTest.java,10797
Cli,36,org.apache.commons.cli.OptionGroup,TRUE,"['     Lines covered: 90', '  Conditions total: 36', 'Conditions covered: 35', '     Line coverage: 95.7%', 'Condition coverage: 97.2%']",FALSE,2,2,,work/Cli_36/src/test/java/org/apache/commons/cli/OptionGroupTest.java,5942
Cli,36,org.apache.commons.cli.Options,TRUE,"['     Lines covered: 92', '  Conditions total: 36', 'Conditions covered: 35', '     Line coverage: 97.9%', 'Condition coverage: 97.2%']",FALSE,0,,,work/Cli_36/src/test/java/org/apache/commons/cli/OptionsTest.java,10897
Cli,37,org.apache.commons.cli.DefaultParser,TRUE,"['     Lines covered: 152', '  Conditions total: 158', 'Conditions covered: 99', '     Line coverage: 81.3%', 'Condition coverage: 62.7%']",FALSE,1,1,,work/Cli_37/src/test/java/org/apache/commons/cli/DefaultParserTest.java,21586
Cli,38,org.apache.commons.cli.DefaultParser,TRUE,"['     Lines covered: 176', '  Conditions total: 158', 'Conditions covered: 118', '     Line coverage: 92.1%', 'Condition coverage: 74.7%']",FALSE,0,,,work/Cli_38/src/test/java/org/apache/commons/cli/DefaultParserTest.java,21806
Cli,39,org.apache.commons.cli.TypeHandler,TRUE,"['     Lines covered: 41', '  Conditions total: 20', 'Conditions covered: 20', '     Line coverage: 97.6%', 'Condition coverage: 100.0%']",FALSE,0,,,work/Cli_39/src/test/java/org/apache/commons/cli/TypeHandlerTest.java,8944
Cli,40,org.apache.commons.cli.TypeHandler,TRUE,"['     Lines covered: 44', '  Conditions total: 20', 'Conditions covered: 20', '     Line coverage: 97.8%', 'Condition coverage: 100.0%']",FALSE,1,2,,work/Cli_40/src/test/java/org/apache/commons/cli/TypeHandlerTest.java,9351
Closure,1,com.google.javascript.jscomp.RemoveUnusedVars,FALSE,,,,,compile failed (buggy): Command failed: defects4j compile -w work/Closure_1,work/Closure_1/test/com/google/javascript/jscomp/RemoveUnusedVarsTest.java,36396
Closure,2,com.google.javascript.jscomp.TypeCheck,FALSE,,,,,compile failed (buggy): Command failed: defects4j compile -w work/Closure_2,work/Closure_2/test/com/google/javascript/jscomp/TypeCheckTest.java,72075
Closure,3,com.google.javascript.jscomp.FlowSensitiveInlineVariables,TRUE,"['     Lines covered: 146', '  Conditions total: 127', 'Conditions covered: 85', '     Line coverage: 83.0%', 'Condition coverage: 66.9%']",FALSE,8,8,,work/Closure_3/test/com/google/javascript/jscomp/FlowSensitiveInlineVariablesTest.java,19843
Closure,4,com.google.javascript.rhino.jstype.NamedType,FALSE,,,,,compile failed (buggy): Command failed: defects4j compile -w work/Closure_4,work/Closure_4/test/com/google/javascript/rhino/jstype/NamedTypeTest.java,14986
Closure,5,com.google.javascript.jscomp.InlineObjectLiterals,FALSE,,,,,compile failed (buggy): Command failed: defects4j compile -w work/Closure_5,work/Closure_5/test/com/google/javascript/jscomp/InlineObjectLiteralsTest.java,18472
Closure,6,com.google.javascript.jscomp.TypeValidator,FALSE,,,,,compile failed (buggy): Command failed: defects4j compile -w work/Closure_6,work/Closure_6/test/com/google/javascript/jscomp/TypeValidatorTest.java,32707
Closure,7,com.google.javascript.jscomp.type.ChainableReverseAbstractInterpreter,FALSE,,,,,compile failed (buggy): Command failed: defects4j compile -w work/Closure_7,work/Closure_7/test/com/google/javascript/jscomp/type/ChainableReverseAbstractInterpreterTest.java,23240
Closure,8,com.google.javascript.jscomp.CollapseVariableDeclarations,FALSE,,,,,compile failed (buggy): Command failed: defects4j compile -w work/Closure_8,work/Closure_8/test/com/google/javascript/jscomp/CollapseVariableDeclarationsTest.java,8469
Closure,9,com.google.javascript.jscomp.ProcessCommonJSModules,FALSE,,,,,compile failed (buggy): Command failed: defects4j compile -w work/Closure_9,work/Closure_9/test/com/google/javascript/jscomp/ProcessCommonJSModulesTest.java,11239
Closure,10,com.google.javascript.jscomp.NodeUtil,FALSE,,,,,compile failed (buggy): Command failed: defects4j compile -w work/Closure_10,work/Closure_10/test/com/google/javascript/jscomp/NodeUtilTest.java,97005
Closure,11,com.google.javascript.jscomp.TypeCheck,FALSE,,,,,compile failed (buggy): Command failed: defects4j compile -w work/Closure_11,work/Closure_11/test/com/google/javascript/jscomp/TypeCheckTest.java,68905
Closure,12,com.google.javascript.jscomp.MaybeReachingVariableUse,FALSE,,,,,compile failed (buggy): Command failed: defects4j compile -w work/Closure_12,work/Closure_12/test/com/google/javascript/jscomp/MaybeReachingVariableUseTest.java,10904
Closure,13,com.google.javascript.jscomp.PeepholeOptimizationsPass,FALSE,,,,,compile failed (buggy): Command failed: defects4j compile -w work/Closure_13,work/Closure_13/test/com/google/javascript/jscomp/PeepholeOptimizationsPassTest.java,7171
Closure,14,com.google.javascript.jscomp.ControlFlowAnalysis,FALSE,,,,,compile failed (buggy): Command failed: defects4j compile -w work/Closure_14,work/Closure_14/test/com/google/javascript/jscomp/ControlFlowAnalysisTest.java,36640
Closure,15,com.google.javascript.jscomp.FlowSensitiveInlineVariables,FALSE,,,,,compile failed (buggy): Command failed: defects4j compile -w work/Closure_15,work/Closure_15/test/com/google/javascript/jscomp/FlowSensitiveInlineVariablesTest.java,18298
Closure,16,com.google.javascript.jscomp.ScopedAliases,FALSE,,,,,compile failed (buggy): Command failed: defects4j compile -w work/Closure_16,work/Closure_16/test/com/google/javascript/jscomp/ScopedAliasesTest.java,17648
Closure,17,com.google.javascript.jscomp.TypedScopeCreator,FALSE,,,,,compile failed (buggy): Command failed: defects4j compile -w work/Closure_17,work/Closure_17/test/com/google/javascript/jscomp/TypedScopeCreatorTest.java,76888
Closure,18,com.google.javascript.jscomp.Compiler,FALSE,,,,,compile failed (buggy): Command failed: defects4j compile -w work/Closure_18,work/Closure_18/test/com/google/javascript/jscomp/CompilerTest.java,76823
Closure,19,com.google.javascript.jscomp.type.ChainableReverseAbstractInterpreter,FALSE,,,,,compile failed (buggy): Command failed: defects4j compile -w work/Closure_19,work/Closure_19/test/com/google/javascript/jscomp/type/ChainableReverseAbstractInterpreterTest.java,22949
Closure,20,com.google.javascript.jscomp.PeepholeSubstituteAlternateSyntax,FALSE,,,,,compile failed (buggy): Command failed: defects4j compile -w work/Closure_20,work/Closure_20/test/com/google/javascript/jscomp/PeepholeSubstituteAlternateSyntaxTest.java,57495
Closure,21,com.google.javascript.jscomp.CheckSideEffects,FALSE,,,,,compile failed (buggy): Command failed: defects4j compile -w work/Closure_21,work/Closure_21/test/com/google/javascript/jscomp/CheckSideEffectsTest.java,8780
Closure,22,com.google.javascript.jscomp.CheckSideEffects,FALSE,,,,,compile failed (buggy): Command failed: defects4j compile -w work/Closure_22,work/Closure_22/test/com/google/javascript/jscomp/CheckSideEffectsTest.java,9088
Closure,23,com.google.javascript.jscomp.PeepholeFoldConstants,FALSE,,,,,compile failed (buggy): Command failed: defects4j compile -w work/Closure_23,work/Closure_23/test/com/google/javascript/jscomp/PeepholeFoldConstantsTest.java,44876
Closure,24,com.google.javascript.jscomp.ScopedAliases,FALSE,,,,,compile failed (buggy): Command failed: defects4j compile -w work/Closure_24,work/Closure_24/test/com/google/javascript/jscomp/ScopedAliasesTest.java,15274
Closure,25,com.google.javascript.jscomp.TypeInference,FALSE,,,,,compile failed (buggy): Command failed: defects4j compile -w work/Closure_25,work/Closure_25/test/com/google/javascript/jscomp/TypeInferenceTest.java,51063
Closure,26,com.google.javascript.jscomp.ProcessCommonJSModules,FALSE,,,,,compile failed (buggy): Command failed: defects4j compile -w work/Closure_26,work/Closure_26/test/com/google/javascript/jscomp/ProcessCommonJSModulesTest.java,10877
Closure,27,com.google.javascript.rhino.IR,TRUE,"['     Lines covered: 156', '  Conditions total: 60', 'Conditions covered: 38', '     Line coverage: 83.4%', 'Condition coverage: 63.3%']",FALSE,3,3,,work/Closure_27/test/com/google/javascript/rhino/IRTest.java,18273
Closure,28,com.google.javascript.jscomp.InlineCostEstimator,FALSE,,,,,compile failed (buggy): Command failed: defects4j compile -w work/Closure_28,work/Closure_28/test/com/google/javascript/jscomp/InlineCostEstimatorTest.java,4299
Closure,29,com.google.javascript.jscomp.InlineObjectLiterals,FALSE,,,,,compile failed (buggy): Command failed: defects4j compile -w work/Closure_29,work/Closure_29/test/com/google/javascript/jscomp/InlineObjectLiteralsTest.java,17926
Closure,30,com.google.javascript.jscomp.FlowSensitiveInlineVariables,FALSE,,,,,compile failed (buggy): Command failed: defects4j compile -w work/Closure_30,work/Closure_30/test/com/google/javascript/jscomp/FlowSensitiveInlineVariablesTest.java,18099
Closure,30,com.google.javascript.jscomp.MustBeReachingVariableDef,FALSE,,,,,compile failed (buggy): Command failed: defects4j compile -w work/Closure_30,work/Closure_30/test/com/google/javascript/jscomp/MustBeReachingVariableDefTest.java,15761
Closure,31,com.google.javascript.jscomp.Compiler,FALSE,,,,,compile failed (buggy): Command failed: defects4j compile -w work/Closure_31,work/Closure_31/test/com/google/javascript/jscomp/CompilerTest.java,75279
Closure,32,com.google.javascript.jscomp.parsing.JsDocInfoParser,FALSE,,,,,compile failed (buggy): Command failed: defects4j compile -w work/Closure_32,work/Closure_32/test/com/google/javascript/jscomp/parsing/JsDocInfoParserTest.java,76881
Closure,33,com.google.javascript.rhino.jstype.PrototypeObjectType,FALSE,,,,,compile failed (buggy): Command failed: defects4j compile -w work/Closure_33,work/Closure_33/test/com/google/javascript/rhino/jstype/PrototypeObjectTypeTest.java,19300
Closure,34,com.google.javascript.jscomp.CodeGenerator,FALSE,,,,,compile failed (buggy): Command failed: defects4j compile -w work/Closure_34,work/Closure_34/test/com/google/javascript/jscomp/CodeGeneratorTest.java,39379
Closure,34,com.google.javascript.jscomp.CodePrinter,FALSE,,,,,compile failed (buggy): Command failed: defects4j compile -w work/Closure_34,work/Closure_34/test/com/google/javascript/jscomp/CodePrinterTest.java,23737
Closure,35,com.google.javascript.jscomp.TypeInference,FALSE,,,,,compile failed (buggy): Command failed: defects4j compile -w work/Closure_35,work/Closure_35/test/com/google/javascript/jscomp/TypeInferenceTest.java,51794
Closure,36,com.google.javascript.jscomp.InlineVariables,FALSE,,,,,compile failed (buggy): Command failed: defects4j compile -w work/Closure_36,work/Closure_36/test/com/google/javascript/jscomp/InlineVariablesTest.java,27258
Closure,37,com.google.javascript.jscomp.NodeTraversal,FALSE,,,,,compile failed (buggy): Command failed: defects4j compile -w work/Closure_37,work/Closure_37/test/com/google/javascript/jscomp/NodeTraversalTest.java,20848
Closure,37,com.google.javascript.jscomp.parsing.IRFactory,FALSE,,,,,compile failed (buggy): Command failed: defects4j compile -w work/Closure_37,work/Closure_37/test/com/google/javascript/jscomp/parsing/IRFactoryTest.java,48201
Closure,38,com.google.javascript.jscomp.CodeConsumer,TRUE,"['     Lines covered: 111', '  Conditions total: 64', 'Conditions covered: 64', '     Line coverage: 99.1%', 'Condition coverage: 100.0%']",FALSE,3,3,,work/Closure_38/test/com/google/javascript/jscomp/CodeConsumerTest.java,8673
Closure,39,com.google.javascript.rhino.jstype.PrototypeObjectType,FALSE,,,,,compile failed (buggy): Command failed: defects4j compile -w work/Closure_39,work/Closure_39/test/com/google/javascript/rhino/jstype/PrototypeObjectTypeTest.java,18247
Closure,40,com.google.javascript.jscomp.NameAnalyzer,FALSE,,,,,compile failed (buggy): Command failed: defects4j compile -w work/Closure_40,work/Closure_40/test/com/google/javascript/jscomp/NameAnalyzerTest.java,60811
Closure,41,com.google.javascript.jscomp.FunctionTypeBuilder,FALSE,,,,,compile failed (buggy): Command failed: defects4j compile -w work/Closure_41,work/Closure_41/test/com/google/javascript/jscomp/FunctionTypeBuilderTest.java,29616
Closure,42,com.google.javascript.jscomp.parsing.IRFactory,FALSE,,,,,compile failed (buggy): Command failed: defects4j compile -w work/Closure_42,work/Closure_42/test/com/google/javascript/jscomp/parsing/IRFactoryTest.java,47772
Closure,43,com.google.javascript.jscomp.TypedScopeCreator,FALSE,,,,,compile failed (buggy): Command failed: defects4j compile -w work/Closure_43,work/Closure_43/test/com/google/javascript/jscomp/TypedScopeCreatorTest.java,74033
Closure,44,com.google.javascript.jscomp.CodeConsumer,FALSE,,,,,compile failed (buggy): Command failed: defects4j compile -w work/Closure_44,work/Closure_44/test/com/google/javascript/jscomp/CodeConsumerTest.java,8562
Closure,45,com.google.javascript.jscomp.RemoveUnusedVars,TRUE,"['     Lines covered: 331', '  Conditions total: 281', 'Conditions covered: 200', '     Line coverage: 86.2%', 'Condition coverage: 71.2%']",FALSE,10,10,,work/Closure_45/test/com/google/javascript/jscomp/RemoveUnusedVarsTest.java,35538
Closure,46,com.google.javascript.rhino.jstype.RecordType,TRUE,"['     Lines covered: 108', '  Conditions total: 80', 'Conditions covered: 71', '     Line coverage: 99.1%', 'Condition coverage: 88.8%']",FALSE,0,,,work/Closure_46/test/com/google/javascript/rhino/jstype/RecordTypeTest.java,11971
Closure,47,com.google.debugging.sourcemap.SourceMapConsumerV3,TRUE,"['     Lines covered: 303', '  Conditions total: 162', 'Conditions covered: 110', '     Line coverage: 84.6%', 'Condition coverage: 67.9%']",FALSE,1,1,,work/Closure_47/test/com/google/debugging/sourcemap/SourceMapConsumerV3Test.java,23527
Closure,47,com.google.javascript.jscomp.SourceMap,FALSE,,,,,compile failed (buggy): Command failed: defects4j compile -w work/Closure_47,work/Closure_47/test/com/google/javascript/jscomp/SourceMapTest.java,7665
Closure,48,com.google.javascript.jscomp.TypedScopeCreator,TRUE,"['     Lines covered: 707', '  Conditions total: 641', 'Conditions covered: 476', '     Line coverage: 85.0%', 'Condition coverage: 74.3%']",FALSE,6,6,,work/Closure_48/test/com/google/javascript/jscomp/TypedScopeCreatorTest.java,73203
Closure,49,com.google.javascript.jscomp.MakeDeclaredNamesUnique,FALSE,,,,,compile failed (buggy): Command failed: defects4j compile -w work/Closure_49,work/Closure_49/test/com/google/javascript/jscomp/MakeDeclaredNamesUniqueTest.java,19301
Closure,50,com.google.javascript.jscomp.PeepholeReplaceKnownMethods,FALSE,,,,,compile failed (buggy): Command failed: defects4j compile -w work/Closure_50,work/Closure_50/test/com/google/javascript/jscomp/PeepholeReplaceKnownMethodsTest.java,21506
Closure,51,com.google.javascript.jscomp.CodeConsumer,TRUE,"['     Lines covered: 108', '  Conditions total: 54', 'Conditions covered: 54', '     Line coverage: 100.0%', 'Condition coverage: 100.0%']",FALSE,2,2,,work/Closure_51/test/com/google/javascript/jscomp/CodeConsumerTest.java,8272
Closure,52,com.google.javascript.jscomp.CodeGenerator,FALSE,,,,,compile failed (buggy): Command failed: defects4j compile -w work/Closure_52,work/Closure_52/test/com/google/javascript/jscomp/CodeGeneratorTest.java,39269
Closure,53,com.google.javascript.jscomp.InlineObjectLiterals,FALSE,,,,,compile failed (buggy): Command failed: defects4j compile -w work/Closure_53,work/Closure_53/test/com/google/javascript/jscomp/InlineObjectLiteralsTest.java,17615
Closure,54,com.google.javascript.jscomp.TypedScopeCreator,FALSE,,,,,compile failed (buggy): Command failed: defects4j compile -w work/Closure_54,work/Closure_54/test/com/google/javascript/jscomp/TypedScopeCreatorTest.java,68097
Closure,54,com.google.javascript.rhino.jstype.FunctionType,FALSE,,,,,compile failed (buggy): Command failed: defects4j compile -w work/Closure_54,work/Closure_54/test/com/google/javascript/rhino/jstype/FunctionTypeTest.java,37082
Closure,55,com.google.javascript.jscomp.FunctionRewriter,FALSE,,,,,compile failed (buggy): Command failed: defects4j compile -w work/Closure_55,work/Closure_55/test/com/google/javascript/jscomp/FunctionRewriterTest.java,17843
Closure,56,com.google.javascript.jscomp.SourceFile,TRUE,"['     Lines covered: 126', '  Conditions total: 48', 'Conditions covered: 41', '     Line coverage: 88.7%', 'Condition coverage: 85.4%']",FALSE,5,3,,work/Closure_56/test/com/google/javascript/jscomp/SourceFileTest.java,15701
Closure,57,com.google.javascript.jscomp.ClosureCodingConvention,FALSE,,,,,compile failed (buggy): Command failed: defects4j compile -w work/Closure_57,work/Closure_57/test/com/google/javascript/jscomp/ClosureCodingConventionTest.java,14351
Closure,58,com.google.javascript.jscomp.LiveVariablesAnalysis,FALSE,,,,,compile failed (buggy): Command failed: defects4j compile -w work/Closure_58,work/Closure_58/test/com/google/javascript/jscomp/LiveVariablesAnalysisTest.java,10957
Closure,59,com.google.javascript.jscomp.Compiler,FALSE,,,,,compile failed (buggy): Command failed: defects4j compile -w work/Closure_59,work/Closure_59/test/com/google/javascript/jscomp/CompilerTest.java,62605
Closure,60,com.google.javascript.jscomp.NodeUtil,FALSE,,,,,compile failed (buggy): Command failed: defects4j compile -w work/Closure_60,work/Closure_60/test/com/google/javascript/jscomp/NodeUtilTest.java,91489
Closure,61,com.google.javascript.jscomp.NodeUtil,FALSE,,,,,compile failed (buggy): Command failed: defects4j compile -w work/Closure_61,work/Closure_61/test/com/google/javascript/jscomp/NodeUtilTest.java,91175
Closure,62,com.google.javascript.jscomp.LightweightMessageFormatter,FALSE,,,,,compile failed (buggy): Command failed: defects4j compile -w work/Closure_62,work/Closure_62/test/com/google/javascript/jscomp/LightweightMessageFormatterTest.java,6911
Closure,64,com.google.javascript.jscomp.Compiler,FALSE,,,,,compile failed (buggy): Command failed: defects4j compile -w work/Closure_64,work/Closure_64/test/com/google/javascript/jscomp/CompilerTest.java,61058
Closure,65,com.google.javascript.jscomp.CodeGenerator,FALSE,,,,,compile failed (buggy): Command failed: defects4j compile -w work/Closure_65,work/Closure_65/test/com/google/javascript/jscomp/CodeGeneratorTest.java,39233
Closure,66,com.google.javascript.jscomp.TypeCheck,FALSE,,,,,compile failed (buggy): Command failed: defects4j compile -w work/Closure_66,work/Closure_66/test/com/google/javascript/jscomp/TypeCheckTest.java,68507
Closure,67,com.google.javascript.jscomp.AnalyzePrototypeProperties,FALSE,,,,,compile failed (buggy): Command failed: defects4j compile -w work/Closure_67,work/Closure_67/test/com/google/javascript/jscomp/AnalyzePrototypePropertiesTest.java,23977
Closure,68,com.google.javascript.jscomp.parsing.JsDocInfoParser,FALSE,,,,,compile failed (buggy): Command failed: defects4j compile -w work/Closure_68,work/Closure_68/test/com/google/javascript/jscomp/parsing/JsDocInfoParserTest.java,75022
Closure,69,com.google.javascript.jscomp.TypeCheck,TRUE,"['     Lines covered: 707', '  Conditions total: 499', 'Conditions covered: 415', '     Line coverage: 91.1%', 'Condition coverage: 83.2%']",FALSE,0,,,work/Closure_69/test/com/google/javascript/jscomp/TypeCheckTest.java,68115
Closure,70,com.google.javascript.jscomp.TypedScopeCreator,FALSE,,,,,compile failed (buggy): Command failed: defects4j compile -w work/Closure_70,work/Closure_70/test/com/google/javascript/jscomp/TypedScopeCreatorTest.java,68719
Closure,71,com.google.javascript.jscomp.CheckAccessControls,FALSE,,,,,compile failed (buggy): Command failed: defects4j compile -w work/Closure_71,work/Closure_71/test/com/google/javascript/jscomp/CheckAccessControlsTest.java,23842
Closure,72,com.google.javascript.jscomp.FunctionToBlockMutator,FALSE,,,,,compile failed (buggy): Command failed: defects4j compile -w work/Closure_72,work/Closure_72/test/com/google/javascript/jscomp/FunctionToBlockMutatorTest.java,16428
Closure,72,com.google.javascript.jscomp.RenameLabels,FALSE,,,,,compile failed (buggy): Command failed: defects4j compile -w work/Closure_72,work/Closure_72/test/com/google/javascript/jscomp/RenameLabelsTest.java,10182
Closure,73,com.google.javascript.jscomp.CodeGenerator,FALSE,,,,,compile failed (buggy): Command failed: defects4j compile -w work/Closure_73,work/Closure_73/test/com/google/javascript/jscomp/CodeGeneratorTest.java,38798
Closure,74,com.google.javascript.jscomp.PeepholeFoldConstants,FALSE,,,,,compile failed (buggy): Command failed: defects4j compile -w work/Closure_74,work/Closure_74/test/com/google/javascript/jscomp/PeepholeFoldConstantsTest.java,51883
Closure,75,com.google.javascript.jscomp.NodeUtil,FALSE,,,,,compile failed (buggy): Command failed: defects4j compile -w work/Closure_75,work/Closure_75/test/com/google/javascript/jscomp/NodeUtilTest.java,89865
Closure,76,com.google.javascript.jscomp.DeadAssignmentsElimination,FALSE,,,,,compile failed (buggy): Command failed: defects4j compile -w work/Closure_76,work/Closure_76/test/com/google/javascript/jscomp/DeadAssignmentsEliminationTest.java,15701
Closure,77,com.google.javascript.jscomp.CodeGenerator,FALSE,,,,,compile failed (buggy): Command failed: defects4j compile -w work/Closure_77,work/Closure_77/test/com/google/javascript/jscomp/CodeGeneratorTest.java,37935
Closure,78,com.google.javascript.jscomp.PeepholeFoldConstants,FALSE,,,,,compile failed (buggy): Command failed: defects4j compile -w work/Closure_78,work/Closure_78/test/com/google/javascript/jscomp/PeepholeFoldConstantsTest.java,49660
Closure,79,com.google.javascript.jscomp.Normalize,TRUE,"['     Lines covered: 365', '  Conditions total: 238', 'Conditions covered: 197', '     Line coverage: 93.4%', 'Condition coverage: 82.8%']",FALSE,11,11,,work/Closure_79/test/com/google/javascript/jscomp/NormalizeTest.java,29338
Closure,79,com.google.javascript.jscomp.VarCheck,FALSE,,,,,compile failed (buggy): Command failed: defects4j compile -w work/Closure_79,work/Closure_79/test/com/google/javascript/jscomp/VarCheckTest.java,11615
Closure,80,com.google.javascript.jscomp.NodeUtil,FALSE,,,,,compile failed (buggy): Command failed: defects4j compile -w work/Closure_80,work/Closure_80/test/com/google/javascript/jscomp/NodeUtilTest.java,89511
Closure,81,com.google.javascript.jscomp.parsing.IRFactory,TRUE,"['     Lines covered: 477', '  Conditions total: 319', 'Conditions covered: 203', '     Line coverage: 81.3%', 'Condition coverage: 63.6%']",FALSE,12,12,,work/Closure_81/test/com/google/javascript/jscomp/parsing/IRFactoryTest.java,49846
Closure,82,com.google.javascript.rhino.jstype.JSType,FALSE,,,,,compile failed (buggy): Command failed: defects4j compile -w work/Closure_82,work/Closure_82/test/com/google/javascript/rhino/jstype/JSTypeTest.java,33701
Closure,83,com.google.javascript.jscomp.CommandLineRunner,TRUE,"['     Lines covered: 152', '  Conditions total: 36', 'Conditions covered: 18', '     Line coverage: 77.9%', 'Condition coverage: 50.0%']",FALSE,4,4,,work/Closure_83/test/com/google/javascript/jscomp/CommandLineRunnerTest.java,24611
Closure,84,com.google.javascript.jscomp.parsing.IRFactory,FALSE,,,,,compile failed (buggy): Command failed: defects4j compile -w work/Closure_84,work/Closure_84/test/com/google/javascript/jscomp/parsing/IRFactoryTest.java,47674
Closure,85,com.google.javascript.jscomp.UnreachableCodeElimination,TRUE,"['     Lines covered: 54', '  Conditions total: 56', 'Conditions covered: 26', '     Line coverage: 69.2%', 'Condition coverage: 46.4%']",FALSE,7,7,,work/Closure_85/test/com/google/javascript/jscomp/UnreachableCodeEliminationTest.java,9878
Closure,86,com.google.javascript.jscomp.NodeUtil,FALSE,,,,,compile failed (buggy): Command failed: defects4j compile -w work/Closure_86,work/Closure_86/test/com/google/javascript/jscomp/NodeUtilTest.java,77437
Closure,87,com.google.javascript.jscomp.PeepholeSubstituteAlternateSyntax,FALSE,,,,,compile failed (buggy): Command failed: defects4j compile -w work/Closure_87,work/Closure_87/test/com/google/javascript/jscomp/PeepholeSubstituteAlternateSyntaxTest.java,37365
Closure,88,com.google.javascript.jscomp.DeadAssignmentsElimination,TRUE,"['     Lines covered: 97', '  Conditions total: 100', 'Conditions covered: 51', '     Line coverage: 73.5%', 'Condition coverage: 51.0%']",FALSE,11,11,,work/Closure_88/test/com/google/javascript/jscomp/DeadAssignmentsEliminationTest.java,13767
Closure,89,com.google.javascript.jscomp.CollapseProperties,FALSE,,,,,compile failed (buggy): Command failed: defects4j compile -w work/Closure_89,work/Closure_89/test/com/google/javascript/jscomp/CollapsePropertiesTest.java,32609
Closure,89,com.google.javascript.jscomp.GlobalNamespace,FALSE,,,,,compile failed (buggy): Command failed: defects4j compile -w work/Closure_89,work/Closure_89/test/com/google/javascript/jscomp/GlobalNamespaceTest.java,35224
Closure,90,com.google.javascript.jscomp.FunctionTypeBuilder,TRUE,"['     Lines covered: 609', '  Conditions total: 522', 'Conditions covered: 455', '     Line coverage: 92.8%', 'Condition coverage: 87.2%']",FALSE,9,9,,work/Closure_90/test/com/google/javascript/jscomp/FunctionTypeBuilderTest.java,27388
Closure,90,com.google.javascript.rhino.jstype.FunctionType,TRUE,"['     Lines covered: 608', '  Conditions total: 522', 'Conditions covered: 451', '     Line coverage: 92.7%', 'Condition coverage: 86.4%']",FALSE,0,,,work/Closure_90/test/com/google/javascript/rhino/jstype/FunctionTypeTest.java,32230
Closure,91,com.google.javascript.jscomp.CheckGlobalThis,FALSE,,,,,compile failed (buggy): Command failed: defects4j compile -w work/Closure_91,work/Closure_91/test/com/google/javascript/jscomp/CheckGlobalThisTest.java,7692
Closure,92,com.google.javascript.jscomp.ProcessClosurePrimitives,TRUE,"['     Lines covered: 285', '  Conditions total: 258', 'Conditions covered: 154', '     Line coverage: 69.7%', 'Condition coverage: 59.7%']",FALSE,1,1,,work/Closure_92/test/com/google/javascript/jscomp/ProcessClosurePrimitivesTest.java,34029
Closure,94,com.google.javascript.jscomp.NodeUtil,FALSE,,,,,compile failed (buggy): Command failed: defects4j compile -w work/Closure_94,work/Closure_94/test/com/google/javascript/jscomp/NodeUtilTest.java,71347
Closure,95,com.google.javascript.jscomp.TypedScopeCreator,FALSE,,,,,compile failed (buggy): Command failed: defects4j compile -w work/Closure_95,work/Closure_95/test/com/google/javascript/jscomp/TypedScopeCreatorTest.java,57400
Closure,96,com.google.javascript.jscomp.TypeCheck,FALSE,,,,,compile failed (buggy): Command failed: defects4j compile -w work/Closure_96,work/Closure_96/test/com/google/javascript/jscomp/TypeCheckTest.java,60526
Closure,97,com.google.javascript.jscomp.PeepholeFoldConstants,FALSE,,,,,compile failed (buggy): Command failed: defects4j compile -w work/Closure_97,work/Closure_97/test/com/google/javascript/jscomp/PeepholeFoldConstantsTest.java,35997
Closure,98,com.google.javascript.jscomp.ReferenceCollectingCallback,FALSE,,,,,compile failed (buggy): Command failed: defects4j compile -w work/Closure_98,work/Closure_98/test/com/google/javascript/jscomp/ReferenceCollectingCallbackTest.java,18663
Closure,99,com.google.javascript.jscomp.CheckGlobalThis,FALSE,,,,,compile failed (buggy): Command failed: defects4j compile -w work/Closure_99,work/Closure_99/test/com/google/javascript/jscomp/CheckGlobalThisTest.java,7239
Closure,100,com.google.javascript.jscomp.CheckGlobalThis,FALSE,,,,,compile failed (buggy): Command failed: defects4j compile -w work/Closure_100,work/Closure_100/test/com/google/javascript/jscomp/CheckGlobalThisTest.java,6967
Closure,101,com.google.javascript.jscomp.CommandLineRunner,FALSE,,,,,compile failed (buggy): Command failed: defects4j compile -w work/Closure_101,work/Closure_101/test/com/google/javascript/jscomp/CommandLineRunnerTest.java,19666
Closure,102,com.google.javascript.jscomp.Normalize,FALSE,,,,,compile failed (buggy): Command failed: defects4j compile -w work/Closure_102,work/Closure_102/test/com/google/javascript/jscomp/NormalizeTest.java,19366
Closure,103,com.google.javascript.jscomp.ControlFlowAnalysis,TRUE,"['     Lines covered: 684', '  Conditions total: 516', 'Conditions covered: 412', '     Line coverage: 90.0%', 'Condition coverage: 79.8%']",FALSE,1,1,,work/Closure_103/test/com/google/javascript/jscomp/ControlFlowAnalysisTest.java,34534
Closure,103,com.google.javascript.jscomp.DisambiguateProperties,FALSE,,,,,compile failed (buggy): Command failed: defects4j compile -w work/Closure_103,work/Closure_103/test/com/google/javascript/jscomp/DisambiguatePropertiesTest.java,35687
Closure,104,com.google.javascript.rhino.jstype.UnionType,FALSE,,,,,compile failed (buggy): Command failed: defects4j compile -w work/Closure_104,work/Closure_104/test/com/google/javascript/rhino/jstype/UnionTypeTest.java,15775
Closure,105,com.google.javascript.jscomp.FoldConstants,FALSE,,,,,compile failed (buggy): Command failed: defects4j compile -w work/Closure_105,work/Closure_105/test/com/google/javascript/jscomp/FoldConstantsTest.java,64719
Closure,106,com.google.javascript.jscomp.GlobalNamespace,FALSE,,,,,compile failed (buggy): Command failed: defects4j compile -w work/Closure_106,work/Closure_106/test/com/google/javascript/jscomp/GlobalNamespaceTest.java,34365
Closure,106,com.google.javascript.rhino.JSDocInfoBuilder,FALSE,,,,,compile failed (buggy): Command failed: defects4j compile -w work/Closure_106,work/Closure_106/test/com/google/javascript/rhino/JSDocInfoBuilderTest.java,22828
Closure,107,com.google.javascript.jscomp.CommandLineRunner,TRUE,"['     Lines covered: 273', '  Conditions total: 69', 'Conditions covered: 50', '     Line coverage: 83.5%', 'Condition coverage: 72.5%']",FALSE,1,1,,work/Closure_107/test/com/google/javascript/jscomp/CommandLineRunnerTest.java,38815
Closure,108,com.google.javascript.jscomp.ScopedAliases,FALSE,,,,,compile failed (buggy): Command failed: defects4j compile -w work/Closure_108,work/Closure_108/test/com/google/javascript/jscomp/ScopedAliasesTest.java,23090
Closure,109,com.google.javascript.jscomp.parsing.JsDocInfoParser,FALSE,,,,,compile failed (buggy): Command failed: defects4j compile -w work/Closure_109,work/Closure_109/test/com/google/javascript/jscomp/parsing/JsDocInfoParserTest.java,80924
Closure,110,com.google.javascript.jscomp.ScopedAliases,FALSE,,,,,compile failed (buggy): Command failed: defects4j compile -w work/Closure_110,work/Closure_110/test/com/google/javascript/jscomp/ScopedAliasesTest.java,21988
Closure,110,com.google.javascript.rhino.Node,FALSE,,,,,compile failed (buggy): Command failed: defects4j compile -w work/Closure_110,work/Closure_110/test/com/google/javascript/rhino/NodeTest.java,68951
Closure,111,com.google.javascript.jscomp.type.ClosureReverseAbstractInterpreter,FALSE,,,,,compile failed (buggy): Command failed: defects4j compile -w work/Closure_111,work/Closure_111/test/com/google/javascript/jscomp/type/ClosureReverseAbstractInterpreterTest.java,10613
Closure,112,com.google.javascript.jscomp.TypeInference,FALSE,,,,,compile failed (buggy): Command failed: defects4j compile -w work/Closure_112,work/Closure_112/test/com/google/javascript/jscomp/TypeInferenceTest.java,58535
Closure,113,com.google.javascript.jscomp.ProcessClosurePrimitives,FALSE,,,,,compile failed (buggy): Command failed: defects4j compile -w work/Closure_113,work/Closure_113/test/com/google/javascript/jscomp/ProcessClosurePrimitivesTest.java,43444
Closure,114,com.google.javascript.jscomp.NameAnalyzer,FALSE,,,,,compile failed (buggy): Command failed: defects4j compile -w work/Closure_114,work/Closure_114/test/com/google/javascript/jscomp/NameAnalyzerTest.java,63820
Closure,115,com.google.javascript.jscomp.FunctionInjector,FALSE,,,,,compile failed (buggy): Command failed: defects4j compile -w work/Closure_115,work/Closure_115/test/com/google/javascript/jscomp/FunctionInjectorTest.java,34745
Closure,116,com.google.javascript.jscomp.FunctionInjector,FALSE,,,,,compile failed (buggy): Command failed: defects4j compile -w work/Closure_116,work/Closure_116/test/com/google/javascript/jscomp/FunctionInjectorTest.java,34338
Closure,117,com.google.javascript.jscomp.TypeValidator,FALSE,,,,,compile failed (buggy): Command failed: defects4j compile -w work/Closure_117,work/Closure_117/test/com/google/javascript/jscomp/TypeValidatorTest.java,32920
Closure,118,com.google.javascript.jscomp.DisambiguateProperties,FALSE,,,,,compile failed (buggy): Command failed: defects4j compile -w work/Closure_118,work/Closure_118/test/com/google/javascript/jscomp/DisambiguatePropertiesTest.java,41502
Closure,119,com.google.javascript.jscomp.GlobalNamespace,FALSE,,,,,compile failed (buggy): Command failed: defects4j compile -w work/Closure_119,work/Closure_119/test/com/google/javascript/jscomp/GlobalNamespaceTest.java,43216
Closure,120,com.google.javascript.jscomp.ReferenceCollectingCallback,FALSE,,,,,compile failed (buggy): Command failed: defects4j compile -w work/Closure_120,work/Closure_120/test/com/google/javascript/jscomp/ReferenceCollectingCallbackTest.java,22723
Closure,121,com.google.javascript.jscomp.InlineVariables,FALSE,,,,,compile failed (buggy): Command failed: defects4j compile -w work/Closure_121,work/Closure_121/test/com/google/javascript/jscomp/InlineVariablesTest.java,27817
Closure,122,com.google.javascript.jscomp.parsing.IRFactory,FALSE,,,,,compile failed (buggy): Command failed: defects4j compile -w work/Closure_122,work/Closure_122/test/com/google/javascript/jscomp/parsing/IRFactoryTest.java,55996
Closure,123,com.google.javascript.jscomp.CodeGenerator,FALSE,,,,,compile failed (buggy): Command failed: defects4j compile -w work/Closure_123,work/Closure_123/test/com/google/javascript/jscomp/CodeGeneratorTest.java,41607
Closure,124,com.google.javascript.jscomp.ExploitAssigns,FALSE,,,,,compile failed (buggy): Command failed: defects4j compile -w work/Closure_124,work/Closure_124/test/com/google/javascript/jscomp/ExploitAssignsTest.java,9488
Closure,125,com.google.javascript.jscomp.TypeCheck,FALSE,,,,,compile failed (buggy): Command failed: defects4j compile -w work/Closure_125,work/Closure_125/test/com/google/javascript/jscomp/TypeCheckTest.java,76134
Closure,126,com.google.javascript.jscomp.MinimizeExitPoints,FALSE,,,,,compile failed (buggy): Command failed: defects4j compile -w work/Closure_126,work/Closure_126/test/com/google/javascript/jscomp/MinimizeExitPointsTest.java,11899
Closure,127,com.google.javascript.jscomp.UnreachableCodeElimination,TRUE,"['     Lines covered: 70', '  Conditions total: 65', 'Conditions covered: 40', '     Line coverage: 85.4%', 'Condition coverage: 61.5%']",FALSE,11,11,,work/Closure_127/test/com/google/javascript/jscomp/UnreachableCodeEliminationTest.java,10924
Closure,128,com.google.javascript.jscomp.CodeGenerator,FALSE,,,,,compile failed (buggy): Command failed: defects4j compile -w work/Closure_128,work/Closure_128/test/com/google/javascript/jscomp/CodeGeneratorTest.java,40940
Closure,129,com.google.javascript.jscomp.PrepareAst,FALSE,,,,,compile failed (buggy): Command failed: defects4j compile -w work/Closure_129,work/Closure_129/test/com/google/javascript/jscomp/PrepareAstTest.java,8135
Closure,130,com.google.javascript.jscomp.CollapseProperties,FALSE,,,,,compile failed (buggy): Command failed: defects4j compile -w work/Closure_130,work/Closure_130/test/com/google/javascript/jscomp/CollapsePropertiesTest.java,36319
Closure,131,com.google.javascript.rhino.TokenStream,TRUE,"['     Lines covered: 108', '  Conditions total: 165', 'Conditions covered: 139', '     Line coverage: 95.6%', 'Condition coverage: 84.2%']",FALSE,2,2,,work/Closure_131/test/com/google/javascript/rhino/TokenStreamTest.java,10233
Closure,132,com.google.javascript.jscomp.PeepholeSubstituteAlternateSyntax,FALSE,,,,,compile failed (buggy): Command failed: defects4j compile -w work/Closure_132,work/Closure_132/test/com/google/javascript/jscomp/PeepholeSubstituteAlternateSyntaxTest.java,57727
Closure,133,com.google.javascript.jscomp.parsing.JsDocInfoParser,FALSE,,,,,compile failed (buggy): Command failed: defects4j compile -w work/Closure_133,work/Closure_133/test/com/google/javascript/jscomp/parsing/JsDocInfoParserTest.java,81095
Closure,134,com.google.javascript.jscomp.AmbiguateProperties,FALSE,,,,,compile failed (buggy): Command failed: defects4j compile -w work/Closure_134,work/Closure_134/test/com/google/javascript/jscomp/AmbiguatePropertiesTest.java,22070
Closure,134,com.google.javascript.jscomp.TypedScopeCreator,FALSE,,,,,compile failed (buggy): Command failed: defects4j compile -w work/Closure_134,work/Closure_134/test/com/google/javascript/jscomp/TypedScopeCreatorTest.java,51874
Closure,135,com.google.javascript.jscomp.DevirtualizePrototypeMethods,FALSE,,,,,compile failed (buggy): Command failed: defects4j compile -w work/Closure_135,work/Closure_135/test/com/google/javascript/jscomp/DevirtualizePrototypeMethodsTest.java,13235
Closure,135,com.google.javascript.rhino.jstype.FunctionType,FALSE,,,,,compile failed (buggy): Command failed: defects4j compile -w work/Closure_135,work/Closure_135/test/com/google/javascript/rhino/jstype/FunctionTypeTest.java,29255
Closure,136,com.google.javascript.jscomp.MethodCompilerPass,FALSE,,,,,compile failed (buggy): Command failed: defects4j compile -w work/Closure_136,work/Closure_136/test/com/google/javascript/jscomp/MethodCompilerPassTest.java,10745
Closure,136,com.google.javascript.jscomp.RenameVars,FALSE,,,,,compile failed (buggy): Command failed: defects4j compile -w work/Closure_136,work/Closure_136/test/com/google/javascript/jscomp/RenameVarsTest.java,16606
Closure,137,com.google.javascript.jscomp.MakeDeclaredNamesUnique,FALSE,,,,,compile failed (buggy): Command failed: defects4j compile -w work/Closure_137,work/Closure_137/test/com/google/javascript/jscomp/MakeDeclaredNamesUniqueTest.java,16592
Closure,137,com.google.javascript.jscomp.NodeUtil,FALSE,,,,,compile failed (buggy): Command failed: defects4j compile -w work/Closure_137,work/Closure_137/test/com/google/javascript/jscomp/NodeUtilTest.java,59041
Closure,137,com.google.javascript.jscomp.Normalize,FALSE,,,,,compile failed (buggy): Command failed: defects4j compile -w work/Closure_137,work/Closure_137/test/com/google/javascript/jscomp/NormalizeTest.java,21182
Closure,138,com.google.javascript.jscomp.ClosureReverseAbstractInterpreter,FALSE,,,,,compile failed (buggy): Command failed: defects4j compile -w work/Closure_138,work/Closure_138/test/com/google/javascript/jscomp/ClosureReverseAbstractInterpreterTest.java,9972
Closure,138,com.google.javascript.jscomp.TypeInference,FALSE,,,,,compile failed (buggy): Command failed: defects4j compile -w work/Closure_138,work/Closure_138/test/com/google/javascript/jscomp/TypeInferenceTest.java,44390
Closure,139,com.google.javascript.jscomp.Normalize,TRUE,"['     Lines covered: 178', '  Conditions total: 111', 'Conditions covered: 89', '     Line coverage: 90.4%', 'Condition coverage: 80.2%']",FALSE,12,12,,work/Closure_139/test/com/google/javascript/jscomp/NormalizeTest.java,22103
Closure,140,com.google.javascript.jscomp.Compiler,TRUE,"['     Lines covered: 307', '  Conditions total: 244', 'Conditions covered: 99', '     Line coverage: 46.7%', 'Condition coverage: 40.6%']",FALSE,5,4,,work/Closure_140/test/com/google/javascript/jscomp/CompilerTest.java,50387
Closure,141,com.google.javascript.jscomp.NodeUtil,FALSE,,,,,compile failed (buggy): Command failed: defects4j compile -w work/Closure_141,work/Closure_141/test/com/google/javascript/jscomp/NodeUtilTest.java,59353
Closure,141,com.google.javascript.jscomp.PureFunctionIdentifier,FALSE,,,,,compile failed (buggy): Command failed: defects4j compile -w work/Closure_141,work/Closure_141/test/com/google/javascript/jscomp/PureFunctionIdentifierTest.java,22955
Closure,142,com.google.javascript.jscomp.CoalesceVariableNames,FALSE,,,,,compile failed (buggy): Command failed: defects4j compile -w work/Closure_142,work/Closure_142/test/com/google/javascript/jscomp/CoalesceVariableNamesTest.java,17253
Closure,142,com.google.javascript.jscomp.parsing.JsDocInfoParser,FALSE,,,,,compile failed (buggy): Command failed: defects4j compile -w work/Closure_142,work/Closure_142/test/com/google/javascript/jscomp/parsing/JsDocInfoParserTest.java,65034
Closure,143,com.google.javascript.jscomp.AbstractCommandLineRunner,TRUE,"['     Lines covered: 222', '  Conditions total: 206', 'Conditions covered: 47', '     Line coverage: 44.2%', 'Condition coverage: 22.8%']",FALSE,0,,,work/Closure_143/test/com/google/javascript/jscomp/AbstractCommandLineRunnerTest.java,40584
Closure,143,com.google.javascript.jscomp.RemoveConstantExpressions,FALSE,,,,,compile failed (buggy): Command failed: defects4j compile -w work/Closure_143,work/Closure_143/test/com/google/javascript/jscomp/RemoveConstantExpressionsTest.java,5430
Closure,144,com.google.javascript.jscomp.FunctionTypeBuilder,FALSE,,,,,compile failed (buggy): Command failed: defects4j compile -w work/Closure_144,work/Closure_144/test/com/google/javascript/jscomp/FunctionTypeBuilderTest.java,22236
Closure,144,com.google.javascript.jscomp.TypedScopeCreator,FALSE,,,,,compile failed (buggy): Command failed: defects4j compile -w work/Closure_144,work/Closure_144/test/com/google/javascript/jscomp/TypedScopeCreatorTest.java,55129
Closure,144,com.google.javascript.rhino.jstype.FunctionBuilder,FALSE,,,,,compile failed (buggy): Command failed: defects4j compile -w work/Closure_144,work/Closure_144/test/com/google/javascript/rhino/jstype/FunctionBuilderTest.java,6425
Closure,144,com.google.javascript.rhino.jstype.FunctionType,FALSE,,,,,compile failed (buggy): Command failed: defects4j compile -w work/Closure_144,work/Closure_144/test/com/google/javascript/rhino/jstype/FunctionTypeTest.java,28992
Closure,145,com.google.javascript.jscomp.CodeGenerator,FALSE,,,,,compile failed (buggy): Command failed: defects4j compile -w work/Closure_145,work/Closure_145/test/com/google/javascript/jscomp/CodeGeneratorTest.java,33971
Closure,146,com.google.javascript.rhino.jstype.JSType,FALSE,,,,,compile failed (buggy): Command failed: defects4j compile -w work/Closure_146,work/Closure_146/test/com/google/javascript/rhino/jstype/JSTypeTest.java,30495
Closure,147,com.google.javascript.jscomp.CheckGlobalThis,FALSE,,,,,compile failed (buggy): Command failed: defects4j compile -w work/Closure_147,work/Closure_147/test/com/google/javascript/jscomp/CheckGlobalThisTest.java,7426
Closure,147,com.google.javascript.jscomp.RuntimeTypeCheck,FALSE,,,,,compile failed (buggy): Command failed: defects4j compile -w work/Closure_147,work/Closure_147/test/com/google/javascript/jscomp/RuntimeTypeCheckTest.java,14426
Closure,148,com.google.javascript.jscomp.PeepholeFoldConstants,TRUE,"['     Lines covered: 470', '  Conditions total: 506', 'Conditions covered: 259', '     Line coverage: 66.7%', 'Condition coverage: 51.2%']",FALSE,5,5,,work/Closure_148/test/com/google/javascript/jscomp/PeepholeFoldConstantsTest.java,35721
Closure,148,com.google.javascript.jscomp.SourceMap,FALSE,,,,,compile failed (buggy): Command failed: defects4j compile -w work/Closure_148,work/Closure_148/test/com/google/javascript/jscomp/SourceMapTest.java,18226
Closure,149,com.google.javascript.jscomp.AbstractCommandLineRunner,TRUE,"['     Lines covered: 921', '  Conditions total: 566', 'Conditions covered: 229', '     Line coverage: 55.4%', 'Condition coverage: 40.5%']",FALSE,0,,,work/Closure_149/test/com/google/javascript/jscomp/AbstractCommandLineRunnerTest.java,46869
Closure,149,com.google.javascript.jscomp.CommandLineRunner,FALSE,,,,,compile failed (buggy): Command failed: defects4j compile -w work/Closure_149,work/Closure_149/test/com/google/javascript/jscomp/CommandLineRunnerTest.java,23179
Closure,149,com.google.javascript.jscomp.Compiler,FALSE,,,,,compile failed (buggy): Command failed: defects4j compile -w work/Closure_149,work/Closure_149/test/com/google/javascript/jscomp/CompilerTest.java,54848
Closure,149,com.google.javascript.jscomp.CompilerOptions,FALSE,,,,,compile failed (buggy): Command failed: defects4j compile -w work/Closure_149,work/Closure_149/test/com/google/javascript/jscomp/CompilerOptionsTest.java,31787
Closure,150,com.google.javascript.jscomp.TypedScopeCreator,FALSE,,,,,compile failed (buggy): Command failed: defects4j compile -w work/Closure_150,work/Closure_150/test/com/google/javascript/jscomp/TypedScopeCreatorTest.java,56660
Closure,151,com.google.javascript.jscomp.CommandLineRunner,FALSE,,,,,compile failed (buggy): Command failed: defects4j compile -w work/Closure_151,work/Closure_151/test/com/google/javascript/jscomp/CommandLineRunnerTest.java,23244
Closure,152,com.google.javascript.rhino.jstype.FunctionType,TRUE,"['     Lines covered: 313', '  Conditions total: 282', 'Conditions covered: 237', '     Line coverage: 89.2%', 'Condition coverage: 84.0%']",FALSE,0,,,work/Closure_152/test/com/google/javascript/rhino/jstype/FunctionTypeTest.java,31735
Closure,153,com.google.javascript.jscomp.Normalize,FALSE,,,,,compile failed (buggy): Command failed: defects4j compile -w work/Closure_153,work/Closure_153/test/com/google/javascript/jscomp/NormalizeTest.java,28676
Closure,153,com.google.javascript.jscomp.SyntacticScopeCreator,FALSE,,,,,compile failed (buggy): Command failed: defects4j compile -w work/Closure_153,work/Closure_153/test/com/google/javascript/jscomp/SyntacticScopeCreatorTest.java,9519
Closure,154,com.google.javascript.jscomp.TypeCheck,FALSE,,,,,compile failed (buggy): Command failed: defects4j compile -w work/Closure_154,work/Closure_154/test/com/google/javascript/jscomp/TypeCheckTest.java,63677
Closure,154,com.google.javascript.jscomp.TypeValidator,FALSE,,,,,compile failed (buggy): Command failed: defects4j compile -w work/Closure_154,work/Closure_154/test/com/google/javascript/jscomp/TypeValidatorTest.java,29515
Closure,155,com.google.javascript.jscomp.InlineVariables,FALSE,,,,,compile failed (buggy): Command failed: defects4j compile -w work/Closure_155,work/Closure_155/test/com/google/javascript/jscomp/InlineVariablesTest.java,26245
Closure,155,com.google.javascript.jscomp.ReferenceCollectingCallback,FALSE,,,,,compile failed (buggy): Command failed: defects4j compile -w work/Closure_155,work/Closure_155/test/com/google/javascript/jscomp/ReferenceCollectingCallbackTest.java,19589
Closure,155,com.google.javascript.jscomp.Scope,FALSE,,,,,compile failed (buggy): Command failed: defects4j compile -w work/Closure_155,work/Closure_155/test/com/google/javascript/jscomp/ScopeTest.java,14624
Closure,156,com.google.javascript.jscomp.CollapseProperties,FALSE,,,,,compile failed (buggy): Command failed: defects4j compile -w work/Closure_156,work/Closure_156/test/com/google/javascript/jscomp/CollapsePropertiesTest.java,34361
Closure,157,com.google.javascript.jscomp.CodeGenerator,FALSE,,,,,compile failed (buggy): Command failed: defects4j compile -w work/Closure_157,work/Closure_157/test/com/google/javascript/jscomp/CodeGeneratorTest.java,38112
Closure,157,com.google.javascript.jscomp.RenamePrototypes,FALSE,,,,,compile failed (buggy): Command failed: defects4j compile -w work/Closure_157,work/Closure_157/test/com/google/javascript/jscomp/RenamePrototypesTest.java,16159
Closure,157,com.google.javascript.jscomp.parsing.IRFactory,FALSE,,,,,compile failed (buggy): Command failed: defects4j compile -w work/Closure_157,work/Closure_157/test/com/google/javascript/jscomp/parsing/IRFactoryTest.java,51973
Closure,158,com.google.javascript.jscomp.AbstractCommandLineRunner,FALSE,,,,,compile failed (buggy): Command failed: defects4j compile -w work/Closure_158,work/Closure_158/test/com/google/javascript/jscomp/AbstractCommandLineRunnerTest.java,53034
Closure,158,com.google.javascript.jscomp.CommandLineRunner,FALSE,,,,,compile failed (buggy): Command failed: defects4j compile -w work/Closure_158,work/Closure_158/test/com/google/javascript/jscomp/CommandLineRunnerTest.java,27157
Closure,158,com.google.javascript.jscomp.DiagnosticGroups,FALSE,,,,,compile failed (buggy): Command failed: defects4j compile -w work/Closure_158,work/Closure_158/test/com/google/javascript/jscomp/DiagnosticGroupsTest.java,8854
Closure,159,com.google.javascript.jscomp.InlineFunctions,FALSE,,,,,compile failed (buggy): Command failed: defects4j compile -w work/Closure_159,work/Closure_159/test/com/google/javascript/jscomp/InlineFunctionsTest.java,36419
Closure,160,com.google.javascript.jscomp.Compiler,FALSE,,,,,compile failed (buggy): Command failed: defects4j compile -w work/Closure_160,work/Closure_160/test/com/google/javascript/jscomp/CompilerTest.java,60930
Closure,161,com.google.javascript.jscomp.PeepholeFoldConstants,FALSE,,,,,compile failed (buggy): Command failed: defects4j compile -w work/Closure_161,work/Closure_161/test/com/google/javascript/jscomp/PeepholeFoldConstantsTest.java,41968
Closure,162,com.google.javascript.jscomp.Scope,FALSE,,,,,compile failed (buggy): Command failed: defects4j compile -w work/Closure_162,work/Closure_162/test/com/google/javascript/jscomp/ScopeTest.java,17483
Closure,162,com.google.javascript.jscomp.ScopedAliases,FALSE,,,,,compile failed (buggy): Command failed: defects4j compile -w work/Closure_162,work/Closure_162/test/com/google/javascript/jscomp/ScopedAliasesTest.java,14833
Closure,163,com.google.javascript.jscomp.AnalyzePrototypeProperties,FALSE,,,,,compile failed (buggy): Command failed: defects4j compile -w work/Closure_163,work/Closure_163/test/com/google/javascript/jscomp/AnalyzePrototypePropertiesTest.java,25876
Closure,163,com.google.javascript.jscomp.CrossModuleMethodMotion,FALSE,,,,,compile failed (buggy): Command failed: defects4j compile -w work/Closure_163,work/Closure_163/test/com/google/javascript/jscomp/CrossModuleMethodMotionTest.java,9512
Closure,164,com.google.javascript.rhino.jstype.ArrowType,FALSE,,,,,compile failed (buggy): Command failed: defects4j compile -w work/Closure_164,work/Closure_164/test/com/google/javascript/rhino/jstype/ArrowTypeTest.java,10496
Closure,165,com.google.javascript.rhino.jstype.JSTypeRegistry,FALSE,,,,,compile failed (buggy): Command failed: defects4j compile -w work/Closure_165,work/Closure_165/test/com/google/javascript/rhino/jstype/JSTypeRegistryTest.java,62601
Closure,165,com.google.javascript.rhino.jstype.ObjectType,FALSE,,,,,compile failed (buggy): Command failed: defects4j compile -w work/Closure_165,work/Closure_165/test/com/google/javascript/rhino/jstype/ObjectTypeTest.java,21197
Closure,165,com.google.javascript.rhino.jstype.RecordType,FALSE,,,,,compile failed (buggy): Command failed: defects4j compile -w work/Closure_165,work/Closure_165/test/com/google/javascript/rhino/jstype/RecordTypeTest.java,11710
Closure,165,com.google.javascript.rhino.jstype.RecordTypeBuilder,FALSE,,,,,compile failed (buggy): Command failed: defects4j compile -w work/Closure_165,work/Closure_165/test/com/google/javascript/rhino/jstype/RecordTypeBuilderTest.java,5098
Closure,166,com.google.javascript.rhino.jstype.PrototypeObjectType,FALSE,,,,,compile failed (buggy): Command failed: defects4j compile -w work/Closure_166,work/Closure_166/test/com/google/javascript/rhino/jstype/PrototypeObjectTypeTest.java,19472
Closure,167,com.google.javascript.jscomp.type.SemanticReverseAbstractInterpreter,FALSE,,,,,compile failed (buggy): Command failed: defects4j compile -w work/Closure_167,work/Closure_167/test/com/google/javascript/jscomp/type/SemanticReverseAbstractInterpreterTest.java,21187
Closure,167,com.google.javascript.rhino.jstype.JSType,FALSE,,,,,compile failed (buggy): Command failed: defects4j compile -w work/Closure_167,work/Closure_167/test/com/google/javascript/rhino/jstype/JSTypeTest.java,40219
Closure,168,com.google.javascript.jscomp.TypedScopeCreator,TRUE,"['     Lines covered: 757', '  Conditions total: 703', 'Conditions covered: 524', '     Line coverage: 84.6%', 'Condition coverage: 74.5%']",FALSE,6,6,,work/Closure_168/test/com/google/javascript/jscomp/TypedScopeCreatorTest.java,78087
Closure,169,com.google.javascript.rhino.jstype.ArrowType,FALSE,,,,,compile failed (buggy): Command failed: defects4j compile -w work/Closure_169,work/Closure_169/test/com/google/javascript/rhino/jstype/ArrowTypeTest.java,11634
Closure,169,com.google.javascript.rhino.jstype.FunctionType,FALSE,,,,,compile failed (buggy): Command failed: defects4j compile -w work/Closure_169,work/Closure_169/test/com/google/javascript/rhino/jstype/FunctionTypeTest.java,42996
Closure,169,com.google.javascript.rhino.jstype.JSType,FALSE,,,,,compile failed (buggy): Command failed: defects4j compile -w work/Closure_169,work/Closure_169/test/com/google/javascript/rhino/jstype/JSTypeTest.java,44464
Closure,169,com.google.javascript.rhino.jstype.RecordType,FALSE,,,,,compile failed (buggy): Command failed: defects4j compile -w work/Closure_169,work/Closure_169/test/com/google/javascript/rhino/jstype/RecordTypeTest.java,12216
Closure,169,com.google.javascript.rhino.jstype.UnionType,FALSE,,,,,compile failed (buggy): Command failed: defects4j compile -w work/Closure_169,work/Closure_169/test/com/google/javascript/rhino/jstype/UnionTypeTest.java,19323
Closure,170,com.google.javascript.jscomp.FlowSensitiveInlineVariables,TRUE,"['     Lines covered: 148', '  Conditions total: 132', 'Conditions covered: 89', '     Line coverage: 82.7%', 'Condition coverage: 67.4%']",FALSE,9,9,,work/Closure_170/test/com/google/javascript/jscomp/FlowSensitiveInlineVariablesTest.java,20223
Closure,171,com.google.javascript.jscomp.TypeInference,FALSE,,,,,compile failed (buggy): Command failed: defects4j compile -w work/Closure_171,work/Closure_171/test/com/google/javascript/jscomp/TypeInferenceTest.java,57358
Closure,171,com.google.javascript.jscomp.TypedScopeCreator,FALSE,,,,,compile failed (buggy): Command failed: defects4j compile -w work/Closure_171,work/Closure_171/test/com/google/javascript/jscomp/TypedScopeCreatorTest.java,81524
Closure,172,com.google.javascript.jscomp.TypedScopeCreator,FALSE,,,,,[Errno -3] Temporary failure in name resolution,,
Closure,173,com.google.javascript.jscomp.CodeGenerator,FALSE,,,,,compile failed (buggy): Command failed: defects4j compile -w work/Closure_173,work/Closure_173/test/com/google/javascript/jscomp/CodeGeneratorTest.java,41506
Closure,173,com.google.javascript.jscomp.PeepholeSubstituteAlternateSyntax,FALSE,,,,,compile failed (buggy): Command failed: defects4j compile -w work/Closure_173,work/Closure_173/test/com/google/javascript/jscomp/PeepholeSubstituteAlternateSyntaxTest.java,22382
Closure,174,com.google.javascript.jscomp.JsAst,FALSE,,,,,compile failed (buggy): Command failed: defects4j compile -w work/Closure_174,work/Closure_174/test/com/google/javascript/jscomp/JsAstTest.java,4908
Closure,174,com.google.javascript.jscomp.NodeUtil,FALSE,,,,,compile failed (buggy): Command failed: defects4j compile -w work/Closure_174,work/Closure_174/test/com/google/javascript/jscomp/NodeUtilTest.java,101679
Closure,174,com.google.javascript.jscomp.ScopedAliases,FALSE,,,,,compile failed (buggy): Command failed: defects4j compile -w work/Closure_174,work/Closure_174/test/com/google/javascript/jscomp/ScopedAliasesTest.java,20950
Closure,175,com.google.javascript.jscomp.FunctionInjector,FALSE,,,,,compile failed (buggy): Command failed: defects4j compile -w work/Closure_175,work/Closure_175/test/com/google/javascript/jscomp/FunctionInjectorTest.java,34000
Closure,176,com.google.javascript.jscomp.TypeInference,FALSE,,,,,compile failed (buggy): Command failed: defects4j compile -w work/Closure_176,work/Closure_176/test/com/google/javascript/jscomp/TypeInferenceTest.java,60878
Codec,1,org.apache.commons.codec.language.Caverphone,TRUE,"['     Lines covered: 253', '  Conditions total: 184', 'Conditions covered: 168', '     Line coverage: 98.8%', 'Condition coverage: 91.3%']",FALSE,3,3,,work/Codec_1/src/test/org/apache/commons/codec/language/CaverphoneTest.java,8765
Codec,1,org.apache.commons.codec.language.Metaphone,TRUE,"['     Lines covered: 204', '  Conditions total: 184', 'Conditions covered: 110', '     Line coverage: 79.7%', 'Condition coverage: 59.8%']",FALSE,9,9,,work/Codec_1/src/test/org/apache/commons/codec/language/MetaphoneTest.java,15947
Codec,1,org.apache.commons.codec.language.SoundexUtils,TRUE,"['     Lines covered: 204', '  Conditions total: 184', 'Conditions covered: 112', '     Line coverage: 79.7%', 'Condition coverage: 60.9%']",FALSE,0,,,work/Codec_1/src/test/org/apache/commons/codec/language/SoundexUtilsTest.java,5780
Codec,2,org.apache.commons.codec.binary.Base64,TRUE,"['     Lines covered: 204', '  Conditions total: 146', 'Conditions covered: 129', '     Line coverage: 95.3%', 'Condition coverage: 88.4%']",FALSE,0,,,work/Codec_2/src/test/org/apache/commons/codec/binary/Base64Test.java,36125
Codec,3,org.apache.commons.codec.language.DoubleMetaphone,FALSE,,,,,compile failed (buggy): Command failed: defects4j compile -w work/Codec_3,work/Codec_3/src/test/org/apache/commons/codec/language/DoubleMetaphoneTest.java,40489
Codec,4,org.apache.commons.codec.binary.Base64,TRUE,"['     Lines covered: 228', '  Conditions total: 158', 'Conditions covered: 143', '     Line coverage: 98.7%', 'Condition coverage: 90.5%']",FALSE,0,,,work/Codec_4/src/test/org/apache/commons/codec/binary/Base64Test.java,42178
Codec,5,org.apache.commons.codec.binary.Base64,TRUE,"['     Lines covered: 224', '  Conditions total: 158', 'Conditions covered: 144', '     Line coverage: 97.0%', 'Condition coverage: 91.1%']",FALSE,0,,,work/Codec_5/src/test/org/apache/commons/codec/binary/Base64Test.java,42573
Codec,6,org.apache.commons.codec.binary.Base64InputStream,TRUE,"['     Lines covered: 33', '  Conditions total: 28', 'Conditions covered: 25', '     Line coverage: 94.3%', 'Condition coverage: 89.3%']",FALSE,3,2,,work/Codec_6/src/test/org/apache/commons/codec/binary/Base64InputStreamTest.java,9011
Codec,7,org.apache.commons.codec.binary.Base64,TRUE,"['     Lines covered: 230', '  Conditions total: 162', 'Conditions covered: 145', '     Line coverage: 98.7%', 'Condition coverage: 89.5%']",FALSE,0,,,work/Codec_7/src/test/org/apache/commons/codec/binary/Base64Test.java,42689
Codec,8,org.apache.commons.codec.binary.Base64,TRUE,"['     Lines covered: 258', '  Conditions total: 186', 'Conditions covered: 168', '     Line coverage: 98.9%', 'Condition coverage: 90.3%']",FALSE,0,,,work/Codec_8/src/test/org/apache/commons/codec/binary/Base64Test.java,41023
Codec,8,org.apache.commons.codec.binary.Base64InputStream,TRUE,"['     Lines covered: 257', '  Conditions total: 186', 'Conditions covered: 161', '     Line coverage: 98.5%', 'Condition coverage: 86.6%']",FALSE,0,,,work/Codec_8/src/test/org/apache/commons/codec/binary/Base64InputStreamTest.java,9013
Codec,9,org.apache.commons.codec.binary.Base64,TRUE,"['     Lines covered: 214', '  Conditions total: 152', 'Conditions covered: 132', '     Line coverage: 97.3%', 'Condition coverage: 86.8%']",FALSE,1,1,,work/Codec_9/src/test/org/apache/commons/codec/binary/Base64Test.java,42417
Codec,10,org.apache.commons.codec.language.Caverphone,TRUE,"['     Lines covered: 69', '  Conditions total: 6', 'Conditions covered: 6', '     Line coverage: 100.0%', 'Condition coverage: 100.0%']",FALSE,0,,,work/Codec_10/src/test/org/apache/commons/codec/language/CaverphoneTest.java,8793
Codec,11,org.apache.commons.codec.net.QuotedPrintableCodec,FALSE,,,,,compile failed (buggy): Command failed: defects4j compile -w work/Codec_11,work/Codec_11/src/test/java/org/apache/commons/codec/net/QuotedPrintableCodecTest.java,17577
Codec,12,org.apache.commons.codec.binary.BaseNCodecInputStream,FALSE,,,,,compile failed (buggy): Command failed: defects4j compile -w work/Codec_12,work/Codec_12/src/test/java/org/apache/commons/codec/binary/BaseNCodecInputStreamTest.java,6972
Codec,13,org.apache.commons.codec.binary.StringUtils,TRUE,"['     Lines covered: 473', '  Conditions total: 458', 'Conditions covered: 419', '     Line coverage: 98.3%', 'Condition coverage: 91.5%']",FALSE,0,,,work/Codec_13/src/test/java/org/apache/commons/codec/binary/StringUtilsTest.java,19150
Codec,13,org.apache.commons.codec.language.DoubleMetaphone,TRUE,"['     Lines covered: 466', '  Conditions total: 458', 'Conditions covered: 404', '     Line coverage: 96.9%', 'Condition coverage: 88.2%']",FALSE,23,23,,work/Codec_13/src/test/java/org/apache/commons/codec/language/DoubleMetaphoneTest.java,37696
Codec,14,org.apache.commons.codec.language.bm.Lang,TRUE,"['     Lines covered: 406', '  Conditions total: 226', 'Conditions covered: 183', '     Line coverage: 84.4%', 'Condition coverage: 81.0%']",FALSE,1,1,,work/Codec_14/src/test/java/org/apache/commons/codec/language/bm/LangTest.java,11193
Codec,14,org.apache.commons.codec.language.bm.PhoneticEngine,TRUE,"['     Lines covered: 406', '  Conditions total: 226', 'Conditions covered: 183', '     Line coverage: 84.4%', 'Condition coverage: 81.0%']",FALSE,0,,,work/Codec_14/src/test/java/org/apache/commons/codec/language/bm/PhoneticEngineTest.java,21832
Codec,14,org.apache.commons.codec.language.bm.Rule,TRUE,"['     Lines covered: 409', '  Conditions total: 226', 'Conditions covered: 183', '     Line coverage: 85.0%', 'Condition coverage: 81.0%']",FALSE,1,1,,work/Codec_14/src/test/java/org/apache/commons/codec/language/bm/RuleTest.java,29222
Codec,15,org.apache.commons.codec.language.Soundex,TRUE,"['     Lines covered: 50', '  Conditions total: 34', 'Conditions covered: 26', '     Line coverage: 98.0%', 'Condition coverage: 76.5%']",FALSE,4,4,,work/Codec_15/src/test/java/org/apache/commons/codec/language/SoundexTest.java,12068
Codec,16,org.apache.commons.codec.binary.Base32,TRUE,"['     Lines covered: 157', '  Conditions total: 75', 'Conditions covered: 69', '     Line coverage: 94.6%', 'Condition coverage: 92.0%']",FALSE,0,,,work/Codec_16/src/test/java/org/apache/commons/codec/binary/Base32Test.java,27804
Codec,17,org.apache.commons.codec.binary.StringUtils,TRUE,"['     Lines covered: 38', '  Conditions total: 20', 'Conditions covered: 20', '     Line coverage: 97.4%', 'Condition coverage: 100.0%']",TRUE,1,0,,work/Codec_17/src/test/java/org/apache/commons/codec/binary/StringUtilsTest.java,21021
Codec,18,org.apache.commons.codec.binary.StringUtils,TRUE,"['     Lines covered: 38', '  Conditions total: 20', 'Conditions covered: 19', '     Line coverage: 97.4%', 'Condition coverage: 95.0%']",FALSE,1,1,,work/Codec_18/src/test/java/org/apache/commons/codec/binary/StringUtilsTest.java,20917
Collections,1,org.apache.commons.collections.map.Flat3Map,FALSE,,,,,compile failed (buggy): Command failed: defects4j compile -w work/Collections_1,work/Collections_1/src/test/org/apache/commons/collections/map/Flat3MapTest.java,36915
Collections,2,org.apache.commons.collections.ExtendedProperties,FALSE,,,,,compile failed (buggy): Command failed: defects4j compile -w work/Collections_2,work/Collections_2/src/test/org/apache/commons/collections/ExtendedPropertiesTest.java,59162
Collections,3,org.apache.commons.collections.CollectionUtils,TRUE,"['     Lines covered: 319', '  Conditions total: 244', 'Conditions covered: 234', '     Line coverage: 97.0%', 'Condition coverage: 95.9%']",FALSE,2,2,,work/Collections_3/src/test/org/apache/commons/collections/CollectionUtilsTest.java,50222
Collections,4,org.apache.commons.collections.map.MultiValueMap,TRUE,"['     Lines covered: 110', '  Conditions total: 48', 'Conditions covered: 44', '     Line coverage: 99.1%', 'Condition coverage: 91.7%']",FALSE,1,1,,work/Collections_4/src/test/org/apache/commons/collections/map/MultiValueMapTest.java,16039
Collections,5,org.apache.commons.collections.list.SetUniqueList,TRUE,"['     Lines covered: 82', '  Conditions total: 20', 'Conditions covered: 20', '     Line coverage: 100.0%', 'Condition coverage: 100.0%']",TRUE,1,0,,work/Collections_5/src/test/org/apache/commons/collections/list/SetUniqueListTest.java,12515
Collections,6,org.apache.commons.collections.map.Flat3Map,TRUE,"['     Lines covered: 335', '  Conditions total: 376', 'Conditions covered: 218', '     Line coverage: 67.7%', 'Condition coverage: 58.0%']",FALSE,3,2,,work/Collections_6/src/test/org/apache/commons/collections/map/Flat3MapTest.java,37262
Collections,7,org.apache.commons.collections.ExtendedProperties,TRUE,"['     Lines covered: 428', '  Conditions total: 280', 'Conditions covered: 224', '     Line coverage: 88.6%', 'Condition coverage: 80.0%']",FALSE,2,2,,work/Collections_7/src/test/org/apache/commons/collections/ExtendedPropertiesTest.java,60974
Collections,8,org.apache.commons.collections.buffer.UnboundedFifoBuffer,TRUE,"['     Lines covered: 88', '  Conditions total: 36', 'Conditions covered: 35', '     Line coverage: 100.0%', 'Condition coverage: 97.2%']",FALSE,0,,,work/Collections_8/src/test/org/apache/commons/collections/buffer/UnboundedFifoBufferTest.java,10701
Collections,9,org.apache.commons.collections.ExtendedProperties,TRUE,"['     Lines covered: 425', '  Conditions total: 280', 'Conditions covered: 216', '     Line coverage: 86.6%', 'Condition coverage: 77.1%']",FALSE,2,2,,work/Collections_9/src/test/org/apache/commons/collections/ExtendedPropertiesTest.java,61435
Collections,10,org.apache.commons.collections.map.MultiValueMap,FALSE,,,,,compile failed (buggy): Command failed: defects4j compile -w work/Collections_10,work/Collections_10/src/test/org/apache/commons/collections/map/MultiValueMapTest.java,17244
Collections,11,org.apache.commons.collections.keyvalue.MultiKey,TRUE,"['     Lines covered: 35', '  Conditions total: 12', 'Conditions covered: 12', '     Line coverage: 100.0%', 'Condition coverage: 100.0%']",FALSE,0,,,work/Collections_11/src/test/org/apache/commons/collections/keyvalue/MultiKeyTest.java,10039
Collections,12,org.apache.commons.collections.ExtendedProperties,TRUE,"['     Lines covered: 429', '  Conditions total: 278', 'Conditions covered: 220', '     Line coverage: 87.7%', 'Condition coverage: 79.1%']",FALSE,1,1,,work/Collections_12/src/test/org/apache/commons/collections/ExtendedPropertiesTest.java,61864
Collections,13,org.apache.commons.collections.ExtendedProperties,FALSE,,,,,compile failed (buggy): Command failed: defects4j compile -w work/Collections_13,work/Collections_13/src/test/org/apache/commons/collections/ExtendedPropertiesTest.java,62062
Collections,14,org.apache.commons.collections.map.CaseInsensitiveMap,TRUE,"['     Lines covered: 18', '  Conditions total: 2', 'Conditions covered: 2', '     Line coverage: 100.0%', 'Condition coverage: 100.0%']",FALSE,1,1,,work/Collections_14/src/test/org/apache/commons/collections/map/CaseInsensitiveMapTest.java,6461
Collections,15,org.apache.commons.collections.list.SetUniqueList,TRUE,"['     Lines covered: 86', '  Conditions total: 22', 'Conditions covered: 22', '     Line coverage: 100.0%', 'Condition coverage: 100.0%']",TRUE,1,0,,work/Collections_15/src/test/org/apache/commons/collections/list/SetUniqueListTest.java,12621
Collections,16,org.apache.commons.collections.list.SetUniqueList,TRUE,"['     Lines covered: 85', '  Conditions total: 22', 'Conditions covered: 21', '     Line coverage: 98.8%', 'Condition coverage: 95.5%']",FALSE,1,1,,work/Collections_16/src/test/org/apache/commons/collections/list/SetUniqueListTest.java,12699
Collections,17,org.apache.commons.collections.functors.EqualPredicate,TRUE,"['     Lines covered: 14', '  Conditions total: 4', 'Conditions covered: 4', '     Line coverage: 100.0%', 'Condition coverage: 100.0%']",FALSE,0,,,work/Collections_17/src/test/java/org/apache/commons/collections/functors/EqualPredicateTest.java,4996
Collections,18,org.apache.commons.collections.set.ListOrderedSet,TRUE,"['     Lines covered: 90', '  Conditions total: 36', 'Conditions covered: 34', '     Line coverage: 96.8%', 'Condition coverage: 94.4%']",FALSE,1,1,,work/Collections_18/src/test/java/org/apache/commons/collections/set/ListOrderedSetTest.java,13825
Collections,19,org.apache.commons.collections.list.SetUniqueList,TRUE,"['     Lines covered: 103', '  Conditions total: 38', 'Conditions covered: 37', '     Line coverage: 94.5%', 'Condition coverage: 97.4%']",FALSE,1,1,,work/Collections_19/src/test/java/org/apache/commons/collections/list/SetUniqueListTest.java,14799
Collections,20,org.apache.commons.collections.list.TreeList,TRUE,"['     Lines covered: 220', '  Conditions total: 154', 'Conditions covered: 100', '     Line coverage: 75.1%', 'Condition coverage: 64.9%']",FALSE,1,1,,work/Collections_20/src/test/java/org/apache/commons/collections/list/TreeListTest.java,32018
Collections,21,org.apache.commons.collections4.list.SetUniqueList,TRUE,"['     Lines covered: 100', '  Conditions total: 38', 'Conditions covered: 37', '     Line coverage: 91.7%', 'Condition coverage: 97.4%']",FALSE,1,2,,work/Collections_21/src/test/java/org/apache/commons/collections4/list/SetUniqueListTest.java,15060
Collections,22,org.apache.commons.collections4.map.ListOrderedMap,FALSE,,,,,compile failed (buggy): Command failed: defects4j compile -w work/Collections_22,work/Collections_22/src/test/java/org/apache/commons/collections4/map/ListOrderedMapTest.java,26218
Collections,23,org.apache.commons.collections4.trie.UnmodifiableTrie,FALSE,,,,,compile failed (buggy): Command failed: defects4j compile -w work/Collections_23,work/Collections_23/src/test/java/org/apache/commons/collections4/trie/UnmodifiableTrieTest.java,6658
Collections,24,org.apache.commons.collections4.collection.UnmodifiableBoundedCollection,FALSE,,,,,compile failed (buggy): Command failed: defects4j compile -w work/Collections_24,work/Collections_24/src/test/java/org/apache/commons/collections4/collection/UnmodifiableBoundedCollectionTest.java,6900
Collections,25,org.apache.commons.collections4.IteratorUtils,FALSE,,,,,compile failed (buggy): Command failed: defects4j compile -w work/Collections_25,work/Collections_25/src/test/java/org/apache/commons/collections4/IteratorUtilsTest.java,62479
Collections,26,org.apache.commons.collections4.keyvalue.MultiKey,TRUE,"['     Lines covered: 37', '  Conditions total: 12', 'Conditions covered: 12', '     Line coverage: 100.0%', 'Condition coverage: 100.0%']",FALSE,0,,,work/Collections_26/src/test/java/org/apache/commons/collections4/keyvalue/MultiKeyTest.java,10130
Collections,27,org.apache.commons.collections4.map.MultiValueMap,FALSE,,,,,compile failed (buggy): Command failed: defects4j compile -w work/Collections_27,work/Collections_27/src/test/java/org/apache/commons/collections4/map/MultiValueMapTest.java,21473
Collections,28,org.apache.commons.collections4.trie.AbstractPatriciaTrie,FALSE,,,,,compile failed (buggy): Command failed: defects4j compile -w work/Collections_28,work/Collections_28/src/test/java/org/apache/commons/collections4/trie/AbstractPatriciaTrieTest.java,78937
Compress,1,org.apache.commons.compress.archivers.cpio.CpioArchiveOutputStream,FALSE,,,,,compile failed (buggy): Command failed: defects4j compile -w work/Compress_1,work/Compress_1/src/test/java/org/apache/commons/compress/archivers/cpio/CpioArchiveOutputStreamTest.java,15139
Compress,2,org.apache.commons.compress.archivers.ar.ArArchiveInputStream,TRUE,"['     Lines covered: 69', '  Conditions total: 42', 'Conditions covered: 39', '     Line coverage: 94.5%', 'Condition coverage: 92.9%']",FALSE,,,,work/Compress_2/src/test/java/org/apache/commons/compress/archivers/ar/ArArchiveInputStreamTest.java,6500
Compress,3,org.apache.commons.compress.archivers.tar.TarArchiveOutputStream,FALSE,,,,,compile failed (buggy): Command failed: defects4j compile -w work/Compress_3,work/Compress_3/src/test/java/org/apache/commons/compress/archivers/tar/TarArchiveOutputStreamTest.java,12547
Compress,4,org.apache.commons.compress.archivers.cpio.CpioArchiveOutputStream,FALSE,,,,,compile failed (buggy): Command failed: defects4j compile -w work/Compress_4,work/Compress_4/src/test/java/org/apache/commons/compress/archivers/cpio/CpioArchiveOutputStreamTest.java,14650
Compress,4,org.apache.commons.compress.archivers.tar.TarArchiveOutputStream,FALSE,,,,,compile failed (buggy): Command failed: defects4j compile -w work/Compress_4,work/Compress_4/src/test/java/org/apache/commons/compress/archivers/tar/TarArchiveOutputStreamTest.java,12665
Compress,4,org.apache.commons.compress.archivers.zip.ZipArchiveOutputStream,FALSE,,,,,compile failed (buggy): Command failed: defects4j compile -w work/Compress_4,work/Compress_4/src/test/java/org/apache/commons/compress/archivers/zip/ZipArchiveOutputStreamTest.java,30118
Compress,4,org.apache.commons.compress.changes.ChangeSetPerformer,FALSE,,,,,compile failed (buggy): Command failed: defects4j compile -w work/Compress_4,work/Compress_4/src/test/java/org/apache/commons/compress/changes/ChangeSetPerformerTest.java,7657
Compress,5,org.apache.commons.compress.archivers.zip.ZipArchiveInputStream,TRUE,"['     Lines covered: 151', '  Conditions total: 94', 'Conditions covered: 81', '     Line coverage: 93.8%', 'Condition coverage: 86.2%']",FALSE,,,,work/Compress_5/src/test/java/org/apache/commons/compress/archivers/zip/ZipArchiveInputStreamTest.java,12563
Compress,6,org.apache.commons.compress.archivers.zip.ZipArchiveEntry,FALSE,,,,,compile failed (buggy): Command failed: defects4j compile -w work/Compress_6,work/Compress_6/src/test/java/org/apache/commons/compress/archivers/zip/ZipArchiveEntryTest.java,15926
Compress,7,org.apache.commons.compress.archivers.tar.TarUtils,TRUE,"['     Lines covered: 61', '  Conditions total: 38', 'Conditions covered: 37', '     Line coverage: 96.8%', 'Condition coverage: 97.4%']",FALSE,,,,work/Compress_7/src/test/java/org/apache/commons/compress/archivers/tar/TarUtilsTest.java,10439
Compress,8,org.apache.commons.compress.archivers.tar.TarUtils,TRUE,"['     Lines covered: 68', '  Conditions total: 38', 'Conditions covered: 37', '     Line coverage: 97.1%', 'Condition coverage: 97.4%']",FALSE,,,,work/Compress_8/src/test/java/org/apache/commons/compress/archivers/tar/TarUtilsTest.java,11228
Compress,9,org.apache.commons.compress.archivers.tar.TarArchiveOutputStream,FALSE,,,,,compile failed (buggy): Command failed: defects4j compile -w work/Compress_9,work/Compress_9/src/test/java/org/apache/commons/compress/archivers/tar/TarArchiveOutputStreamTest.java,13599
Compress,10,org.apache.commons.compress.archivers.zip.ZipFile,FALSE,,,,,compile failed (buggy): Command failed: defects4j compile -w work/Compress_10,work/Compress_10/src/test/java/org/apache/commons/compress/archivers/zip/ZipFileTest.java,36401
Compress,11,org.apache.commons.compress.archivers.ArchiveStreamFactory,TRUE,"['     Lines covered: 66', '  Conditions total: 46', 'Conditions covered: 45', '     Line coverage: 95.7%', 'Condition coverage: 97.8%']",FALSE,4,2,,work/Compress_11/src/test/java/org/apache/commons/compress/archivers/ArchiveStreamFactoryTest.java,11421
Compress,12,org.apache.commons.compress.archivers.tar.TarArchiveInputStream,FALSE,,,,,compile failed (buggy): Command failed: defects4j compile -w work/Compress_12,work/Compress_12/src/test/java/org/apache/commons/compress/archivers/tar/TarArchiveInputStreamTest.java,19918
Compress,13,org.apache.commons.compress.archivers.zip.ZipArchiveEntry,FALSE,,,,,compile failed (buggy): Command failed: defects4j compile -w work/Compress_13,work/Compress_13/src/test/java/org/apache/commons/compress/archivers/zip/ZipArchiveEntryTest.java,23566
Compress,14,org.apache.commons.compress.archivers.tar.TarUtils,TRUE,"['     Lines covered: 96', '  Conditions total: 66', 'Conditions covered: 61', '     Line coverage: 95.0%', 'Condition coverage: 92.4%']",FALSE,4,4,,work/Compress_14/src/test/java/org/apache/commons/compress/archivers/tar/TarUtilsTest.java,15803
Compress,15,org.apache.commons.compress.archivers.zip.ZipArchiveEntry,TRUE,"['     Lines covered: 182', '  Conditions total: 110', 'Conditions covered: 81', '     Line coverage: 89.7%', 'Condition coverage: 73.6%']",FALSE,4,4,,work/Compress_15/src/test/java/org/apache/commons/compress/archivers/zip/ZipArchiveEntryTest.java,23484
Compress,16,org.apache.commons.compress.archivers.ArchiveStreamFactory,TRUE,"['     Lines covered: 68', '  Conditions total: 48', 'Conditions covered: 47', '     Line coverage: 97.1%', 'Condition coverage: 97.9%']",FALSE,1,1,,work/Compress_16/src/test/java/org/apache/commons/compress/archivers/ArchiveStreamFactoryTest.java,11581
Compress,17,org.apache.commons.compress.archivers.tar.TarUtils,TRUE,"['     Lines covered: 152', '  Conditions total: 116', 'Conditions covered: 101', '     Line coverage: 84.9%', 'Condition coverage: 87.1%']",FALSE,3,3,,work/Compress_17/src/test/java/org/apache/commons/compress/archivers/tar/TarUtilsTest.java,25465
Compress,18,org.apache.commons.compress.archivers.tar.TarArchiveOutputStream,FALSE,,,,,compile failed (buggy): Command failed: defects4j compile -w work/Compress_18,work/Compress_18/src/test/java/org/apache/commons/compress/archivers/tar/TarArchiveOutputStreamTest.java,23094
Compress,19,org.apache.commons.compress.archivers.zip.Zip64ExtendedInformationExtraField,TRUE,"['     Lines covered: 105', '  Conditions total: 60', 'Conditions covered: 50', '     Line coverage: 100.0%', 'Condition coverage: 83.3%']",FALSE,0,,,work/Compress_19/src/test/java/org/apache/commons/compress/archivers/zip/Zip64ExtendedInformationExtraFieldTest.java,14663
Compress,20,org.apache.commons.compress.archivers.cpio.CpioArchiveInputStream,TRUE,"['     Lines covered: 176', '  Conditions total: 114', 'Conditions covered: 83', '     Line coverage: 82.2%', 'Condition coverage: 72.8%']",FALSE,0,,,work/Compress_20/src/test/java/org/apache/commons/compress/archivers/cpio/CpioArchiveInputStreamTest.java,18426
Compress,21,org.apache.commons.compress.archivers.sevenz.SevenZOutputFile,TRUE,"['     Lines covered: 354', '  Conditions total: 136', 'Conditions covered: 112', '     Line coverage: 90.8%', 'Condition coverage: 82.4%']",FALSE,0,,,work/Compress_21/src/test/java/org/apache/commons/compress/archivers/sevenz/SevenZOutputFileTest.java,25273
Compress,22,org.apache.commons.compress.compressors.bzip2.BZip2CompressorInputStream,FALSE,,,,,compile failed (buggy): Command failed: defects4j compile -w work/Compress_22,work/Compress_22/src/test/java/org/apache/commons/compress/compressors/bzip2/BZip2CompressorInputStreamTest.java,35047
Compress,23,org.apache.commons.compress.archivers.sevenz.Coders,TRUE,"['     Lines covered: 82', '  Conditions total: 34', 'Conditions covered: 27', '     Line coverage: 79.6%', 'Condition coverage: 79.4%']",FALSE,1,1,,work/Compress_23/src/test/java/org/apache/commons/compress/archivers/sevenz/CodersTest.java,13166
Compress,24,org.apache.commons.compress.archivers.tar.TarUtils,TRUE,"['     Lines covered: 140', '  Conditions total: 118', 'Conditions covered: 98', '     Line coverage: 77.8%', 'Condition coverage: 83.1%']",FALSE,3,3,,work/Compress_24/src/test/java/org/apache/commons/compress/archivers/tar/TarUtilsTest.java,25987
Compress,25,org.apache.commons.compress.archivers.zip.ZipArchiveInputStream,TRUE,"['     Lines covered: 299', '  Conditions total: 252', 'Conditions covered: 146', '     Line coverage: 74.6%', 'Condition coverage: 57.9%']",FALSE,2,2,,work/Compress_25/src/test/java/org/apache/commons/compress/archivers/zip/ZipArchiveInputStreamTest.java,40114
Compress,26,org.apache.commons.compress.utils.IOUtils,TRUE,"['     Lines covered: 34', '  Conditions total: 18', 'Conditions covered: 18', '     Line coverage: 94.4%', 'Condition coverage: 100.0%']",FALSE,0,,,work/Compress_26/src/test/java/org/apache/commons/compress/utils/IOUtilsTest.java,7787
Compress,27,org.apache.commons.compress.archivers.tar.TarUtils,TRUE,"['     Lines covered: 144', '  Conditions total: 116', 'Conditions covered: 99', '     Line coverage: 80.9%', 'Condition coverage: 85.3%']",FALSE,1,2,,work/Compress_27/src/test/java/org/apache/commons/compress/archivers/tar/TarUtilsTest.java,25895
Compress,28,org.apache.commons.compress.archivers.tar.TarArchiveInputStream,TRUE,"['     Lines covered: 178', '  Conditions total: 122', 'Conditions covered: 85', '     Line coverage: 83.6%', 'Condition coverage: 69.7%']",FALSE,2,2,,work/Compress_28/src/test/java/org/apache/commons/compress/archivers/tar/TarArchiveInputStreamTest.java,24953
Compress,29,org.apache.commons.compress.archivers.ArchiveStreamFactory,FALSE,,,,,compile failed (buggy): Command failed: defects4j compile -w work/Compress_29,work/Compress_29/src/test/java/org/apache/commons/compress/archivers/ArchiveStreamFactoryTest.java,17233
Compress,29,org.apache.commons.compress.archivers.cpio.CpioArchiveInputStream,FALSE,,,,,compile failed (buggy): Command failed: defects4j compile -w work/Compress_29,work/Compress_29/src/test/java/org/apache/commons/compress/archivers/cpio/CpioArchiveInputStreamTest.java,20021
Compress,29,org.apache.commons.compress.archivers.cpio.CpioArchiveOutputStream,FALSE,,,,,compile failed (buggy): Command failed: defects4j compile -w work/Compress_29,work/Compress_29/src/test/java/org/apache/commons/compress/archivers/cpio/CpioArchiveOutputStreamTest.java,20523
Compress,29,org.apache.commons.compress.archivers.dump.DumpArchiveInputStream,FALSE,,,,,compile failed (buggy): Command failed: defects4j compile -w work/Compress_29,work/Compress_29/src/test/java/org/apache/commons/compress/archivers/dump/DumpArchiveInputStreamTest.java,18808
Compress,29,org.apache.commons.compress.archivers.tar.TarArchiveInputStream,FALSE,,,,,compile failed (buggy): Command failed: defects4j compile -w work/Compress_29,work/Compress_29/src/test/java/org/apache/commons/compress/archivers/tar/TarArchiveInputStreamTest.java,25967
Compress,29,org.apache.commons.compress.archivers.tar.TarArchiveOutputStream,FALSE,,,,,compile failed (buggy): Command failed: defects4j compile -w work/Compress_29,work/Compress_29/src/test/java/org/apache/commons/compress/archivers/tar/TarArchiveOutputStreamTest.java,27724
Compress,29,org.apache.commons.compress.archivers.zip.ZipArchiveInputStream,FALSE,,,,,compile failed (buggy): Command failed: defects4j compile -w work/Compress_29,work/Compress_29/src/test/java/org/apache/commons/compress/archivers/zip/ZipArchiveInputStreamTest.java,40297
Compress,30,org.apache.commons.compress.compressors.bzip2.BZip2CompressorInputStream,TRUE,"['     Lines covered: 410', '  Conditions total: 265', 'Conditions covered: 192', '     Line coverage: 83.7%', 'Condition coverage: 72.5%']",FALSE,1,1,,work/Compress_30/src/test/java/org/apache/commons/compress/compressors/bzip2/BZip2CompressorInputStreamTest.java,34663
Compress,31,org.apache.commons.compress.archivers.tar.TarUtils,TRUE,"['     Lines covered: 143', '  Conditions total: 116', 'Conditions covered: 97', '     Line coverage: 81.2%', 'Condition coverage: 83.6%']",FALSE,3,4,,work/Compress_31/src/test/java/org/apache/commons/compress/archivers/tar/TarUtilsTest.java,25752
Compress,32,org.apache.commons.compress.archivers.tar.TarArchiveInputStream,FALSE,,,,,compile failed (buggy): Command failed: defects4j compile -w work/Compress_32,work/Compress_32/src/test/java/org/apache/commons/compress/archivers/tar/TarArchiveInputStreamTest.java,26028
Compress,33,org.apache.commons.compress.compressors.CompressorStreamFactory,FALSE,,,,,compile failed (buggy): Command failed: defects4j compile -w work/Compress_33,work/Compress_33/src/test/java/org/apache/commons/compress/compressors/CompressorStreamFactoryTest.java,15881
Compress,33,org.apache.commons.compress.compressors.deflate.DeflateCompressorInputStream,FALSE,,,,,compile failed (buggy): Command failed: defects4j compile -w work/Compress_33,work/Compress_33/src/test/java/org/apache/commons/compress/compressors/deflate/DeflateCompressorInputStreamTest.java,4544
Compress,34,org.apache.commons.compress.archivers.zip.X7875_NewUnix,TRUE,"['     Lines covered: 70', '  Conditions total: 14', 'Conditions covered: 12', '     Line coverage: 100.0%', 'Condition coverage: 85.7%']",FALSE,0,,,work/Compress_34/src/test/java/org/apache/commons/compress/archivers/zip/X7875_NewUnixTest.java,13628
Compress,35,org.apache.commons.compress.archivers.tar.TarUtils,TRUE,"['     Lines covered: 141', '  Conditions total: 112', 'Conditions covered: 94', '     Line coverage: 81.0%', 'Condition coverage: 83.9%']",FALSE,2,3,,work/Compress_35/src/test/java/org/apache/commons/compress/archivers/tar/TarUtilsTest.java,25024
Compress,36,org.apache.commons.compress.archivers.sevenz.SevenZFile,FALSE,,,,,compile failed (buggy): Command failed: defects4j compile -w work/Compress_36,work/Compress_36/src/test/java/org/apache/commons/compress/archivers/sevenz/SevenZFileTest.java,43568
Compress,37,org.apache.commons.compress.archivers.tar.TarArchiveInputStream,TRUE,"['     Lines covered: 193', '  Conditions total: 152', 'Conditions covered: 107', '     Line coverage: 81.4%', 'Condition coverage: 70.4%']",FALSE,11,11,,work/Compress_37/src/test/java/org/apache/commons/compress/archivers/tar/TarArchiveInputStreamTest.java,29304
Compress,38,org.apache.commons.compress.archivers.tar.TarArchiveEntry,FALSE,,,,,compile failed (buggy): Command failed: defects4j compile -w work/Compress_38,work/Compress_38/src/test/java/org/apache/commons/compress/archivers/tar/TarArchiveEntryTest.java,41092
Compress,39,org.apache.commons.compress.utils.ArchiveUtils,TRUE,"['     Lines covered: 52', '  Conditions total: 36', 'Conditions covered: 35', '     Line coverage: 83.9%', 'Condition coverage: 97.2%']",FALSE,0,,,work/Compress_39/src/test/java/org/apache/commons/compress/utils/ArchiveUtilsTest.java,12758
Compress,40,org.apache.commons.compress.utils.BitInputStream,TRUE,"['     Lines covered: 33', '  Conditions total: 12', 'Conditions covered: 12', '     Line coverage: 100.0%', 'Condition coverage: 100.0%']",FALSE,2,2,,work/Compress_40/src/test/java/org/apache/commons/compress/utils/BitInputStreamTest.java,6365
Compress,41,org.apache.commons.compress.archivers.zip.ZipArchiveInputStream,FALSE,,,,,compile failed (buggy): Command failed: defects4j compile -w work/Compress_41,work/Compress_41/src/test/java/org/apache/commons/compress/archivers/zip/ZipArchiveInputStreamTest.java,43980
Compress,42,org.apache.commons.compress.archivers.zip.UnixStat,TRUE,"['     Lines covered: 204', '  Conditions total: 132', 'Conditions covered: 92', '     Line coverage: 83.6%', 'Condition coverage: 69.7%']",FALSE,0,,,work/Compress_42/src/test/java/org/apache/commons/compress/archivers/zip/UnixStatTest.java,4434
Compress,42,org.apache.commons.compress.archivers.zip.ZipArchiveEntry,FALSE,,,,,compile failed (buggy): Command failed: defects4j compile -w work/Compress_42,work/Compress_42/src/test/java/org/apache/commons/compress/archivers/zip/ZipArchiveEntryTest.java,30961
Compress,43,org.apache.commons.compress.archivers.zip.ZipArchiveOutputStream,TRUE,"['     Lines covered: 281', '  Conditions total: 300', 'Conditions covered: 146', '     Line coverage: 52.7%', 'Condition coverage: 48.7%']",FALSE,0,,,work/Compress_43/src/test/java/org/apache/commons/compress/archivers/zip/ZipArchiveOutputStreamTest.java,66558
Compress,44,org.apache.commons.compress.utils.ChecksumCalculatingInputStream,TRUE,"['     Lines covered: 17', '  Conditions total: 6', 'Conditions covered: 6', '     Line coverage: 100.0%', 'Condition coverage: 100.0%']",FALSE,2,2,,work/Compress_44/src/test/java/org/apache/commons/compress/utils/ChecksumCalculatingInputStreamTest.java,5718
Compress,45,org.apache.commons.compress.archivers.tar.TarUtils,TRUE,"['     Lines covered: 137', '  Conditions total: 108', 'Conditions covered: 89', '     Line coverage: 80.1%', 'Condition coverage: 82.4%']",FALSE,3,3,,work/Compress_45/src/test/java/org/apache/commons/compress/archivers/tar/TarUtilsTest.java,26774
Compress,46,org.apache.commons.compress.archivers.zip.X5455_ExtendedTimestamp,TRUE,"['     Lines covered: 119', '  Conditions total: 96', 'Conditions covered: 83', '     Line coverage: 100.0%', 'Condition coverage: 86.5%']",FALSE,0,,,work/Compress_46/src/test/java/org/apache/commons/compress/archivers/zip/X5455_ExtendedTimestampTest.java,24386
Compress,47,org.apache.commons.compress.archivers.zip.ZipArchiveInputStream,TRUE,"['     Lines covered: 336', '  Conditions total: 273', 'Conditions covered: 165', '     Line coverage: 78.1%', 'Condition coverage: 60.4%']",FALSE,3,3,,work/Compress_47/src/test/java/org/apache/commons/compress/archivers/zip/ZipArchiveInputStreamTest.java,45911
Csv,1,org.apache.commons.csv.ExtendedBufferedReader,TRUE,"['     Lines covered: 37', '  Conditions total: 22', 'Conditions covered: 20', '     Line coverage: 100.0%', 'Condition coverage: 90.9%']",FALSE,0,,,work/Csv_1/src/test/java/org/apache/commons/csv/ExtendedBufferedReaderTest.java,8655
Csv,2,org.apache.commons.csv.CSVRecord,TRUE,"['     Lines covered: 21', '  Conditions total: 16', 'Conditions covered: 16', '     Line coverage: 100.0%', 'Condition coverage: 100.0%']",FALSE,0,,,work/Csv_2/src/test/java/org/apache/commons/csv/CSVRecordTest.java,9018
Csv,3,org.apache.commons.csv.Lexer,FALSE,,,,,compile failed (buggy): Command failed: defects4j compile -w work/Csv_3,work/Csv_3/src/test/java/org/apache/commons/csv/LexerTest.java,10087
Csv,4,org.apache.commons.csv.CSVParser,FALSE,,,,,compile failed (buggy): Command failed: defects4j compile -w work/Csv_4,work/Csv_4/src/test/java/org/apache/commons/csv/CSVParserTest.java,19698
Csv,5,org.apache.commons.csv.CSVPrinter,FALSE,,,,,compile failed (buggy): Command failed: defects4j compile -w work/Csv_5,work/Csv_5/src/test/java/org/apache/commons/csv/CSVPrinterTest.java,18315
Csv,6,org.apache.commons.csv.CSVRecord,TRUE,"['     Lines covered: 35', '  Conditions total: 18', 'Conditions covered: 18', '     Line coverage: 100.0%', 'Condition coverage: 100.0%']",FALSE,0,,,work/Csv_6/src/test/java/org/apache/commons/csv/CSVRecordTest.java,10746
Csv,7,org.apache.commons.csv.CSVParser,FALSE,,,,,compile failed (buggy): Command failed: defects4j compile -w work/Csv_7,work/Csv_7/src/test/java/org/apache/commons/csv/CSVParserTest.java,20596
Csv,8,org.apache.commons.csv.CSVFormat,TRUE,"['     Lines covered: 176', '  Conditions total: 140', 'Conditions covered: 125', '     Line coverage: 98.3%', 'Condition coverage: 89.3%']",FALSE,0,,,work/Csv_8/src/test/java/org/apache/commons/csv/CSVFormatTest.java,36204
Csv,9,org.apache.commons.csv.CSVRecord,TRUE,"['     Lines covered: 36', '  Conditions total: 22', 'Conditions covered: 22', '     Line coverage: 100.0%', 'Condition coverage: 100.0%']",FALSE,0,,,work/Csv_9/src/test/java/org/apache/commons/csv/CSVRecordTest.java,10786
Csv,10,org.apache.commons.csv.CSVPrinter,FALSE,,,,,compile failed (buggy): Command failed: defects4j compile -w work/Csv_10,work/Csv_10/src/test/java/org/apache/commons/csv/CSVPrinterTest.java,18798
Csv,11,org.apache.commons.csv.CSVParser,FALSE,,,,,compile failed (buggy): Command failed: defects4j compile -w work/Csv_11,work/Csv_11/src/test/java/org/apache/commons/csv/CSVParserTest.java,21858
Csv,12,org.apache.commons.csv.CSVFormat,TRUE,"['     Lines covered: 175', '  Conditions total: 140', 'Conditions covered: 118', '     Line coverage: 95.1%', 'Condition coverage: 84.3%']",FALSE,0,,,work/Csv_12/src/test/java/org/apache/commons/csv/CSVFormatTest.java,40761
Csv,13,org.apache.commons.csv.CSVFormat,TRUE,"['     Lines covered: 377', '  Conditions total: 289', 'Conditions covered: 262', '     Line coverage: 97.9%', 'Condition coverage: 90.7%']",FALSE,1,1,,work/Csv_13/src/test/java/org/apache/commons/csv/CSVFormatTest.java,50590
Csv,13,org.apache.commons.csv.CSVPrinter,FALSE,,,,,compile failed (buggy): Command failed: defects4j compile -w work/Csv_13,work/Csv_13/src/test/java/org/apache/commons/csv/CSVPrinterTest.java,21324
Csv,14,org.apache.commons.csv.CSVFormat,FALSE,,,,,compile failed (buggy): Command failed: defects4j compile -w work/Csv_14,work/Csv_14/src/test/java/org/apache/commons/csv/CSVFormatTest.java,69359
Csv,15,org.apache.commons.csv.CSVFormat,FALSE,,,,,compile failed (buggy): Command failed: defects4j compile -w work/Csv_15,work/Csv_15/src/test/java/org/apache/commons/csv/CSVFormatTest.java,74656
Csv,16,org.apache.commons.csv.CSVParser,TRUE,"['     Lines covered: 112', '  Conditions total: 68', 'Conditions covered: 56', '     Line coverage: 91.1%', 'Condition coverage: 82.4%']",FALSE,2,2,,work/Csv_16/src/test/java/org/apache/commons/csv/CSVParserTest.java,26309
Gson,1,com.google.gson.TypeInfoFactory,FALSE,,,,,compile failed (buggy): Command failed: defects4j compile -w work/Gson_1,work/Gson_1/gson/src/test/java/com/google/gson/TypeInfoFactoryTest.java,7043
Gson,2,com.google.gson.internal.bind.TypeAdapters,TRUE,"['     Lines covered: 417', '  Conditions total: 188', 'Conditions covered: 171', '     Line coverage: 93.5%', 'Condition coverage: 91.0%']",FALSE,18,18,,work/Gson_2/gson/src/test/java/com/google/gson/internal/bind/TypeAdaptersTest.java,29032
Gson,3,com.google.gson.internal.ConstructorConstructor,TRUE,"['     Lines covered: 76', '  Conditions total: 32', 'Conditions covered: 30', '     Line coverage: 88.4%', 'Condition coverage: 93.8%']",FALSE,0,,,work/Gson_3/gson/src/test/java/com/google/gson/internal/ConstructorConstructorTest.java,9203
Gson,4,com.google.gson.stream.JsonReader,TRUE,"['     Lines covered: 765', '  Conditions total: 565', 'Conditions covered: 451', '     Line coverage: 86.7%', 'Condition coverage: 79.8%']",FALSE,2,2,,work/Gson_4/gson/src/test/java/com/google/gson/stream/JsonReaderTest.java,52559
Gson,4,com.google.gson.stream.JsonWriter,TRUE,"['     Lines covered: 763', '  Conditions total: 565', 'Conditions covered: 447', '     Line coverage: 86.5%', 'Condition coverage: 79.1%']",FALSE,3,3,,work/Gson_4/gson/src/test/java/com/google/gson/stream/JsonWriterTest.java,20332
Gson,5,com.google.gson.internal.bind.util.ISO8601Utils,TRUE,"['     Lines covered: 145', '  Conditions total: 89', 'Conditions covered: 70', '     Line coverage: 96.7%', 'Condition coverage: 78.7%']",FALSE,0,,,work/Gson_5/gson/src/test/java/com/google/gson/internal/bind/util/ISO8601UtilsTest.java,15985
Gson,6,com.google.gson.internal.bind.JsonAdapterAnnotationTypeAdapterFactory,FALSE,,,,,compile failed (buggy): Command failed: defects4j compile -w work/Gson_6,work/Gson_6/gson/src/test/java/com/google/gson/internal/bind/JsonAdapterAnnotationTypeAdapterFactoryTest.java,4313
Gson,7,com.google.gson.stream.JsonReader,TRUE,"['     Lines covered: 574', '  Conditions total: 469', 'Conditions covered: 360', '     Line coverage: 83.9%', 'Condition coverage: 76.8%']",FALSE,2,2,,work/Gson_7/gson/src/test/java/com/google/gson/stream/JsonReaderTest.java,52449
Gson,8,com.google.gson.internal.UnsafeAllocator,TRUE,,FALSE,,,coverage failed: Command failed: defects4j coverage -w work/Gson_8,work/Gson_8/gson/src/test/java/com/google/gson/internal/UnsafeAllocatorTest.java,5309
Gson,9,com.google.gson.internal.bind.JsonTreeWriter,FALSE,,,,,compile failed (buggy): Command failed: defects4j compile -w work/Gson_9,work/Gson_9/gson/src/test/java/com/google/gson/internal/bind/JsonTreeWriterTest.java,7310
Gson,9,com.google.gson.internal.bind.TypeAdapters,FALSE,,,,,compile failed (buggy): Command failed: defects4j compile -w work/Gson_9,work/Gson_9/gson/src/test/java/com/google/gson/internal/bind/TypeAdaptersTest.java,32735
Gson,9,com.google.gson.stream.JsonWriter,FALSE,,,,,compile failed (buggy): Command failed: defects4j compile -w work/Gson_9,work/Gson_9/gson/src/test/java/com/google/gson/stream/JsonWriterTest.java,20213
Gson,10,com.google.gson.internal.bind.ReflectiveTypeAdapterFactory,FALSE,,,,,compile failed (buggy): Command failed: defects4j compile -w work/Gson_10,work/Gson_10/gson/src/test/java/com/google/gson/internal/bind/ReflectiveTypeAdapterFactoryTest.java,10804
Gson,11,com.google.gson.internal.bind.TypeAdapters,FALSE,,,,,compile failed (buggy): Command failed: defects4j compile -w work/Gson_11,work/Gson_11/gson/src/test/java/com/google/gson/internal/bind/TypeAdaptersTest.java,32620
Gson,12,com.google.gson.internal.bind.JsonTreeReader,FALSE,,,,,compile failed (buggy): Command failed: defects4j compile -w work/Gson_12,work/Gson_12/gson/src/test/java/com/google/gson/internal/bind/JsonTreeReaderTest.java,11318
Gson,13,com.google.gson.stream.JsonReader,TRUE,"['     Lines covered: 575', '  Conditions total: 484', 'Conditions covered: 378', '     Line coverage: 84.2%', 'Condition coverage: 78.1%']",FALSE,0,,,work/Gson_13/gson/src/test/java/com/google/gson/stream/JsonReaderTest.java,51904
Gson,14,com.google.gson.internal.$Gson$Types,FALSE,,,,,compile failed (buggy): Command failed: defects4j compile -w work/Gson_14,work/Gson_14/gson/src/test/java/com/google/gson/internal/$Gson$TypesTest.java,22471
Gson,15,com.google.gson.stream.JsonWriter,TRUE,"['     Lines covered: 185', '  Conditions total: 92', 'Conditions covered: 81', '     Line coverage: 93.4%', 'Condition coverage: 88.0%']",FALSE,2,1,,work/Gson_15/gson/src/test/java/com/google/gson/stream/JsonWriterTest.java,20441
Gson,16,com.google.gson.internal.$Gson$Types,TRUE,"['     Lines covered: 232', '  Conditions total: 194', 'Conditions covered: 162', '     Line coverage: 93.5%', 'Condition coverage: 83.5%']",FALSE,3,3,,work/Gson_16/gson/src/test/java/com/google/gson/internal/$Gson$TypesTest.java,23026
Gson,17,com.google.gson.DefaultDateTypeAdapter,FALSE,,,,,compile failed (buggy): Command failed: defects4j compile -w work/Gson_17,work/Gson_17/gson/src/test/java/com/google/gson/DefaultDateTypeAdapterTest.java,6244
Gson,18,com.google.gson.internal.$Gson$Types,FALSE,,,,,compile failed (buggy): Command failed: defects4j compile -w work/Gson_18,work/Gson_18/gson/src/test/java/com/google/gson/internal/$Gson$TypesTest.java,23304
JacksonCore,1,com.fasterxml.jackson.core.io.NumberInput,TRUE,"['     Lines covered: 353', '  Conditions total: 238', 'Conditions covered: 192', '     Line coverage: 88.7%', 'Condition coverage: 80.7%']",FALSE,3,3,,work/JacksonCore_1/src/test/java/com/fasterxml/jackson/core/io/NumberInputTest.java,12141
JacksonCore,1,com.fasterxml.jackson.core.util.TextBuffer,FALSE,,,,,compile failed (buggy): Command failed: defects4j compile -w work/JacksonCore_1,work/JacksonCore_1/src/test/java/com/fasterxml/jackson/core/util/TextBufferTest.java,23592
JacksonCore,2,com.fasterxml.jackson.core.json.ReaderBasedJsonParser,FALSE,,,,,compile failed (buggy): Command failed: defects4j compile -w work/JacksonCore_2,work/JacksonCore_2/src/test/java/com/fasterxml/jackson/core/json/ReaderBasedJsonParserTest.java,72847
JacksonCore,2,com.fasterxml.jackson.core.json.UTF8StreamJsonParser,FALSE,,,,,compile failed (buggy): Command failed: defects4j compile -w work/JacksonCore_2,work/JacksonCore_2/src/test/java/com/fasterxml/jackson/core/json/UTF8StreamJsonParserTest.java,113249
JacksonCore,3,com.fasterxml.jackson.core.json.UTF8StreamJsonParser,FALSE,,,,,compile failed (buggy): Command failed: defects4j compile -w work/JacksonCore_3,work/JacksonCore_3/src/test/java/com/fasterxml/jackson/core/json/UTF8StreamJsonParserTest.java,114584
JacksonCore,4,com.fasterxml.jackson.core.util.TextBuffer,TRUE,"['     Lines covered: 243', '  Conditions total: 134', 'Conditions covered: 109', '     Line coverage: 92.7%', 'Condition coverage: 81.3%']",FALSE,3,3,,work/JacksonCore_4/src/test/java/com/fasterxml/jackson/core/util/TextBufferTest.java,24074
JacksonCore,5,com.fasterxml.jackson.core.JsonPointer,TRUE,"['     Lines covered: 82', '  Conditions total: 62', 'Conditions covered: 51', '     Line coverage: 97.6%', 'Condition coverage: 82.3%']",FALSE,2,1,,work/JacksonCore_5/src/test/java/com/fasterxml/jackson/core/JsonPointerTest.java,10205
JacksonCore,6,com.fasterxml.jackson.core.JsonPointer,TRUE,"['     Lines covered: 81', '  Conditions total: 62', 'Conditions covered: 52', '     Line coverage: 96.4%', 'Condition coverage: 83.9%']",FALSE,0,,,work/JacksonCore_6/src/test/java/com/fasterxml/jackson/core/JsonPointerTest.java,10251
JacksonCore,7,com.fasterxml.jackson.core.json.JsonWriteContext,FALSE,,,,,compile failed (buggy): Command failed: defects4j compile -w work/JacksonCore_7,work/JacksonCore_7/src/test/java/com/fasterxml/jackson/core/json/JsonWriteContextTest.java,7926
JacksonCore,8,com.fasterxml.jackson.core.util.TextBuffer,FALSE,,,,,compile failed (buggy): Command failed: defects4j compile -w work/JacksonCore_8,work/JacksonCore_8/src/test/java/com/fasterxml/jackson/core/util/TextBufferTest.java,24616
JacksonCore,9,com.fasterxml.jackson.core.base.ParserMinimalBase,FALSE,,,,,compile failed (buggy): Command failed: defects4j compile -w work/JacksonCore_9,work/JacksonCore_9/src/test/java/com/fasterxml/jackson/core/base/ParserMinimalBaseTest.java,21270
JacksonCore,9,com.fasterxml.jackson.core.json.ReaderBasedJsonParser,FALSE,,,,,compile failed (buggy): Command failed: defects4j compile -w work/JacksonCore_9,work/JacksonCore_9/src/test/java/com/fasterxml/jackson/core/json/ReaderBasedJsonParserTest.java,82725
JacksonCore,9,com.fasterxml.jackson.core.json.UTF8StreamJsonParser,FALSE,,,,,compile failed (buggy): Command failed: defects4j compile -w work/JacksonCore_9,work/JacksonCore_9/src/test/java/com/fasterxml/jackson/core/json/UTF8StreamJsonParserTest.java,126871
JacksonCore,10,com.fasterxml.jackson.core.sym.ByteQuadsCanonicalizer,TRUE,"['     Lines covered: 409', '  Conditions total: 266', 'Conditions covered: 193', '     Line coverage: 88.0%', 'Condition coverage: 72.6%']",FALSE,7,7,,work/JacksonCore_10/src/test/java/com/fasterxml/jackson/core/sym/ByteQuadsCanonicalizerTest.java,45668
JacksonCore,11,com.fasterxml.jackson.core.sym.ByteQuadsCanonicalizer,TRUE,"['     Lines covered: 419', '  Conditions total: 268', 'Conditions covered: 203', '     Line coverage: 89.5%', 'Condition coverage: 75.7%']",FALSE,7,7,,work/JacksonCore_11/src/test/java/com/fasterxml/jackson/core/sym/ByteQuadsCanonicalizerTest.java,46017
JacksonCore,12,com.fasterxml.jackson.core.json.ReaderBasedJsonParser,FALSE,,,,,compile failed (buggy): Command failed: defects4j compile -w work/JacksonCore_12,work/JacksonCore_12/src/test/java/com/fasterxml/jackson/core/json/ReaderBasedJsonParserTest.java,95564
JacksonCore,12,com.fasterxml.jackson.core.json.UTF8StreamJsonParser,FALSE,,,,,compile failed (buggy): Command failed: defects4j compile -w work/JacksonCore_12,work/JacksonCore_12/src/test/java/com/fasterxml/jackson/core/json/UTF8StreamJsonParserTest.java,128021
JacksonCore,13,com.fasterxml.jackson.core.json.JsonGeneratorImpl,FALSE,,,,,compile failed (buggy): Command failed: defects4j compile -w work/JacksonCore_13,work/JacksonCore_13/src/test/java/com/fasterxml/jackson/core/json/JsonGeneratorImplTest.java,7469
JacksonCore,14,com.fasterxml.jackson.core.io.IOContext,TRUE,"['     Lines covered: 68', '  Conditions total: 22', 'Conditions covered: 22', '     Line coverage: 100.0%', 'Condition coverage: 100.0%']",FALSE,0,,,work/JacksonCore_14/src/test/java/com/fasterxml/jackson/core/io/IOContextTest.java,11225
JacksonCore,15,com.fasterxml.jackson.core.filter.FilteringParserDelegate,TRUE,"['     Lines covered: 262', '  Conditions total: 251', 'Conditions covered: 168', '     Line coverage: 70.2%', 'Condition coverage: 66.9%']",FALSE,1,1,,work/JacksonCore_15/src/test/java/com/fasterxml/jackson/core/filter/FilteringParserDelegateTest.java,35147
JacksonCore,16,com.fasterxml.jackson.core.util.JsonParserSequence,FALSE,,,,,compile failed (buggy): Command failed: defects4j compile -w work/JacksonCore_16,work/JacksonCore_16/src/test/java/com/fasterxml/jackson/core/util/JsonParserSequenceTest.java,6257
JacksonCore,17,com.fasterxml.jackson.core.json.UTF8JsonGenerator,TRUE,"['     Lines covered: 701', '  Conditions total: 523', 'Conditions covered: 329', '     Line coverage: 70.7%', 'Condition coverage: 62.9%']",FALSE,0,,,work/JacksonCore_17/src/test/java/com/fasterxml/jackson/core/json/UTF8JsonGeneratorTest.java,72905
JacksonCore,18,com.fasterxml.jackson.core.base.GeneratorBase,FALSE,,,,,compile failed (buggy): Command failed: defects4j compile -w work/JacksonCore_18,work/JacksonCore_18/src/test/java/com/fasterxml/jackson/core/base/GeneratorBaseTest.java,17417
JacksonCore,18,com.fasterxml.jackson.core.json.UTF8JsonGenerator,FALSE,,,,,compile failed (buggy): Command failed: defects4j compile -w work/JacksonCore_18,work/JacksonCore_18/src/test/java/com/fasterxml/jackson/core/json/UTF8JsonGeneratorTest.java,74578
JacksonCore,18,com.fasterxml.jackson.core.json.WriterBasedJsonGenerator,FALSE,,,,,compile failed (buggy): Command failed: defects4j compile -w work/JacksonCore_18,work/JacksonCore_18/src/test/java/com/fasterxml/jackson/core/json/WriterBasedJsonGeneratorTest.java,65932
JacksonCore,19,com.fasterxml.jackson.core.json.ReaderBasedJsonParser,FALSE,,,,,compile failed (buggy): Command failed: defects4j compile -w work/JacksonCore_19,work/JacksonCore_19/src/test/java/com/fasterxml/jackson/core/json/ReaderBasedJsonParserTest.java,96392
JacksonCore,19,com.fasterxml.jackson.core.json.UTF8StreamJsonParser,FALSE,,,,,compile failed (buggy): Command failed: defects4j compile -w work/JacksonCore_19,work/JacksonCore_19/src/test/java/com/fasterxml/jackson/core/json/UTF8StreamJsonParserTest.java,128616
JacksonCore,20,com.fasterxml.jackson.core.JsonGenerator,FALSE,,,,,compile failed (buggy): Command failed: defects4j compile -w work/JacksonCore_20,work/JacksonCore_20/src/test/java/com/fasterxml/jackson/core/JsonGeneratorTest.java,77338
JacksonCore,21,com.fasterxml.jackson.core.filter.FilteringParserDelegate,FALSE,,,,,compile failed (buggy): Command failed: defects4j compile -w work/JacksonCore_21,work/JacksonCore_21/src/test/java/com/fasterxml/jackson/core/filter/FilteringParserDelegateTest.java,36265
JacksonCore,22,com.fasterxml.jackson.core.filter.FilteringParserDelegate,TRUE,"['     Lines covered: 270', '  Conditions total: 267', 'Conditions covered: 187', '     Line coverage: 70.9%', 'Condition coverage: 70.0%']",FALSE,0,,,work/JacksonCore_22/src/test/java/com/fasterxml/jackson/core/filter/FilteringParserDelegateTest.java,35956
JacksonCore,23,com.fasterxml.jackson.core.util.DefaultPrettyPrinter,FALSE,,,,,compile failed (buggy): Command failed: defects4j compile -w work/JacksonCore_23,work/JacksonCore_23/src/test/java/com/fasterxml/jackson/core/util/DefaultPrettyPrinterTest.java,13924
JacksonCore,24,com.fasterxml.jackson.core.base.ParserBase,FALSE,,,,,compile failed (buggy): Command failed: defects4j compile -w work/JacksonCore_24,work/JacksonCore_24/src/test/java/com/fasterxml/jackson/core/base/ParserBaseTest.java,43217
JacksonCore,24,com.fasterxml.jackson.core.base.ParserMinimalBase,FALSE,,,,,compile failed (buggy): Command failed: defects4j compile -w work/JacksonCore_24,work/JacksonCore_24/src/test/java/com/fasterxml/jackson/core/base/ParserMinimalBaseTest.java,26388
JacksonCore,25,com.fasterxml.jackson.core.json.ReaderBasedJsonParser,FALSE,,,,,compile failed (buggy): Command failed: defects4j compile -w work/JacksonCore_25,work/JacksonCore_25/src/test/java/com/fasterxml/jackson/core/json/ReaderBasedJsonParserTest.java,101610
JacksonCore,26,com.fasterxml.jackson.core.json.async.NonBlockingJsonParser,TRUE,"['     Lines covered: 1280', '  Conditions total: 951', 'Conditions covered: 750', '     Line coverage: 86.4%', 'Condition coverage: 78.9%']",FALSE,4,4,,work/JacksonCore_26/src/test/java/com/fasterxml/jackson/core/json/async/NonBlockingJsonParserTest.java,108929
JacksonDatabind,1,com.fasterxml.jackson.databind.ser.BeanPropertyWriter,FALSE,,,,,compile failed (buggy): Command failed: defects4j compile -w work/JacksonDatabind_1,work/JacksonDatabind_1/src/test/java/com/fasterxml/jackson/databind/ser/BeanPropertyWriterTest.java,47773
JacksonDatabind,2,com.fasterxml.jackson.databind.util.TokenBuffer,FALSE,,,,,compile failed (buggy): Command failed: defects4j compile -w work/JacksonDatabind_2,work/JacksonDatabind_2/src/test/java/com/fasterxml/jackson/databind/util/TokenBufferTest.java,79279
JacksonDatabind,3,com.fasterxml.jackson.databind.deser.std.StringArrayDeserializer,TRUE,"['     Lines covered: 59', '  Conditions total: 36', 'Conditions covered: 31', '     Line coverage: 95.2%', 'Condition coverage: 86.1%']",FALSE,7,6,,work/JacksonDatabind_3/src/test/java/com/fasterxml/jackson/databind/deser/std/StringArrayDeserializerTest.java,29334
JacksonDatabind,4,com.fasterxml.jackson.databind.deser.std.StringArrayDeserializer,FALSE,,,,,compile failed (buggy): Command failed: defects4j compile -w work/JacksonDatabind_4,work/JacksonDatabind_4/src/test/java/com/fasterxml/jackson/databind/deser/std/StringArrayDeserializerTest.java,29665
JacksonDatabind,5,com.fasterxml.jackson.databind.introspect.AnnotatedClass,FALSE,,,,,compile failed (buggy): Command failed: defects4j compile -w work/JacksonDatabind_5,work/JacksonDatabind_5/src/test/java/com/fasterxml/jackson/databind/introspect/AnnotatedClassTest.java,61526
JacksonDatabind,6,com.fasterxml.jackson.databind.util.StdDateFormat,TRUE,"['     Lines covered: 147', '  Conditions total: 94', 'Conditions covered: 82', '     Line coverage: 98.7%', 'Condition coverage: 87.2%']",FALSE,3,3,,work/JacksonDatabind_6/src/test/java/com/fasterxml/jackson/databind/util/StdDateFormatTest.java,39411
JacksonDatabind,7,com.fasterxml.jackson.databind.util.TokenBuffer,FALSE,,,,,compile failed (buggy): Command failed: defects4j compile -w work/JacksonDatabind_7,work/JacksonDatabind_7/src/test/java/com/fasterxml/jackson/databind/util/TokenBufferTest.java,80039
JacksonDatabind,8,com.fasterxml.jackson.databind.deser.impl.CreatorCollector,FALSE,,,,,compile failed (buggy): Command failed: defects4j compile -w work/JacksonDatabind_8,work/JacksonDatabind_8/src/test/java/com/fasterxml/jackson/databind/deser/impl/CreatorCollectorTest.java,36474
JacksonDatabind,9,com.fasterxml.jackson.databind.ser.std.StdKeySerializer,FALSE,,,,,compile failed (buggy): Command failed: defects4j compile -w work/JacksonDatabind_9,work/JacksonDatabind_9/src/test/java/com/fasterxml/jackson/databind/ser/std/StdKeySerializerTest.java,24937
JacksonDatabind,10,com.fasterxml.jackson.databind.ser.AnyGetterWriter,FALSE,,,,,compile failed (buggy): Command failed: defects4j compile -w work/JacksonDatabind_10,work/JacksonDatabind_10/src/test/java/com/fasterxml/jackson/databind/ser/AnyGetterWriterTest.java,26330
JacksonDatabind,10,com.fasterxml.jackson.databind.ser.BeanSerializerFactory,FALSE,,,,,compile failed (buggy): Command failed: defects4j compile -w work/JacksonDatabind_10,work/JacksonDatabind_10/src/test/java/com/fasterxml/jackson/databind/ser/BeanSerializerFactoryTest.java,57087
JacksonDatabind,11,com.fasterxml.jackson.databind.type.TypeFactory,FALSE,,,,,compile failed (buggy): Command failed: defects4j compile -w work/JacksonDatabind_11,work/JacksonDatabind_11/src/test/java/com/fasterxml/jackson/databind/type/TypeFactoryTest.java,68022
JacksonDatabind,12,com.fasterxml.jackson.databind.deser.std.MapDeserializer,FALSE,,,,,compile failed (buggy): Command failed: defects4j compile -w work/JacksonDatabind_12,work/JacksonDatabind_12/src/test/java/com/fasterxml/jackson/databind/deser/std/MapDeserializerTest.java,50139
JacksonDatabind,13,com.fasterxml.jackson.databind.deser.DefaultDeserializationContext,FALSE,,,,,compile failed (buggy): Command failed: defects4j compile -w work/JacksonDatabind_13,work/JacksonDatabind_13/src/test/java/com/fasterxml/jackson/databind/deser/DefaultDeserializationContextTest.java,35794
JacksonDatabind,13,com.fasterxml.jackson.databind.deser.impl.ObjectIdValueProperty,FALSE,,,,,compile failed (buggy): Command failed: defects4j compile -w work/JacksonDatabind_13,work/JacksonDatabind_13/src/test/java/com/fasterxml/jackson/databind/deser/impl/ObjectIdValuePropertyTest.java,27421
JacksonDatabind,14,com.fasterxml.jackson.databind.ObjectReader,FALSE,,,,,compile failed (buggy): Command failed: defects4j compile -w work/JacksonDatabind_14,work/JacksonDatabind_14/src/test/java/com/fasterxml/jackson/databind/ObjectReaderTest.java,85684
JacksonDatabind,15,com.fasterxml.jackson.databind.JavaType,FALSE,,,,,compile failed (buggy): Command failed: defects4j compile -w work/JacksonDatabind_15,work/JacksonDatabind_15/src/test/java/com/fasterxml/jackson/databind/JavaTypeTest.java,39009
JacksonDatabind,15,com.fasterxml.jackson.databind.ser.BeanSerializerFactory,FALSE,,,,,compile failed (buggy): Command failed: defects4j compile -w work/JacksonDatabind_15,work/JacksonDatabind_15/src/test/java/com/fasterxml/jackson/databind/ser/BeanSerializerFactoryTest.java,57336
JacksonDatabind,15,com.fasterxml.jackson.databind.ser.std.BeanSerializerBase,FALSE,,,,,compile failed (buggy): Command failed: defects4j compile -w work/JacksonDatabind_15,work/JacksonDatabind_15/src/test/java/com/fasterxml/jackson/databind/ser/std/BeanSerializerBaseTest.java,55630
JacksonDatabind,15,com.fasterxml.jackson.databind.ser.std.StdDelegatingSerializer,FALSE,,,,,compile failed (buggy): Command failed: defects4j compile -w work/JacksonDatabind_15,work/JacksonDatabind_15/src/test/java/com/fasterxml/jackson/databind/ser/std/StdDelegatingSerializerTest.java,32375
JacksonDatabind,15,com.fasterxml.jackson.databind.ser.std.StdSerializer,FALSE,,,,,compile failed (buggy): Command failed: defects4j compile -w work/JacksonDatabind_15,work/JacksonDatabind_15/src/test/java/com/fasterxml/jackson/databind/ser/std/StdSerializerTest.java,34374
JacksonDatabind,16,com.fasterxml.jackson.databind.introspect.AnnotationMap,TRUE,"['     Lines covered: 34', '  Conditions total: 36', 'Conditions covered: 28', '     Line coverage: 97.1%', 'Condition coverage: 77.8%']",FALSE,9,9,,work/JacksonDatabind_16/src/test/java/com/fasterxml/jackson/databind/introspect/AnnotationMapTest.java,26906
JacksonDatabind,17,com.fasterxml.jackson.databind.ObjectMapper,TRUE,"['     Lines covered: 450', '  Conditions total: 192', 'Conditions covered: 117', '     Line coverage: 70.5%', 'Condition coverage: 60.9%']",TRUE,1,0,,work/JacksonDatabind_17/src/test/java/com/fasterxml/jackson/databind/ObjectMapperTest.java,145848
JacksonDatabind,18,com.fasterxml.jackson.databind.MappingIterator,FALSE,,,,,compile failed (buggy): Command failed: defects4j compile -w work/JacksonDatabind_18,work/JacksonDatabind_18/src/test/java/com/fasterxml/jackson/databind/MappingIteratorTest.java,34194
JacksonDatabind,19,com.fasterxml.jackson.databind.type.TypeFactory,TRUE,"['     Lines covered: 304', '  Conditions total: 230', 'Conditions covered: 173', '     Line coverage: 87.6%', 'Condition coverage: 75.2%']",FALSE,1,1,,work/JacksonDatabind_19/src/test/java/com/fasterxml/jackson/databind/type/TypeFactoryTest.java,71698
JacksonDatabind,20,com.fasterxml.jackson.databind.node.ObjectNode,TRUE,"['     Lines covered: 183', '  Conditions total: 84', 'Conditions covered: 83', '     Line coverage: 98.4%', 'Condition coverage: 98.8%']",FALSE,0,,,work/JacksonDatabind_20/src/test/java/com/fasterxml/jackson/databind/node/ObjectNodeTest.java,47830
JacksonDatabind,21,com.fasterxml.jackson.databind.introspect.JacksonAnnotationIntrospector,FALSE,,,,,compile failed (buggy): Command failed: defects4j compile -w work/JacksonDatabind_21,work/JacksonDatabind_21/src/test/java/com/fasterxml/jackson/databind/introspect/JacksonAnnotationIntrospectorTest.java,58716
JacksonDatabind,22,com.fasterxml.jackson.databind.ser.BasicSerializerFactory,FALSE,,,,,compile failed (buggy): Command failed: defects4j compile -w work/JacksonDatabind_22,work/JacksonDatabind_22/src/test/java/com/fasterxml/jackson/databind/ser/BasicSerializerFactoryTest.java,71212
JacksonDatabind,22,com.fasterxml.jackson.databind.ser.BeanSerializerFactory,FALSE,,,,,compile failed (buggy): Command failed: defects4j compile -w work/JacksonDatabind_22,work/JacksonDatabind_22/src/test/java/com/fasterxml/jackson/databind/ser/BeanSerializerFactoryTest.java,58936
JacksonDatabind,23,com.fasterxml.jackson.databind.ser.std.NumberSerializers,FALSE,,,,,compile failed (buggy): Command failed: defects4j compile -w work/JacksonDatabind_23,work/JacksonDatabind_23/src/test/java/com/fasterxml/jackson/databind/ser/std/NumberSerializersTest.java,32465
JacksonDatabind,24,com.fasterxml.jackson.databind.cfg.BaseSettings,FALSE,,,,,compile failed (buggy): Command failed: defects4j compile -w work/JacksonDatabind_24,work/JacksonDatabind_24/src/test/java/com/fasterxml/jackson/databind/cfg/BaseSettingsTest.java,36358
JacksonDatabind,25,com.fasterxml.jackson.databind.deser.BasicDeserializerFactory,FALSE,,,,,compile failed (buggy): Command failed: defects4j compile -w work/JacksonDatabind_25,work/JacksonDatabind_25/src/test/java/com/fasterxml/jackson/databind/deser/BasicDeserializerFactoryTest.java,110572
JacksonDatabind,25,com.fasterxml.jackson.databind.deser.DeserializerCache,FALSE,,,,,compile failed (buggy): Command failed: defects4j compile -w work/JacksonDatabind_25,work/JacksonDatabind_25/src/test/java/com/fasterxml/jackson/databind/deser/DeserializerCacheTest.java,49176
JacksonDatabind,25,com.fasterxml.jackson.databind.jsontype.impl.TypeDeserializerBase,FALSE,,,,,compile failed (buggy): Command failed: defects4j compile -w work/JacksonDatabind_25,work/JacksonDatabind_25/src/test/java/com/fasterxml/jackson/databind/jsontype/impl/TypeDeserializerBaseTest.java,34443
JacksonDatabind,25,com.fasterxml.jackson.databind.module.SimpleAbstractTypeResolver,FALSE,,,,,compile failed (buggy): Command failed: defects4j compile -w work/JacksonDatabind_25,work/JacksonDatabind_25/src/test/java/com/fasterxml/jackson/databind/module/SimpleAbstractTypeResolverTest.java,26994
JacksonDatabind,26,com.fasterxml.jackson.databind.ser.BeanPropertyWriter,FALSE,,,,,compile failed (buggy): Command failed: defects4j compile -w work/JacksonDatabind_26,work/JacksonDatabind_26/src/test/java/com/fasterxml/jackson/databind/ser/BeanPropertyWriterTest.java,56434
JacksonDatabind,27,com.fasterxml.jackson.databind.deser.BeanDeserializer,TRUE,"['     Lines covered: 260', '  Conditions total: 222', 'Conditions covered: 139', '     Line coverage: 66.3%', 'Condition coverage: 62.6%']",FALSE,2,2,,work/JacksonDatabind_27/src/test/java/com/fasterxml/jackson/databind/deser/BeanDeserializerTest.java,57835
JacksonDatabind,28,com.fasterxml.jackson.databind.deser.std.JsonNodeDeserializer,TRUE,"['     Lines covered: 30', '  Conditions total: 13', 'Conditions covered: 13', '     Line coverage: 96.8%', 'Condition coverage: 100.0%']",FALSE,7,7,,work/JacksonDatabind_28/src/test/java/com/fasterxml/jackson/databind/deser/std/JsonNodeDeserializerTest.java,38304
JacksonDatabind,29,com.fasterxml.jackson.databind.deser.impl.ExternalTypeHandler,FALSE,,,,,compile failed (buggy): Command failed: defects4j compile -w work/JacksonDatabind_29,work/JacksonDatabind_29/src/test/java/com/fasterxml/jackson/databind/deser/impl/ExternalTypeHandlerTest.java,36546
JacksonDatabind,30,com.fasterxml.jackson.databind.ObjectMapper,FALSE,,,,,compile failed (buggy): Command failed: defects4j compile -w work/JacksonDatabind_30,work/JacksonDatabind_30/src/test/java/com/fasterxml/jackson/databind/ObjectMapperTest.java,176016
JacksonDatabind,30,com.fasterxml.jackson.databind.util.TokenBuffer,FALSE,,,,,compile failed (buggy): Command failed: defects4j compile -w work/JacksonDatabind_30,work/JacksonDatabind_30/src/test/java/com/fasterxml/jackson/databind/util/TokenBufferTest.java,81312
JacksonDatabind,31,com.fasterxml.jackson.databind.util.TokenBuffer,FALSE,,,,,compile failed (buggy): Command failed: defects4j compile -w work/JacksonDatabind_31,work/JacksonDatabind_31/src/test/java/com/fasterxml/jackson/databind/util/TokenBufferTest.java,82085
JacksonDatabind,32,com.fasterxml.jackson.databind.deser.std.UntypedObjectDeserializer,FALSE,,,,,compile failed (buggy): Command failed: defects4j compile -w work/JacksonDatabind_32,work/JacksonDatabind_32/src/test/java/com/fasterxml/jackson/databind/deser/std/UntypedObjectDeserializerTest.java,50155
JacksonDatabind,33,com.fasterxml.jackson.databind.introspect.JacksonAnnotationIntrospector,FALSE,,,,,compile failed (buggy): Command failed: defects4j compile -w work/JacksonDatabind_33,work/JacksonDatabind_33/src/test/java/com/fasterxml/jackson/databind/introspect/JacksonAnnotationIntrospectorTest.java,61312
JacksonDatabind,34,com.fasterxml.jackson.databind.ser.std.NumberSerializer,FALSE,,,,,compile failed (buggy): Command failed: defects4j compile -w work/JacksonDatabind_34,work/JacksonDatabind_34/src/test/java/com/fasterxml/jackson/databind/ser/std/NumberSerializerTest.java,26665
JacksonDatabind,35,com.fasterxml.jackson.databind.jsontype.impl.AsWrapperTypeDeserializer,FALSE,,,,,compile failed (buggy): Command failed: defects4j compile -w work/JacksonDatabind_35,work/JacksonDatabind_35/src/test/java/com/fasterxml/jackson/databind/jsontype/impl/AsWrapperTypeDeserializerTest.java,28224
JacksonDatabind,36,com.fasterxml.jackson.databind.util.StdDateFormat,TRUE,"['     Lines covered: 175', '  Conditions total: 130', 'Conditions covered: 100', '     Line coverage: 90.7%', 'Condition coverage: 76.9%']",FALSE,3,3,,work/JacksonDatabind_36/src/test/java/com/fasterxml/jackson/databind/util/StdDateFormatTest.java,43111
JacksonDatabind,37,com.fasterxml.jackson.databind.type.SimpleType,TRUE,"['     Lines covered: 61', '  Conditions total: 32', 'Conditions covered: 29', '     Line coverage: 91.0%', 'Condition coverage: 90.6%']",FALSE,0,,,work/JacksonDatabind_37/src/test/java/com/fasterxml/jackson/databind/type/SimpleTypeTest.java,32471
JacksonDatabind,38,com.fasterxml.jackson.databind.type.CollectionType,TRUE,"['     Lines covered: 92', '  Conditions total: 42', 'Conditions covered: 31', '     Line coverage: 75.4%', 'Condition coverage: 73.8%']",FALSE,0,,,work/JacksonDatabind_38/src/test/java/com/fasterxml/jackson/databind/type/CollectionTypeTest.java,27677
JacksonDatabind,38,com.fasterxml.jackson.databind.type.MapType,TRUE,"['     Lines covered: 97', '  Conditions total: 42', 'Conditions covered: 32', '     Line coverage: 79.5%', 'Condition coverage: 76.2%']",FALSE,0,,,work/JacksonDatabind_38/src/test/java/com/fasterxml/jackson/databind/type/MapTypeTest.java,28641
JacksonDatabind,38,com.fasterxml.jackson.databind.type.SimpleType,TRUE,"['     Lines covered: 112', '  Conditions total: 42', 'Conditions covered: 39', '     Line coverage: 91.8%', 'Condition coverage: 92.9%']",FALSE,0,,,work/JacksonDatabind_38/src/test/java/com/fasterxml/jackson/databind/type/SimpleTypeTest.java,32917
JacksonDatabind,39,com.fasterxml.jackson.databind.deser.std.NullifyingDeserializer,FALSE,,,,,compile failed (buggy): Command failed: defects4j compile -w work/JacksonDatabind_39,work/JacksonDatabind_39/src/test/java/com/fasterxml/jackson/databind/deser/std/NullifyingDeserializerTest.java,25063
JacksonDatabind,40,com.fasterxml.jackson.databind.deser.std.NumberDeserializers,FALSE,,,,,compile failed (buggy): Command failed: defects4j compile -w work/JacksonDatabind_40,work/JacksonDatabind_40/src/test/java/com/fasterxml/jackson/databind/deser/std/NumberDeserializersTest.java,47687
JacksonDatabind,41,com.fasterxml.jackson.databind.type.TypeFactory,FALSE,,,,,compile failed (buggy): Command failed: defects4j compile -w work/JacksonDatabind_41,work/JacksonDatabind_41/src/test/java/com/fasterxml/jackson/databind/type/TypeFactoryTest.java,77292
JacksonDatabind,42,com.fasterxml.jackson.databind.deser.std.FromStringDeserializer,FALSE,,,,,compile failed (buggy): Command failed: defects4j compile -w work/JacksonDatabind_42,work/JacksonDatabind_42/src/test/java/com/fasterxml/jackson/databind/deser/std/FromStringDeserializerTest.java,34273
JacksonDatabind,43,com.fasterxml.jackson.databind.deser.impl.ObjectIdValueProperty,FALSE,,,,,compile failed (buggy): Command failed: defects4j compile -w work/JacksonDatabind_43,work/JacksonDatabind_43/src/test/java/com/fasterxml/jackson/databind/deser/impl/ObjectIdValuePropertyTest.java,27272
JacksonDatabind,44,com.fasterxml.jackson.databind.type.SimpleType,FALSE,,,,,compile failed (buggy): Command failed: defects4j compile -w work/JacksonDatabind_44,work/JacksonDatabind_44/src/test/java/com/fasterxml/jackson/databind/type/SimpleTypeTest.java,33519
JacksonDatabind,45,com.fasterxml.jackson.databind.ser.std.DateTimeSerializerBase,FALSE,,,,,compile failed (buggy): Command failed: defects4j compile -w work/JacksonDatabind_45,work/JacksonDatabind_45/src/test/java/com/fasterxml/jackson/databind/ser/std/DateTimeSerializerBaseTest.java,29131
JacksonDatabind,46,com.fasterxml.jackson.databind.type.ReferenceType,FALSE,,,,,compile failed (buggy): Command failed: defects4j compile -w work/JacksonDatabind_46,work/JacksonDatabind_46/src/test/java/com/fasterxml/jackson/databind/type/ReferenceTypeTest.java,28783
JacksonDatabind,47,com.fasterxml.jackson.databind.AnnotationIntrospector,FALSE,,,,,compile failed (buggy): Command failed: defects4j compile -w work/JacksonDatabind_47,work/JacksonDatabind_47/src/test/java/com/fasterxml/jackson/databind/AnnotationIntrospectorTest.java,79781
JacksonDatabind,48,com.fasterxml.jackson.databind.DeserializationConfig,FALSE,,,,,compile failed (buggy): Command failed: defects4j compile -w work/JacksonDatabind_48,work/JacksonDatabind_48/src/test/java/com/fasterxml/jackson/databind/DeserializationConfigTest.java,58581
JacksonDatabind,48,com.fasterxml.jackson.databind.SerializationConfig,FALSE,,,,,compile failed (buggy): Command failed: defects4j compile -w work/JacksonDatabind_48,work/JacksonDatabind_48/src/test/java/com/fasterxml/jackson/databind/SerializationConfigTest.java,60785
JacksonDatabind,49,com.fasterxml.jackson.databind.ser.impl.WritableObjectId,FALSE,,,,,compile failed (buggy): Command failed: defects4j compile -w work/JacksonDatabind_49,work/JacksonDatabind_49/src/test/java/com/fasterxml/jackson/databind/ser/impl/WritableObjectIdTest.java,25842
JacksonDatabind,50,com.fasterxml.jackson.databind.deser.BeanDeserializer,FALSE,,,,,compile failed (buggy): Command failed: defects4j compile -w work/JacksonDatabind_50,work/JacksonDatabind_50/src/test/java/com/fasterxml/jackson/databind/deser/BeanDeserializerTest.java,60991
JacksonDatabind,51,com.fasterxml.jackson.databind.jsontype.impl.TypeDeserializerBase,FALSE,,,,,compile failed (buggy): Command failed: defects4j compile -w work/JacksonDatabind_51,work/JacksonDatabind_51/src/test/java/com/fasterxml/jackson/databind/jsontype/impl/TypeDeserializerBaseTest.java,35049
JacksonDatabind,52,com.fasterxml.jackson.databind.deser.BeanDeserializerBase,FALSE,,,,,compile failed (buggy): Command failed: defects4j compile -w work/JacksonDatabind_52,work/JacksonDatabind_52/src/test/java/com/fasterxml/jackson/databind/deser/BeanDeserializerBaseTest.java,90597
JacksonDatabind,52,com.fasterxml.jackson.databind.deser.impl.ExternalTypeHandler,FALSE,,,,,compile failed (buggy): Command failed: defects4j compile -w work/JacksonDatabind_52,work/JacksonDatabind_52/src/test/java/com/fasterxml/jackson/databind/deser/impl/ExternalTypeHandlerTest.java,38327
JacksonDatabind,53,com.fasterxml.jackson.databind.type.TypeBindings,FALSE,,,,,compile failed (buggy): Command failed: defects4j compile -w work/JacksonDatabind_53,work/JacksonDatabind_53/src/test/java/com/fasterxml/jackson/databind/type/TypeBindingsTest.java,38157
JacksonDatabind,53,com.fasterxml.jackson.databind.type.TypeFactory,FALSE,,,,,compile failed (buggy): Command failed: defects4j compile -w work/JacksonDatabind_53,work/JacksonDatabind_53/src/test/java/com/fasterxml/jackson/databind/type/TypeFactoryTest.java,78471
JacksonDatabind,54,com.fasterxml.jackson.databind.ser.PropertyBuilder,FALSE,,,,,compile failed (buggy): Command failed: defects4j compile -w work/JacksonDatabind_54,work/JacksonDatabind_54/src/test/java/com/fasterxml/jackson/databind/ser/PropertyBuilderTest.java,37895
JacksonDatabind,55,com.fasterxml.jackson.databind.ser.std.StdKeySerializers,TRUE,"['     Lines covered: 57', '  Conditions total: 37', 'Conditions covered: 34', '     Line coverage: 93.4%', 'Condition coverage: 91.9%']",FALSE,0,,,work/JacksonDatabind_55/src/test/java/com/fasterxml/jackson/databind/ser/std/StdKeySerializersTest.java,31530
JacksonDatabind,56,com.fasterxml.jackson.databind.deser.std.FromStringDeserializer,FALSE,,,,,compile failed (buggy): Command failed: defects4j compile -w work/JacksonDatabind_56,work/JacksonDatabind_56/src/test/java/com/fasterxml/jackson/databind/deser/std/FromStringDeserializerTest.java,34405
JacksonDatabind,57,com.fasterxml.jackson.databind.ObjectReader,FALSE,,,,,compile failed (buggy): Command failed: defects4j compile -w work/JacksonDatabind_57,work/JacksonDatabind_57/src/test/java/com/fasterxml/jackson/databind/ObjectReaderTest.java,91972
JacksonDatabind,58,com.fasterxml.jackson.databind.deser.BeanDeserializerFactory,TRUE,"['     Lines covered: 295', '  Conditions total: 196', 'Conditions covered: 160', '     Line coverage: 91.9%', 'Condition coverage: 81.6%']",FALSE,3,3,,work/JacksonDatabind_58/src/test/java/com/fasterxml/jackson/databind/deser/BeanDeserializerFactoryTest.java,61829
JacksonDatabind,59,com.fasterxml.jackson.databind.JavaType,FALSE,,,,,compile failed (buggy): Command failed: defects4j compile -w work/JacksonDatabind_59,work/JacksonDatabind_59/src/test/java/com/fasterxml/jackson/databind/JavaTypeTest.java,41239
JacksonDatabind,59,com.fasterxml.jackson.databind.type.CollectionLikeType,FALSE,,,,,compile failed (buggy): Command failed: defects4j compile -w work/JacksonDatabind_59,work/JacksonDatabind_59/src/test/java/com/fasterxml/jackson/databind/type/CollectionLikeTypeTest.java,31584
JacksonDatabind,59,com.fasterxml.jackson.databind.type.MapLikeType,FALSE,,,,,compile failed (buggy): Command failed: defects4j compile -w work/JacksonDatabind_59,work/JacksonDatabind_59/src/test/java/com/fasterxml/jackson/databind/type/MapLikeTypeTest.java,32623
JacksonDatabind,59,com.fasterxml.jackson.databind.type.TypeFactory,FALSE,,,,,compile failed (buggy): Command failed: defects4j compile -w work/JacksonDatabind_59,work/JacksonDatabind_59/src/test/java/com/fasterxml/jackson/databind/type/TypeFactoryTest.java,80408
JacksonDatabind,60,com.fasterxml.jackson.databind.ser.std.JsonValueSerializer,FALSE,,,,,compile failed (buggy): Command failed: defects4j compile -w work/JacksonDatabind_60,work/JacksonDatabind_60/src/test/java/com/fasterxml/jackson/databind/ser/std/JsonValueSerializerTest.java,38521
JacksonDatabind,61,com.fasterxml.jackson.databind.ObjectMapper,TRUE,"['     Lines covered: 527', '  Conditions total: 242', 'Conditions covered: 162', '     Line coverage: 71.5%', 'Condition coverage: 66.9%']",FALSE,1,1,,work/JacksonDatabind_61/src/test/java/com/fasterxml/jackson/databind/ObjectMapperTest.java,178486
JacksonDatabind,61,com.fasterxml.jackson.databind.jsontype.impl.StdTypeResolverBuilder,TRUE,"['     Lines covered: 532', '  Conditions total: 242', 'Conditions covered: 167', '     Line coverage: 72.2%', 'Condition coverage: 69.0%']",FALSE,2,2,,work/JacksonDatabind_61/src/test/java/com/fasterxml/jackson/databind/jsontype/impl/StdTypeResolverBuilderTest.java,31976
JacksonDatabind,62,com.fasterxml.jackson.databind.deser.std.CollectionDeserializer,FALSE,,,,,compile failed (buggy): Command failed: defects4j compile -w work/JacksonDatabind_62,work/JacksonDatabind_62/src/test/java/com/fasterxml/jackson/databind/deser/std/CollectionDeserializerTest.java,40461
JacksonDatabind,63,com.fasterxml.jackson.databind.JsonMappingException,TRUE,"['     Lines covered: 111', '  Conditions total: 44', 'Conditions covered: 41', '     Line coverage: 90.2%', 'Condition coverage: 93.2%']",FALSE,1,1,,work/JacksonDatabind_63/src/test/java/com/fasterxml/jackson/databind/JsonMappingExceptionTest.java,40539
JacksonDatabind,64,com.fasterxml.jackson.databind.ser.PropertyBuilder,FALSE,,,,,compile failed (buggy): Command failed: defects4j compile -w work/JacksonDatabind_64,work/JacksonDatabind_64/src/test/java/com/fasterxml/jackson/databind/ser/PropertyBuilderTest.java,40428
JacksonDatabind,66,com.fasterxml.jackson.databind.deser.std.StdKeyDeserializer,FALSE,,,,,compile failed (buggy): Command failed: defects4j compile -w work/JacksonDatabind_66,work/JacksonDatabind_66/src/test/java/com/fasterxml/jackson/databind/deser/std/StdKeyDeserializerTest.java,38764
JacksonDatabind,67,com.fasterxml.jackson.databind.deser.BasicDeserializerFactory,FALSE,,,,,compile failed (buggy): Command failed: defects4j compile -w work/JacksonDatabind_67,work/JacksonDatabind_67/src/test/java/com/fasterxml/jackson/databind/deser/BasicDeserializerFactoryTest.java,112408
JacksonDatabind,68,com.fasterxml.jackson.databind.deser.BeanDeserializerBase,FALSE,,,,,compile failed (buggy): Command failed: defects4j compile -w work/JacksonDatabind_68,work/JacksonDatabind_68/src/test/java/com/fasterxml/jackson/databind/deser/BeanDeserializerBaseTest.java,91088
JacksonDatabind,69,com.fasterxml.jackson.databind.deser.impl.CreatorCollector,FALSE,,,,,compile failed (buggy): Command failed: defects4j compile -w work/JacksonDatabind_69,work/JacksonDatabind_69/src/test/java/com/fasterxml/jackson/databind/deser/impl/CreatorCollectorTest.java,37617
JacksonDatabind,70,com.fasterxml.jackson.databind.deser.impl.BeanPropertyMap,FALSE,,,,,compile failed (buggy): Command failed: defects4j compile -w work/JacksonDatabind_70,work/JacksonDatabind_70/src/test/java/com/fasterxml/jackson/databind/deser/impl/BeanPropertyMapTest.java,43915
JacksonDatabind,71,com.fasterxml.jackson.databind.deser.std.StdKeyDeserializer,TRUE,"['     Lines covered: 133', '  Conditions total: 95', 'Conditions covered: 86', '     Line coverage: 89.3%', 'Condition coverage: 90.5%']",FALSE,1,1,,work/JacksonDatabind_71/src/test/java/com/fasterxml/jackson/databind/deser/std/StdKeyDeserializerTest.java,37952
JacksonDatabind,72,com.fasterxml.jackson.databind.deser.impl.InnerClassProperty,FALSE,,,,,compile failed (buggy): Command failed: defects4j compile -w work/JacksonDatabind_72,work/JacksonDatabind_72/src/test/java/com/fasterxml/jackson/databind/deser/impl/InnerClassPropertyTest.java,28800
JacksonDatabind,73,com.fasterxml.jackson.databind.introspect.POJOPropertiesCollector,FALSE,,,,,compile failed (buggy): Command failed: defects4j compile -w work/JacksonDatabind_73,work/JacksonDatabind_73/src/test/java/com/fasterxml/jackson/databind/introspect/POJOPropertiesCollectorTest.java,64545
JacksonDatabind,73,com.fasterxml.jackson.databind.introspect.POJOPropertyBuilder,FALSE,,,,,compile failed (buggy): Command failed: defects4j compile -w work/JacksonDatabind_73,work/JacksonDatabind_73/src/test/java/com/fasterxml/jackson/databind/introspect/POJOPropertyBuilderTest.java,65575
JacksonDatabind,74,com.fasterxml.jackson.databind.jsontype.impl.AsPropertyTypeDeserializer,FALSE,,,,,compile failed (buggy): Command failed: defects4j compile -w work/JacksonDatabind_74,work/JacksonDatabind_74/src/test/java/com/fasterxml/jackson/databind/jsontype/impl/AsPropertyTypeDeserializerTest.java,30913
JacksonDatabind,75,com.fasterxml.jackson.databind.ser.std.EnumSerializer,FALSE,,,,,compile failed (buggy): Command failed: defects4j compile -w work/JacksonDatabind_75,work/JacksonDatabind_75/src/test/java/com/fasterxml/jackson/databind/ser/std/EnumSerializerTest.java,31956
JacksonDatabind,76,com.fasterxml.jackson.databind.deser.BuilderBasedDeserializer,FALSE,,,,,compile failed (buggy): Command failed: defects4j compile -w work/JacksonDatabind_76,work/JacksonDatabind_76/src/test/java/com/fasterxml/jackson/databind/deser/BuilderBasedDeserializerTest.java,51185
JacksonDatabind,77,com.fasterxml.jackson.databind.deser.BeanDeserializerFactory,TRUE,"['     Lines covered: 299', '  Conditions total: 202', 'Conditions covered: 166', '     Line coverage: 92.3%', 'Condition coverage: 82.2%']",FALSE,5,5,,work/JacksonDatabind_77/src/test/java/com/fasterxml/jackson/databind/deser/BeanDeserializerFactoryTest.java,62295
JacksonDatabind,78,com.fasterxml.jackson.databind.deser.BeanDeserializerFactory,TRUE,"['     Lines covered: 306', '  Conditions total: 210', 'Conditions covered: 174', '     Line coverage: 90.5%', 'Condition coverage: 82.9%']",FALSE,3,3,,work/JacksonDatabind_78/src/test/java/com/fasterxml/jackson/databind/deser/BeanDeserializerFactoryTest.java,63632
JacksonDatabind,79,com.fasterxml.jackson.databind.introspect.JacksonAnnotationIntrospector,FALSE,,,,,compile failed (buggy): Command failed: defects4j compile -w work/JacksonDatabind_79,work/JacksonDatabind_79/src/test/java/com/fasterxml/jackson/databind/introspect/JacksonAnnotationIntrospectorTest.java,69891
JacksonDatabind,79,com.fasterxml.jackson.databind.introspect.ObjectIdInfo,FALSE,,,,,compile failed (buggy): Command failed: defects4j compile -w work/JacksonDatabind_79,work/JacksonDatabind_79/src/test/java/com/fasterxml/jackson/databind/introspect/ObjectIdInfoTest.java,26409
JacksonDatabind,79,com.fasterxml.jackson.databind.ser.std.BeanSerializerBase,FALSE,,,,,compile failed (buggy): Command failed: defects4j compile -w work/JacksonDatabind_79,work/JacksonDatabind_79/src/test/java/com/fasterxml/jackson/databind/ser/std/BeanSerializerBaseTest.java,56995
JacksonDatabind,80,com.fasterxml.jackson.databind.jsontype.impl.StdSubtypeResolver,FALSE,,,,,compile failed (buggy): Command failed: defects4j compile -w work/JacksonDatabind_80,work/JacksonDatabind_80/src/test/java/com/fasterxml/jackson/databind/jsontype/impl/StdSubtypeResolverTest.java,35575
JacksonDatabind,81,com.fasterxml.jackson.databind.introspect.JacksonAnnotationIntrospector,TRUE,"['     Lines covered: 454', '  Conditions total: 365', 'Conditions covered: 298', '     Line coverage: 85.3%', 'Condition coverage: 81.6%']",FALSE,1,1,,work/JacksonDatabind_81/src/test/java/com/fasterxml/jackson/databind/introspect/JacksonAnnotationIntrospectorTest.java,77955
JacksonDatabind,82,com.fasterxml.jackson.databind.deser.BeanDeserializerFactory,FALSE,,,,,compile failed (buggy): Command failed: defects4j compile -w work/JacksonDatabind_82,work/JacksonDatabind_82/src/test/java/com/fasterxml/jackson/databind/deser/BeanDeserializerFactoryTest.java,65032
JacksonDatabind,83,com.fasterxml.jackson.databind.deser.std.FromStringDeserializer,TRUE,"['     Lines covered: 110', '  Conditions total: 88', 'Conditions covered: 78', '     Line coverage: 90.2%', 'Condition coverage: 88.6%']",FALSE,1,1,,work/JacksonDatabind_83/src/test/java/com/fasterxml/jackson/databind/deser/std/FromStringDeserializerTest.java,35099
JacksonDatabind,84,com.fasterxml.jackson.databind.type.ResolvedRecursiveType,TRUE,"['     Lines covered: 28', '  Conditions total: 14', 'Conditions covered: 13', '     Line coverage: 93.3%', 'Condition coverage: 92.9%']",FALSE,1,1,,work/JacksonDatabind_84/src/test/java/com/fasterxml/jackson/databind/type/ResolvedRecursiveTypeTest.java,26422
JacksonDatabind,85,com.fasterxml.jackson.databind.ser.std.DateTimeSerializerBase,FALSE,,,,,compile failed (buggy): Command failed: defects4j compile -w work/JacksonDatabind_85,work/JacksonDatabind_85/src/test/java/com/fasterxml/jackson/databind/ser/std/DateTimeSerializerBaseTest.java,29729
JacksonDatabind,86,com.fasterxml.jackson.databind.type.ResolvedRecursiveType,TRUE,"['     Lines covered: 21', '  Conditions total: 14', 'Conditions covered: 13', '     Line coverage: 70.0%', 'Condition coverage: 92.9%']",FALSE,2,2,,work/JacksonDatabind_86/src/test/java/com/fasterxml/jackson/databind/type/ResolvedRecursiveTypeTest.java,26422
JacksonDatabind,87,com.fasterxml.jackson.databind.util.StdDateFormat,TRUE,"['     Lines covered: 188', '  Conditions total: 136', 'Conditions covered: 114', '     Line coverage: 93.1%', 'Condition coverage: 83.8%']",FALSE,3,3,,work/JacksonDatabind_87/src/test/java/com/fasterxml/jackson/databind/util/StdDateFormatTest.java,44252
JacksonDatabind,88,com.fasterxml.jackson.databind.jsontype.impl.ClassNameIdResolver,FALSE,,,,,compile failed (buggy): Command failed: defects4j compile -w work/JacksonDatabind_88,work/JacksonDatabind_88/src/test/java/com/fasterxml/jackson/databind/jsontype/impl/ClassNameIdResolverTest.java,30225
JacksonDatabind,90,com.fasterxml.jackson.databind.deser.ValueInstantiator,FALSE,,,,,compile failed (buggy): Command failed: defects4j compile -w work/JacksonDatabind_90,work/JacksonDatabind_90/src/test/java/com/fasterxml/jackson/databind/deser/ValueInstantiatorTest.java,39947
JacksonDatabind,90,com.fasterxml.jackson.databind.deser.std.StdValueInstantiator,FALSE,,,,,compile failed (buggy): Command failed: defects4j compile -w work/JacksonDatabind_90,work/JacksonDatabind_90/src/test/java/com/fasterxml/jackson/databind/deser/std/StdValueInstantiatorTest.java,41428
JacksonDatabind,91,com.fasterxml.jackson.databind.deser.DeserializerCache,FALSE,,,,,compile failed (buggy): Command failed: defects4j compile -w work/JacksonDatabind_91,work/JacksonDatabind_91/src/test/java/com/fasterxml/jackson/databind/deser/DeserializerCacheTest.java,48103
JacksonDatabind,92,com.fasterxml.jackson.databind.deser.BeanDeserializerFactory,FALSE,,,,,compile failed (buggy): Command failed: defects4j compile -w work/JacksonDatabind_92,work/JacksonDatabind_92/src/test/java/com/fasterxml/jackson/databind/deser/BeanDeserializerFactoryTest.java,64255
JacksonDatabind,93,com.fasterxml.jackson.databind.jsontype.impl.SubTypeValidator,FALSE,,,,,compile failed (buggy): Command failed: defects4j compile -w work/JacksonDatabind_93,work/JacksonDatabind_93/src/test/java/com/fasterxml/jackson/databind/jsontype/impl/SubTypeValidatorTest.java,27882
JacksonDatabind,94,com.fasterxml.jackson.databind.jsontype.impl.SubTypeValidator,FALSE,,,,,compile failed (buggy): Command failed: defects4j compile -w work/JacksonDatabind_94,work/JacksonDatabind_94/src/test/java/com/fasterxml/jackson/databind/jsontype/impl/SubTypeValidatorTest.java,28405
JacksonDatabind,95,com.fasterxml.jackson.databind.type.TypeFactory,TRUE,"['     Lines covered: 421', '  Conditions total: 271', 'Conditions covered: 241', '     Line coverage: 91.7%', 'Condition coverage: 88.9%']",FALSE,2,2,,work/JacksonDatabind_95/src/test/java/com/fasterxml/jackson/databind/type/TypeFactoryTest.java,80775
JacksonDatabind,95,com.fasterxml.jackson.databind.type.TypeParser,FALSE,,,,,compile failed (buggy): Command failed: defects4j compile -w work/JacksonDatabind_95,work/JacksonDatabind_95/src/test/java/com/fasterxml/jackson/databind/type/TypeParserTest.java,27827
JacksonDatabind,96,com.fasterxml.jackson.databind.deser.BasicDeserializerFactory,FALSE,,,,,compile failed (buggy): Command failed: defects4j compile -w work/JacksonDatabind_96,work/JacksonDatabind_96/src/test/java/com/fasterxml/jackson/databind/deser/BasicDeserializerFactoryTest.java,122948
JacksonDatabind,97,com.fasterxml.jackson.databind.node.POJONode,TRUE,"['     Lines covered: 41', '  Conditions total: 34', 'Conditions covered: 34', '     Line coverage: 100.0%', 'Condition coverage: 100.0%']",FALSE,1,1,,work/JacksonDatabind_97/src/test/java/com/fasterxml/jackson/databind/node/POJONodeTest.java,28245
JacksonDatabind,98,com.fasterxml.jackson.databind.deser.impl.ExternalTypeHandler,FALSE,,,,,compile failed (buggy): Command failed: defects4j compile -w work/JacksonDatabind_98,work/JacksonDatabind_98/src/test/java/com/fasterxml/jackson/databind/deser/impl/ExternalTypeHandlerTest.java,42577
JacksonDatabind,99,com.fasterxml.jackson.databind.type.ReferenceType,FALSE,,,,,compile failed (buggy): Command failed: defects4j compile -w work/JacksonDatabind_99,work/JacksonDatabind_99/src/test/java/com/fasterxml/jackson/databind/type/ReferenceTypeTest.java,32351
JacksonDatabind,100,com.fasterxml.jackson.databind.node.TreeTraversingParser,FALSE,,,,,compile failed (buggy): Command failed: defects4j compile -w work/JacksonDatabind_100,work/JacksonDatabind_100/src/test/java/com/fasterxml/jackson/databind/node/TreeTraversingParserTest.java,35555
JacksonDatabind,101,com.fasterxml.jackson.databind.deser.BeanDeserializer,FALSE,,,,,compile failed (buggy): Command failed: defects4j compile -w work/JacksonDatabind_101,work/JacksonDatabind_101/src/test/java/com/fasterxml/jackson/databind/deser/BeanDeserializerTest.java,66261
JacksonDatabind,102,com.fasterxml.jackson.databind.ser.std.DateTimeSerializerBase,TRUE,"['     Lines covered: 66', '  Conditions total: 52', 'Conditions covered: 44', '     Line coverage: 93.0%', 'Condition coverage: 84.6%']",FALSE,3,4,,work/JacksonDatabind_102/src/test/java/com/fasterxml/jackson/databind/ser/std/DateTimeSerializerBaseTest.java,32402
JacksonDatabind,103,com.fasterxml.jackson.databind.DatabindContext,FALSE,,,,,compile failed (buggy): Command failed: defects4j compile -w work/JacksonDatabind_103,work/JacksonDatabind_103/src/test/java/com/fasterxml/jackson/databind/DatabindContextTest.java,36334
JacksonDatabind,103,com.fasterxml.jackson.databind.DeserializationContext,FALSE,,,,,compile failed (buggy): Command failed: defects4j compile -w work/JacksonDatabind_103,work/JacksonDatabind_103/src/test/java/com/fasterxml/jackson/databind/DeserializationContextTest.java,92916
JacksonDatabind,103,com.fasterxml.jackson.databind.JsonMappingException,FALSE,,,,,compile failed (buggy): Command failed: defects4j compile -w work/JacksonDatabind_103,work/JacksonDatabind_103/src/test/java/com/fasterxml/jackson/databind/JsonMappingExceptionTest.java,41080
JacksonDatabind,103,com.fasterxml.jackson.databind.SerializerProvider,FALSE,,,,,compile failed (buggy): Command failed: defects4j compile -w work/JacksonDatabind_103,work/JacksonDatabind_103/src/test/java/com/fasterxml/jackson/databind/SerializerProviderTest.java,78105
JacksonDatabind,103,com.fasterxml.jackson.databind.deser.BasicDeserializerFactory,FALSE,,,,,compile failed (buggy): Command failed: defects4j compile -w work/JacksonDatabind_103,work/JacksonDatabind_103/src/test/java/com/fasterxml/jackson/databind/deser/BasicDeserializerFactoryTest.java,122939
JacksonDatabind,103,com.fasterxml.jackson.databind.deser.BeanDeserializerFactory,FALSE,,,,,compile failed (buggy): Command failed: defects4j compile -w work/JacksonDatabind_103,work/JacksonDatabind_103/src/test/java/com/fasterxml/jackson/databind/deser/BeanDeserializerFactoryTest.java,66099
JacksonDatabind,103,com.fasterxml.jackson.databind.deser.DeserializerCache,FALSE,,,,,compile failed (buggy): Command failed: defects4j compile -w work/JacksonDatabind_103,work/JacksonDatabind_103/src/test/java/com/fasterxml/jackson/databind/deser/DeserializerCacheTest.java,48812
JacksonDatabind,103,com.fasterxml.jackson.databind.deser.SettableAnyProperty,FALSE,,,,,compile failed (buggy): Command failed: defects4j compile -w work/JacksonDatabind_103,work/JacksonDatabind_103/src/test/java/com/fasterxml/jackson/databind/deser/SettableAnyPropertyTest.java,32608
JacksonDatabind,103,com.fasterxml.jackson.databind.deser.SettableBeanProperty,FALSE,,,,,compile failed (buggy): Command failed: defects4j compile -w work/JacksonDatabind_103,work/JacksonDatabind_103/src/test/java/com/fasterxml/jackson/databind/deser/SettableBeanPropertyTest.java,50089
JacksonDatabind,103,com.fasterxml.jackson.databind.deser.std.StdDeserializer,FALSE,,,,,compile failed (buggy): Command failed: defects4j compile -w work/JacksonDatabind_103,work/JacksonDatabind_103/src/test/java/com/fasterxml/jackson/databind/deser/std/StdDeserializerTest.java,70101
JacksonDatabind,103,com.fasterxml.jackson.databind.deser.std.StdKeyDeserializer,FALSE,,,,,compile failed (buggy): Command failed: defects4j compile -w work/JacksonDatabind_103,work/JacksonDatabind_103/src/test/java/com/fasterxml/jackson/databind/deser/std/StdKeyDeserializerTest.java,39771
JacksonDatabind,103,com.fasterxml.jackson.databind.deser.std.StdValueInstantiator,FALSE,,,,,compile failed (buggy): Command failed: defects4j compile -w work/JacksonDatabind_103,work/JacksonDatabind_103/src/test/java/com/fasterxml/jackson/databind/deser/std/StdValueInstantiatorTest.java,41849
JacksonDatabind,103,com.fasterxml.jackson.databind.introspect.BasicBeanDescription,FALSE,,,,,compile failed (buggy): Command failed: defects4j compile -w work/JacksonDatabind_103,work/JacksonDatabind_103/src/test/java/com/fasterxml/jackson/databind/introspect/BasicBeanDescriptionTest.java,49227
JacksonDatabind,103,com.fasterxml.jackson.databind.ser.DefaultSerializerProvider,FALSE,,,,,compile failed (buggy): Command failed: defects4j compile -w work/JacksonDatabind_103,work/JacksonDatabind_103/src/test/java/com/fasterxml/jackson/databind/ser/DefaultSerializerProviderTest.java,46668
JacksonDatabind,103,com.fasterxml.jackson.databind.ser.PropertyBuilder,FALSE,,,,,compile failed (buggy): Command failed: defects4j compile -w work/JacksonDatabind_103,work/JacksonDatabind_103/src/test/java/com/fasterxml/jackson/databind/ser/PropertyBuilderTest.java,40600
JacksonDatabind,103,com.fasterxml.jackson.databind.util.ClassUtil,FALSE,,,,,compile failed (buggy): Command failed: defects4j compile -w work/JacksonDatabind_103,work/JacksonDatabind_103/src/test/java/com/fasterxml/jackson/databind/util/ClassUtilTest.java,66265
JacksonDatabind,104,com.fasterxml.jackson.databind.util.StdDateFormat,TRUE,"['     Lines covered: 251', '  Conditions total: 123', 'Conditions covered: 104', '     Line coverage: 92.3%', 'Condition coverage: 84.6%']",FALSE,2,2,,work/JacksonDatabind_104/src/test/java/com/fasterxml/jackson/databind/util/StdDateFormatTest.java,50599
JacksonDatabind,105,com.fasterxml.jackson.databind.deser.std.JdkDeserializers,FALSE,,,,,compile failed (buggy): Command failed: defects4j compile -w work/JacksonDatabind_105,work/JacksonDatabind_105/src/test/java/com/fasterxml/jackson/databind/deser/std/JdkDeserializersTest.java,25191
JacksonDatabind,106,com.fasterxml.jackson.databind.node.TreeTraversingParser,TRUE,"['     Lines covered: 114', '  Conditions total: 77', 'Conditions covered: 60', '     Line coverage: 94.2%', 'Condition coverage: 77.9%']",FALSE,2,2,,work/JacksonDatabind_106/src/test/java/com/fasterxml/jackson/databind/node/TreeTraversingParserTest.java,35320
JacksonDatabind,107,com.fasterxml.jackson.databind.jsontype.impl.TypeDeserializerBase,FALSE,,,,,compile failed (buggy): Command failed: defects4j compile -w work/JacksonDatabind_107,work/JacksonDatabind_107/src/test/java/com/fasterxml/jackson/databind/jsontype/impl/TypeDeserializerBaseTest.java,35283
JacksonDatabind,108,com.fasterxml.jackson.databind.ObjectReader,FALSE,,,,,compile failed (buggy): Command failed: defects4j compile -w work/JacksonDatabind_108,work/JacksonDatabind_108/src/test/java/com/fasterxml/jackson/databind/ObjectReaderTest.java,95801
JacksonDatabind,109,com.fasterxml.jackson.databind.ser.std.NumberSerializer,FALSE,,,,,compile failed (buggy): Command failed: defects4j compile -w work/JacksonDatabind_109,work/JacksonDatabind_109/src/test/java/com/fasterxml/jackson/databind/ser/std/NumberSerializerTest.java,27789
JacksonDatabind,109,com.fasterxml.jackson.databind.ser.std.NumberSerializers,FALSE,,,,,compile failed (buggy): Command failed: defects4j compile -w work/JacksonDatabind_109,work/JacksonDatabind_109/src/test/java/com/fasterxml/jackson/databind/ser/std/NumberSerializersTest.java,32465
JacksonDatabind,110,com.fasterxml.jackson.databind.deser.impl.JavaUtilCollectionsDeserializers,FALSE,,,,,compile failed (buggy): Command failed: defects4j compile -w work/JacksonDatabind_110,work/JacksonDatabind_110/src/test/java/com/fasterxml/jackson/databind/deser/impl/JavaUtilCollectionsDeserializersTest.java,30800
JacksonDatabind,111,com.fasterxml.jackson.databind.deser.CreatorProperty,FALSE,,,,,compile failed (buggy): Command failed: defects4j compile -w work/JacksonDatabind_111,work/JacksonDatabind_111/src/test/java/com/fasterxml/jackson/databind/deser/CreatorPropertyTest.java,32980
JacksonDatabind,111,com.fasterxml.jackson.databind.deser.impl.FieldProperty,FALSE,,,,,compile failed (buggy): Command failed: defects4j compile -w work/JacksonDatabind_111,work/JacksonDatabind_111/src/test/java/com/fasterxml/jackson/databind/deser/impl/FieldPropertyTest.java,30446
JacksonDatabind,111,com.fasterxml.jackson.databind.deser.impl.MethodProperty,FALSE,,,,,compile failed (buggy): Command failed: defects4j compile -w work/JacksonDatabind_111,work/JacksonDatabind_111/src/test/java/com/fasterxml/jackson/databind/deser/impl/MethodPropertyTest.java,30248
JacksonDatabind,111,com.fasterxml.jackson.databind.deser.impl.ObjectIdReferenceProperty,FALSE,,,,,compile failed (buggy): Command failed: defects4j compile -w work/JacksonDatabind_111,work/JacksonDatabind_111/src/test/java/com/fasterxml/jackson/databind/deser/impl/ObjectIdReferencePropertyTest.java,28079
JacksonDatabind,111,com.fasterxml.jackson.databind.deser.impl.ObjectIdValueProperty,FALSE,,,,,compile failed (buggy): Command failed: defects4j compile -w work/JacksonDatabind_111,work/JacksonDatabind_111/src/test/java/com/fasterxml/jackson/databind/deser/impl/ObjectIdValuePropertyTest.java,27729
JacksonDatabind,111,com.fasterxml.jackson.databind.deser.impl.SetterlessProperty,FALSE,,,,,compile failed (buggy): Command failed: defects4j compile -w work/JacksonDatabind_111,work/JacksonDatabind_111/src/test/java/com/fasterxml/jackson/databind/deser/impl/SetterlessPropertyTest.java,29096
JacksonDatabind,111,com.fasterxml.jackson.databind.deser.std.AtomicReferenceDeserializer,FALSE,,,,,compile failed (buggy): Command failed: defects4j compile -w work/JacksonDatabind_111,work/JacksonDatabind_111/src/test/java/com/fasterxml/jackson/databind/deser/std/AtomicReferenceDeserializerTest.java,25717
JacksonDatabind,112,com.fasterxml.jackson.databind.deser.std.StringCollectionDeserializer,FALSE,,,,,compile failed (buggy): Command failed: defects4j compile -w work/JacksonDatabind_112,work/JacksonDatabind_112/src/test/java/com/fasterxml/jackson/databind/deser/std/StringCollectionDeserializerTest.java,34864
JacksonXml,1,com.fasterxml.jackson.dataformat.xml.deser.FromXmlParser,FALSE,,,,,compile failed (buggy): Command failed: defects4j compile -w work/JacksonXml_1,work/JacksonXml_1/src/test/java/com/fasterxml/jackson/dataformat/xml/deser/FromXmlParserTest.java,44809
JacksonXml,2,com.fasterxml.jackson.dataformat.xml.deser.XmlTokenStream,FALSE,,,,,compile failed (buggy): Command failed: defects4j compile -w work/JacksonXml_2,work/JacksonXml_2/src/test/java/com/fasterxml/jackson/dataformat/xml/deser/XmlTokenStreamTest.java,31916
JacksonXml,3,com.fasterxml.jackson.dataformat.xml.deser.FromXmlParser,FALSE,,,,,compile failed (buggy): Command failed: defects4j compile -w work/JacksonXml_3,work/JacksonXml_3/src/test/java/com/fasterxml/jackson/dataformat/xml/deser/FromXmlParserTest.java,45560
JacksonXml,4,com.fasterxml.jackson.dataformat.xml.ser.XmlSerializerProvider,TRUE,"['     Lines covered: 89', '  Conditions total: 58', 'Conditions covered: 37', '     Line coverage: 74.8%', 'Condition coverage: 63.8%']",FALSE,1,2,,work/JacksonXml_4/src/test/java/com/fasterxml/jackson/dataformat/xml/ser/XmlSerializerProviderTest.java,22401
JacksonXml,5,com.fasterxml.jackson.dataformat.xml.ser.XmlSerializerProvider,FALSE,,,,,compile failed (buggy): Command failed: defects4j compile -w work/JacksonXml_5,work/JacksonXml_5/src/test/java/com/fasterxml/jackson/dataformat/xml/ser/XmlSerializerProviderTest.java,21236
JacksonXml,6,com.fasterxml.jackson.dataformat.xml.ser.ToXmlGenerator,FALSE,,,,,compile failed (buggy): Command failed: defects4j compile -w work/JacksonXml_6,work/JacksonXml_6/src/test/java/com/fasterxml/jackson/dataformat/xml/ser/ToXmlGeneratorTest.java,55500
Jsoup,1,org.jsoup.nodes.Document,TRUE,"['     Lines covered: 46', '  Conditions total: 18', 'Conditions covered: 18', '     Line coverage: 100.0%', 'Condition coverage: 100.0%']",FALSE,1,1,,work/Jsoup_1/src/test/java/org/jsoup/nodes/DocumentTest.java,8644
Jsoup,2,org.jsoup.parser.Parser,TRUE,"['     Lines covered: 160', '  Conditions total: 86', 'Conditions covered: 80', '     Line coverage: 98.8%', 'Condition coverage: 93.0%']",FALSE,0,,,work/Jsoup_2/src/test/java/org/jsoup/parser/ParserTest.java,14100
Jsoup,3,org.jsoup.nodes.Element,FALSE,,,,,compile failed (buggy): Command failed: defects4j compile -w work/Jsoup_3,work/Jsoup_3/src/test/java/org/jsoup/nodes/ElementTest.java,32170
Jsoup,3,org.jsoup.parser.Parser,FALSE,,,,,compile failed (buggy): Command failed: defects4j compile -w work/Jsoup_3,work/Jsoup_3/src/test/java/org/jsoup/parser/ParserTest.java,14607
Jsoup,3,org.jsoup.parser.Tag,FALSE,,,,,compile failed (buggy): Command failed: defects4j compile -w work/Jsoup_3,work/Jsoup_3/src/test/java/org/jsoup/parser/TagTest.java,17461
Jsoup,4,org.jsoup.nodes.Entities,FALSE,,,,,compile failed (buggy): Command failed: defects4j compile -w work/Jsoup_4,work/Jsoup_4/src/test/java/org/jsoup/nodes/EntitiesTest.java,79752
Jsoup,5,org.jsoup.parser.Parser,FALSE,,,,,compile failed (buggy): Command failed: defects4j compile -w work/Jsoup_5,work/Jsoup_5/src/test/java/org/jsoup/parser/ParserTest.java,15389
Jsoup,6,org.jsoup.nodes.Entities,TRUE,,FALSE,2,2,coverage failed: Command failed: defects4j coverage -w work/Jsoup_6,work/Jsoup_6/src/test/java/org/jsoup/nodes/EntitiesTest.java,79740
Jsoup,7,org.jsoup.nodes.Document,FALSE,,,,,compile failed (buggy): Command failed: defects4j compile -w work/Jsoup_7,work/Jsoup_7/src/test/java/org/jsoup/nodes/DocumentTest.java,13762
Jsoup,8,org.jsoup.nodes.Node,FALSE,,,,,compile failed (buggy): Command failed: defects4j compile -w work/Jsoup_8,work/Jsoup_8/src/test/java/org/jsoup/nodes/NodeTest.java,17419
Jsoup,9,org.jsoup.nodes.Entities,TRUE,,FALSE,1,1,coverage failed: Command failed: defects4j coverage -w work/Jsoup_9,work/Jsoup_9/src/test/java/org/jsoup/nodes/EntitiesTest.java,80815
Jsoup,10,org.jsoup.nodes.Node,TRUE,"['     Lines covered: 150', '  Conditions total: 48', 'Conditions covered: 44', '     Line coverage: 97.4%', 'Condition coverage: 91.7%']",FALSE,0,,,work/Jsoup_10/src/test/java/org/jsoup/nodes/NodeTest.java,18977
Jsoup,11,org.jsoup.select.Selector,FALSE,,,,,compile failed (buggy): Command failed: defects4j compile -w work/Jsoup_11,work/Jsoup_11/src/test/java/org/jsoup/select/SelectorTest.java,22951
Jsoup,12,org.jsoup.select.Selector,FALSE,,,,,compile failed (buggy): Command failed: defects4j compile -w work/Jsoup_12,work/Jsoup_12/src/test/java/org/jsoup/select/SelectorTest.java,23822
Jsoup,13,org.jsoup.nodes.Node,TRUE,"['     Lines covered: 186', '  Conditions total: 64', 'Conditions covered: 55', '     Line coverage: 95.9%', 'Condition coverage: 85.9%']",FALSE,2,2,,work/Jsoup_13/src/test/java/org/jsoup/nodes/NodeTest.java,22385
Jsoup,14,org.jsoup.parser.Tokeniser,TRUE,"['     Lines covered: 721', '  Conditions total: 430', 'Conditions covered: 219', '     Line coverage: 54.9%', 'Condition coverage: 50.9%']",FALSE,0,,,work/Jsoup_14/src/test/java/org/jsoup/parser/TokeniserTest.java,12069
Jsoup,14,org.jsoup.parser.TokeniserState,FALSE,,,,,compile failed (buggy): Command failed: defects4j compile -w work/Jsoup_14,work/Jsoup_14/src/test/java/org/jsoup/parser/TokeniserStateTest.java,65320
Jsoup,15,org.jsoup.parser.TreeBuilderState,FALSE,,,,,compile failed (buggy): Command failed: defects4j compile -w work/Jsoup_15,work/Jsoup_15/src/test/java/org/jsoup/parser/TreeBuilderStateTest.java,72378
Jsoup,16,org.jsoup.nodes.DocumentType,TRUE,"['     Lines covered: 14', '  Conditions total: 4', 'Conditions covered: 4', '     Line coverage: 100.0%', 'Condition coverage: 100.0%']",FALSE,1,3,,work/Jsoup_16/src/test/java/org/jsoup/nodes/DocumentTypeTest.java,5543
Jsoup,17,org.jsoup.parser.TreeBuilderState,FALSE,,,,,compile failed (buggy): Command failed: defects4j compile -w work/Jsoup_17,work/Jsoup_17/src/test/java/org/jsoup/parser/TreeBuilderStateTest.java,72388
Jsoup,18,org.jsoup.parser.CharacterReader,FALSE,,,,,compile failed (buggy): Command failed: defects4j compile -w work/Jsoup_18,work/Jsoup_18/src/test/java/org/jsoup/parser/CharacterReaderTest.java,9080
Jsoup,19,org.jsoup.safety.Whitelist,FALSE,,,,,compile failed (buggy): Command failed: defects4j compile -w work/Jsoup_19,work/Jsoup_19/src/test/java/org/jsoup/safety/WhitelistTest.java,20629
Jsoup,20,org.jsoup.helper.DataUtil,FALSE,,,,,compile failed (buggy): Command failed: defects4j compile -w work/Jsoup_20,work/Jsoup_20/src/test/java/org/jsoup/helper/DataUtilTest.java,10026
Jsoup,21,org.jsoup.select.CombiningEvaluator,FALSE,,,,,compile failed (buggy): Command failed: defects4j compile -w work/Jsoup_21,work/Jsoup_21/src/test/java/org/jsoup/select/CombiningEvaluatorTest.java,6481
Jsoup,21,org.jsoup.select.QueryParser,FALSE,,,,,compile failed (buggy): Command failed: defects4j compile -w work/Jsoup_21,work/Jsoup_21/src/test/java/org/jsoup/select/QueryParserTest.java,13547
Jsoup,22,org.jsoup.nodes.Element,TRUE,"['     Lines covered: 595', '  Conditions total: 272', 'Conditions covered: 241', '     Line coverage: 89.2%', 'Condition coverage: 88.6%']",FALSE,4,4,,work/Jsoup_22/src/test/java/org/jsoup/nodes/ElementTest.java,43265
Jsoup,22,org.jsoup.nodes.Node,FALSE,,,,,compile failed (buggy): Command failed: defects4j compile -w work/Jsoup_22,work/Jsoup_22/src/test/java/org/jsoup/nodes/NodeTest.java,24273
Jsoup,22,org.jsoup.select.Elements,FALSE,,,,,compile failed (buggy): Command failed: defects4j compile -w work/Jsoup_22,work/Jsoup_22/src/test/java/org/jsoup/select/ElementsTest.java,21151
Jsoup,23,org.jsoup.parser.CharacterReader,TRUE,"['     Lines covered: 206', '  Conditions total: 152', 'Conditions covered: 135', '     Line coverage: 94.9%', 'Condition coverage: 88.8%']",FALSE,4,4,,work/Jsoup_23/src/test/java/org/jsoup/parser/CharacterReaderTest.java,9169
Jsoup,23,org.jsoup.parser.Tokeniser,TRUE,"['     Lines covered: 215', '  Conditions total: 152', 'Conditions covered: 140', '     Line coverage: 99.1%', 'Condition coverage: 92.1%']",FALSE,0,,,work/Jsoup_23/src/test/java/org/jsoup/parser/TokeniserTest.java,12374
Jsoup,24,org.jsoup.parser.TokeniserState,FALSE,,,,,compile failed (buggy): Command failed: defects4j compile -w work/Jsoup_24,work/Jsoup_24/src/test/java/org/jsoup/parser/TokeniserStateTest.java,65451
Jsoup,25,org.jsoup.parser.Tag,FALSE,,,,,compile failed (buggy): Command failed: defects4j compile -w work/Jsoup_25,work/Jsoup_25/src/test/java/org/jsoup/parser/TagTest.java,12567
Jsoup,26,org.jsoup.safety.Cleaner,TRUE,"['     Lines covered: 49', '  Conditions total: 14', 'Conditions covered: 13', '     Line coverage: 100.0%', 'Condition coverage: 92.9%']",FALSE,2,2,,work/Jsoup_26/src/test/java/org/jsoup/safety/CleanerTest.java,9555
Jsoup,27,org.jsoup.helper.DataUtil,TRUE,"['     Lines covered: 47', '  Conditions total: 24', 'Conditions covered: 21', '     Line coverage: 97.9%', 'Condition coverage: 87.5%']",FALSE,0,,,work/Jsoup_27/src/test/java/org/jsoup/helper/DataUtilTest.java,10310
Jsoup,28,org.jsoup.nodes.Entities,TRUE,"['     Lines covered: 218', '  Conditions total: 108', 'Conditions covered: 98', '     Line coverage: 92.0%', 'Condition coverage: 90.7%']",FALSE,1,3,,work/Jsoup_28/src/test/java/org/jsoup/nodes/EntitiesTest.java,11054
Jsoup,28,org.jsoup.parser.Parser,TRUE,"['     Lines covered: 222', '  Conditions total: 108', 'Conditions covered: 98', '     Line coverage: 93.7%', 'Condition coverage: 90.7%']",FALSE,0,,,work/Jsoup_28/src/test/java/org/jsoup/parser/ParserTest.java,10013
Jsoup,28,org.jsoup.parser.Tokeniser,FALSE,,,,,compile failed (buggy): Command failed: defects4j compile -w work/Jsoup_28,work/Jsoup_28/src/test/java/org/jsoup/parser/TokeniserTest.java,12593
Jsoup,29,org.jsoup.nodes.Document,TRUE,"['     Lines covered: 102', '  Conditions total: 36', 'Conditions covered: 27', '     Line coverage: 87.2%', 'Condition coverage: 75.0%']",FALSE,1,1,,work/Jsoup_29/src/test/java/org/jsoup/nodes/DocumentTest.java,16223
Jsoup,30,org.jsoup.safety.Cleaner,FALSE,,,,,compile failed (buggy): Command failed: defects4j compile -w work/Jsoup_30,work/Jsoup_30/src/test/java/org/jsoup/safety/CleanerTest.java,9359
Jsoup,31,org.jsoup.parser.Token,FALSE,,,,,compile failed (buggy): Command failed: defects4j compile -w work/Jsoup_31,work/Jsoup_31/src/test/java/org/jsoup/parser/TokenTest.java,10847
Jsoup,31,org.jsoup.parser.TokeniserState,FALSE,,,,,compile failed (buggy): Command failed: defects4j compile -w work/Jsoup_31,work/Jsoup_31/src/test/java/org/jsoup/parser/TokeniserStateTest.java,66079
Jsoup,31,org.jsoup.parser.XmlTreeBuilder,FALSE,,,,,compile failed (buggy): Command failed: defects4j compile -w work/Jsoup_31,work/Jsoup_31/src/test/java/org/jsoup/parser/XmlTreeBuilderTest.java,7770
Jsoup,32,org.jsoup.nodes.Element,FALSE,,,,,compile failed (buggy): Command failed: defects4j compile -w work/Jsoup_32,work/Jsoup_32/src/test/java/org/jsoup/nodes/ElementTest.java,44550
Jsoup,33,org.jsoup.parser.HtmlTreeBuilder,FALSE,,,,,compile failed (buggy): Command failed: defects4j compile -w work/Jsoup_33,work/Jsoup_33/src/test/java/org/jsoup/parser/HtmlTreeBuilderTest.java,28706
Jsoup,34,org.jsoup.parser.CharacterReader,FALSE,,,,,compile failed (buggy): Command failed: defects4j compile -w work/Jsoup_34,work/Jsoup_34/src/test/java/org/jsoup/parser/CharacterReaderTest.java,11587
Jsoup,35,org.jsoup.parser.HtmlTreeBuilderState,TRUE,"['     Lines covered: 823', '  Conditions total: 749', 'Conditions covered: 519', '     Line coverage: 76.3%', 'Condition coverage: 69.3%']",FALSE,0,,,work/Jsoup_35/src/test/java/org/jsoup/parser/HtmlTreeBuilderStateTest.java,72779
Jsoup,36,org.jsoup.helper.DataUtil,TRUE,"['     Lines covered: 57', '  Conditions total: 38', 'Conditions covered: 31', '     Line coverage: 95.0%', 'Condition coverage: 81.6%']",FALSE,0,,,work/Jsoup_36/src/test/java/org/jsoup/helper/DataUtilTest.java,11533
Jsoup,37,org.jsoup.nodes.Element,FALSE,,,,,compile failed (buggy): Command failed: defects4j compile -w work/Jsoup_37,work/Jsoup_37/src/test/java/org/jsoup/nodes/ElementTest.java,45072
Jsoup,38,org.jsoup.parser.HtmlTreeBuilderState,FALSE,,,,,compile failed (buggy): Command failed: defects4j compile -w work/Jsoup_38,work/Jsoup_38/src/test/java/org/jsoup/parser/HtmlTreeBuilderStateTest.java,74528
Jsoup,39,org.jsoup.helper.DataUtil,TRUE,"['     Lines covered: 70', '  Conditions total: 46', 'Conditions covered: 39', '     Line coverage: 93.3%', 'Condition coverage: 84.8%']",FALSE,1,1,,work/Jsoup_39/src/test/java/org/jsoup/helper/DataUtilTest.java,12410
Jsoup,40,org.jsoup.nodes.DocumentType,TRUE,"['     Lines covered: 17', '  Conditions total: 6', 'Conditions covered: 5', '     Line coverage: 100.0%', 'Condition coverage: 83.3%']",FALSE,2,3,,work/Jsoup_40/src/test/java/org/jsoup/nodes/DocumentTypeTest.java,5704
Jsoup,41,org.jsoup.nodes.Element,FALSE,,,,,compile failed (buggy): Command failed: defects4j compile -w work/Jsoup_41,work/Jsoup_41/src/test/java/org/jsoup/nodes/ElementTest.java,46874
Jsoup,42,org.jsoup.nodes.FormElement,TRUE,"['     Lines covered: 39', '  Conditions total: 24', 'Conditions covered: 24', '     Line coverage: 97.5%', 'Condition coverage: 100.0%']",FALSE,0,,,work/Jsoup_42/src/test/java/org/jsoup/nodes/FormElementTest.java,8441
Jsoup,43,org.jsoup.nodes.Element,FALSE,,,,,compile failed (buggy): Command failed: defects4j compile -w work/Jsoup_43,work/Jsoup_43/src/test/java/org/jsoup/nodes/ElementTest.java,47405
Jsoup,44,org.jsoup.parser.TreeBuilder,FALSE,,,,,compile failed (buggy): Command failed: defects4j compile -w work/Jsoup_44,work/Jsoup_44/src/test/java/org/jsoup/parser/TreeBuilderTest.java,6674
Jsoup,45,org.jsoup.parser.HtmlTreeBuilder,FALSE,,,,,compile failed (buggy): Command failed: defects4j compile -w work/Jsoup_45,work/Jsoup_45/src/test/java/org/jsoup/parser/HtmlTreeBuilderTest.java,29018
Jsoup,46,org.jsoup.nodes.Entities,FALSE,,,,,compile failed (buggy): Command failed: defects4j compile -w work/Jsoup_46,work/Jsoup_46/src/test/java/org/jsoup/nodes/EntitiesTest.java,14235
Jsoup,47,org.jsoup.nodes.Entities,TRUE,"['     Lines covered: 113', '  Conditions total: 51', 'Conditions covered: 50', '     Line coverage: 95.8%', 'Condition coverage: 98.0%']",FALSE,1,1,,work/Jsoup_47/src/test/java/org/jsoup/nodes/EntitiesTest.java,14358
Jsoup,48,org.jsoup.helper.HttpConnection,FALSE,,,,,compile failed (buggy): Command failed: defects4j compile -w work/Jsoup_48,work/Jsoup_48/src/test/java/org/jsoup/helper/HttpConnectionTest.java,39508
Jsoup,49,org.jsoup.nodes.Node,FALSE,,,,,compile failed (buggy): Command failed: defects4j compile -w work/Jsoup_49,work/Jsoup_49/src/test/java/org/jsoup/nodes/NodeTest.java,26650
Jsoup,50,org.jsoup.helper.DataUtil,FALSE,,,,,compile failed (buggy): Command failed: defects4j compile -w work/Jsoup_50,work/Jsoup_50/src/test/java/org/jsoup/helper/DataUtilTest.java,13749
Jsoup,51,org.jsoup.parser.CharacterReader,TRUE,"['     Lines covered: 194', '  Conditions total: 186', 'Conditions covered: 175', '     Line coverage: 99.5%', 'Condition coverage: 94.1%']",FALSE,2,2,,work/Jsoup_51/src/test/java/org/jsoup/parser/CharacterReaderTest.java,15251
Jsoup,52,org.jsoup.helper.DataUtil,FALSE,,,,,compile failed (buggy): Command failed: defects4j compile -w work/Jsoup_52,work/Jsoup_52/src/test/java/org/jsoup/helper/DataUtilTest.java,15200
Jsoup,52,org.jsoup.nodes.XmlDeclaration,FALSE,,,,,compile failed (buggy): Command failed: defects4j compile -w work/Jsoup_52,work/Jsoup_52/src/test/java/org/jsoup/nodes/XmlDeclarationTest.java,6489
Jsoup,52,org.jsoup.parser.XmlTreeBuilder,FALSE,,,,,compile failed (buggy): Command failed: defects4j compile -w work/Jsoup_52,work/Jsoup_52/src/test/java/org/jsoup/parser/XmlTreeBuilderTest.java,8716
Jsoup,53,org.jsoup.parser.TokenQueue,TRUE,"['     Lines covered: 126', '  Conditions total: 108', 'Conditions covered: 99', '     Line coverage: 96.9%', 'Condition coverage: 91.7%']",FALSE,1,1,,work/Jsoup_53/src/test/java/org/jsoup/parser/TokenQueueTest.java,16126
Jsoup,54,org.jsoup.helper.W3CDom,FALSE,,,,,compile failed (buggy): Command failed: defects4j compile -w work/Jsoup_54,work/Jsoup_54/src/test/java/org/jsoup/helper/W3CDomTest.java,11099
Jsoup,55,org.jsoup.parser.TokeniserState,TRUE,"['     Lines covered: 676', '  Conditions total: 325', 'Conditions covered: 176', '     Line coverage: 58.9%', 'Condition coverage: 54.2%']",FALSE,9,9,,work/Jsoup_55/src/test/java/org/jsoup/parser/TokeniserStateTest.java,63598
Jsoup,56,org.jsoup.nodes.DocumentType,TRUE,"['     Lines covered: 1757', '  Conditions total: 1169', 'Conditions covered: 773', '     Line coverage: 70.4%', 'Condition coverage: 66.1%']",FALSE,0,,,work/Jsoup_56/src/test/java/org/jsoup/nodes/DocumentTypeTest.java,6482
Jsoup,56,org.jsoup.parser.HtmlTreeBuilderState,FALSE,,,,,compile failed (buggy): Command failed: defects4j compile -w work/Jsoup_56,work/Jsoup_56/src/test/java/org/jsoup/parser/HtmlTreeBuilderStateTest.java,75243
Jsoup,56,org.jsoup.parser.Token,FALSE,,,,,compile failed (buggy): Command failed: defects4j compile -w work/Jsoup_56,work/Jsoup_56/src/test/java/org/jsoup/parser/TokenTest.java,14503
Jsoup,56,org.jsoup.parser.TokeniserState,FALSE,,,,,compile failed (buggy): Command failed: defects4j compile -w work/Jsoup_56,work/Jsoup_56/src/test/java/org/jsoup/parser/TokeniserStateTest.java,63701
Jsoup,56,org.jsoup.parser.XmlTreeBuilder,FALSE,,,,,compile failed (buggy): Command failed: defects4j compile -w work/Jsoup_56,work/Jsoup_56/src/test/java/org/jsoup/parser/XmlTreeBuilderTest.java,9306
Jsoup,57,org.jsoup.nodes.Attributes,FALSE,,,,,compile failed (buggy): Command failed: defects4j compile -w work/Jsoup_57,work/Jsoup_57/src/test/java/org/jsoup/nodes/AttributesTest.java,14871
Jsoup,58,org.jsoup.Jsoup,FALSE,,,,,compile failed (buggy): Command failed: defects4j compile -w work/Jsoup_58,work/Jsoup_58/src/test/java/org/jsoup/JsoupTest.java,15111
Jsoup,58,org.jsoup.parser.Parser,FALSE,,,,,compile failed (buggy): Command failed: defects4j compile -w work/Jsoup_58,work/Jsoup_58/src/test/java/org/jsoup/parser/ParserTest.java,11882
Jsoup,58,org.jsoup.safety.Cleaner,FALSE,,,,,compile failed (buggy): Command failed: defects4j compile -w work/Jsoup_58,work/Jsoup_58/src/test/java/org/jsoup/safety/CleanerTest.java,10934
Jsoup,59,org.jsoup.parser.Token,FALSE,,,,,compile failed (buggy): Command failed: defects4j compile -w work/Jsoup_59,work/Jsoup_59/src/test/java/org/jsoup/parser/TokenTest.java,14890
Jsoup,60,org.jsoup.parser.TokenQueue,FALSE,,,,,compile failed (buggy): Command failed: defects4j compile -w work/Jsoup_60,work/Jsoup_60/src/test/java/org/jsoup/parser/TokenQueueTest.java,16394
Jsoup,60,org.jsoup.select.QueryParser,FALSE,,,,,compile failed (buggy): Command failed: defects4j compile -w work/Jsoup_60,work/Jsoup_60/src/test/java/org/jsoup/select/QueryParserTest.java,17868
Jsoup,61,org.jsoup.nodes.Element,TRUE,"['     Lines covered: 287', '  Conditions total: 184', 'Conditions covered: 146', '     Line coverage: 81.5%', 'Condition coverage: 79.3%']",FALSE,1,1,,work/Jsoup_61/src/test/java/org/jsoup/nodes/ElementTest.java,50519
Jsoup,62,org.jsoup.parser.HtmlTreeBuilderState,FALSE,,,,,compile failed (buggy): Command failed: defects4j compile -w work/Jsoup_62,work/Jsoup_62/src/test/java/org/jsoup/parser/HtmlTreeBuilderStateTest.java,75261
Jsoup,63,org.jsoup.parser.HtmlTreeBuilder,FALSE,,,,,compile failed (buggy): Command failed: defects4j compile -w work/Jsoup_63,work/Jsoup_63/src/test/java/org/jsoup/parser/HtmlTreeBuilderTest.java,29659
Jsoup,63,org.jsoup.parser.Tokeniser,FALSE,,,,,compile failed (buggy): Command failed: defects4j compile -w work/Jsoup_63,work/Jsoup_63/src/test/java/org/jsoup/parser/TokeniserTest.java,14801
Jsoup,64,org.jsoup.parser.HtmlTreeBuilderState,FALSE,,,,,compile failed (buggy): Command failed: defects4j compile -w work/Jsoup_64,work/Jsoup_64/src/test/java/org/jsoup/parser/HtmlTreeBuilderStateTest.java,75479
Jsoup,65,org.jsoup.parser.HtmlTreeBuilder,FALSE,,,,,compile failed (buggy): Command failed: defects4j compile -w work/Jsoup_65,work/Jsoup_65/src/test/java/org/jsoup/parser/HtmlTreeBuilderTest.java,29655
Jsoup,65,org.jsoup.parser.HtmlTreeBuilderState,FALSE,,,,,compile failed (buggy): Command failed: defects4j compile -w work/Jsoup_65,work/Jsoup_65/src/test/java/org/jsoup/parser/HtmlTreeBuilderStateTest.java,75526
Jsoup,66,org.jsoup.nodes.Element,TRUE,"['     Lines covered: 346', '  Conditions total: 204', 'Conditions covered: 170', '     Line coverage: 88.7%', 'Condition coverage: 83.3%']",FALSE,2,2,,work/Jsoup_66/src/test/java/org/jsoup/nodes/ElementTest.java,55125
Jsoup,67,org.jsoup.parser.HtmlTreeBuilder,FALSE,,,,,compile failed (buggy): Command failed: defects4j compile -w work/Jsoup_67,work/Jsoup_67/src/test/java/org/jsoup/parser/HtmlTreeBuilderTest.java,29868
Jsoup,68,org.jsoup.parser.HtmlTreeBuilder,FALSE,,,,,compile failed (buggy): Command failed: defects4j compile -w work/Jsoup_68,work/Jsoup_68/src/test/java/org/jsoup/parser/HtmlTreeBuilderTest.java,30278
Jsoup,69,org.jsoup.nodes.FormElement,TRUE,"['     Lines covered: 39', '  Conditions total: 28', 'Conditions covered: 28', '     Line coverage: 100.0%', 'Condition coverage: 100.0%']",FALSE,0,,,work/Jsoup_69/src/test/java/org/jsoup/nodes/FormElementTest.java,8414
Jsoup,70,org.jsoup.nodes.Element,FALSE,,,,,compile failed (buggy): Command failed: defects4j compile -w work/Jsoup_70,work/Jsoup_70/src/test/java/org/jsoup/nodes/ElementTest.java,55633
Jsoup,71,org.jsoup.select.Evaluator,FALSE,,,,,compile failed (buggy): Command failed: defects4j compile -w work/Jsoup_71,work/Jsoup_71/src/test/java/org/jsoup/select/EvaluatorTest.java,24051
Jsoup,71,org.jsoup.select.QueryParser,FALSE,,,,,compile failed (buggy): Command failed: defects4j compile -w work/Jsoup_71,work/Jsoup_71/src/test/java/org/jsoup/select/QueryParserTest.java,18024
Jsoup,72,org.jsoup.parser.CharacterReader,FALSE,,,,,compile failed (buggy): Command failed: defects4j compile -w work/Jsoup_72,work/Jsoup_72/src/test/java/org/jsoup/parser/CharacterReaderTest.java,18294
Jsoup,73,org.jsoup.helper.W3CDom,TRUE,"['     Lines covered: 67', '  Conditions total: 28', 'Conditions covered: 26', '     Line coverage: 94.4%', 'Condition coverage: 92.9%']",FALSE,1,1,,work/Jsoup_73/src/test/java/org/jsoup/helper/W3CDomTest.java,10954
Jsoup,74,org.jsoup.helper.StringUtil,TRUE,"['     Lines covered: 82', '  Conditions total: 74', 'Conditions covered: 74', '     Line coverage: 98.8%', 'Condition coverage: 100.0%']",FALSE,1,1,,work/Jsoup_74/src/test/java/org/jsoup/helper/StringUtilTest.java,13410
Jsoup,75,org.jsoup.nodes.Attributes,FALSE,,,,,compile failed (buggy): Command failed: defects4j compile -w work/Jsoup_75,work/Jsoup_75/src/test/java/org/jsoup/nodes/AttributesTest.java,18007
Jsoup,76,org.jsoup.parser.HtmlTreeBuilderState,TRUE,"['     Lines covered: 881', '  Conditions total: 787', 'Conditions covered: 566', '     Line coverage: 79.7%', 'Condition coverage: 71.9%']",FALSE,0,,,work/Jsoup_76/src/test/java/org/jsoup/parser/HtmlTreeBuilderStateTest.java,75803
Jsoup,77,org.jsoup.parser.XmlTreeBuilder,FALSE,,,,,compile failed (buggy): Command failed: defects4j compile -w work/Jsoup_77,work/Jsoup_77/src/test/java/org/jsoup/parser/XmlTreeBuilderTest.java,9544
Jsoup,78,org.jsoup.helper.DataUtil,TRUE,"['     Lines covered: 95', '  Conditions total: 88', 'Conditions covered: 63', '     Line coverage: 87.2%', 'Condition coverage: 71.6%']",FALSE,0,,,work/Jsoup_78/src/test/java/org/jsoup/helper/DataUtilTest.java,15737
Jsoup,79,org.jsoup.nodes.LeafNode,FALSE,,,,,compile failed (buggy): Command failed: defects4j compile -w work/Jsoup_79,work/Jsoup_79/src/test/java/org/jsoup/nodes/LeafNodeTest.java,6503
Jsoup,80,org.jsoup.parser.XmlTreeBuilder,FALSE,,,,,compile failed (buggy): Command failed: defects4j compile -w work/Jsoup_80,work/Jsoup_80/src/test/java/org/jsoup/parser/XmlTreeBuilderTest.java,9580
Jsoup,81,org.jsoup.helper.DataUtil,TRUE,"['     Lines covered: 105', '  Conditions total: 94', 'Conditions covered: 78', '     Line coverage: 89.7%', 'Condition coverage: 83.0%']",FALSE,1,1,,work/Jsoup_81/src/test/java/org/jsoup/helper/DataUtilTest.java,16191
Jsoup,82,org.jsoup.helper.DataUtil,TRUE,"['     Lines covered: 103', '  Conditions total: 96', 'Conditions covered: 70', '     Line coverage: 91.2%', 'Condition coverage: 72.9%']",FALSE,1,1,,work/Jsoup_82/src/test/java/org/jsoup/helper/DataUtilTest.java,15976
Jsoup,83,org.jsoup.parser.CharacterReader,FALSE,,,,,compile failed (buggy): Command failed: defects4j compile -w work/Jsoup_83,work/Jsoup_83/src/test/java/org/jsoup/parser/CharacterReaderTest.java,18640
Jsoup,83,org.jsoup.parser.TokeniserState,FALSE,,,,,compile failed (buggy): Command failed: defects4j compile -w work/Jsoup_83,work/Jsoup_83/src/test/java/org/jsoup/parser/TokeniserStateTest.java,64419
Jsoup,84,org.jsoup.helper.W3CDom,FALSE,,,,,compile failed (buggy): Command failed: defects4j compile -w work/Jsoup_84,work/Jsoup_84/src/test/java/org/jsoup/helper/W3CDomTest.java,11326
Jsoup,85,org.jsoup.nodes.Attribute,FALSE,,,,,compile failed (buggy): Command failed: defects4j compile -w work/Jsoup_85,work/Jsoup_85/src/test/java/org/jsoup/nodes/AttributeTest.java,11181
Jsoup,86,org.jsoup.nodes.Comment,FALSE,,,,,compile failed (buggy): Command failed: defects4j compile -w work/Jsoup_86,work/Jsoup_86/src/test/java/org/jsoup/nodes/CommentTest.java,6629
Jsoup,87,org.jsoup.nodes.Element,FALSE,,,,,compile failed (buggy): Command failed: defects4j compile -w work/Jsoup_87,work/Jsoup_87/src/test/java/org/jsoup/nodes/ElementTest.java,58531
Jsoup,87,org.jsoup.parser.HtmlTreeBuilder,FALSE,,,,,compile failed (buggy): Command failed: defects4j compile -w work/Jsoup_87,work/Jsoup_87/src/test/java/org/jsoup/parser/HtmlTreeBuilderTest.java,30016
Jsoup,87,org.jsoup.parser.HtmlTreeBuilderState,FALSE,,,,,compile failed (buggy): Command failed: defects4j compile -w work/Jsoup_87,work/Jsoup_87/src/test/java/org/jsoup/parser/HtmlTreeBuilderStateTest.java,75887
Jsoup,87,org.jsoup.parser.Tag,FALSE,,,,,compile failed (buggy): Command failed: defects4j compile -w work/Jsoup_87,work/Jsoup_87/src/test/java/org/jsoup/parser/TagTest.java,14883
Jsoup,88,org.jsoup.nodes.Attribute,FALSE,,,,,compile failed (buggy): Command failed: defects4j compile -w work/Jsoup_88,work/Jsoup_88/src/test/java/org/jsoup/nodes/AttributeTest.java,11200
Jsoup,89,org.jsoup.nodes.Attribute,FALSE,,,,,compile failed (buggy): Command failed: defects4j compile -w work/Jsoup_89,work/Jsoup_89/src/test/java/org/jsoup/nodes/AttributeTest.java,11250
Jsoup,90,org.jsoup.helper.HttpConnection,FALSE,,,,,compile failed (buggy): Command failed: defects4j compile -w work/Jsoup_90,work/Jsoup_90/src/test/java/org/jsoup/helper/HttpConnectionTest.java,48094
Jsoup,91,org.jsoup.UncheckedIOException,TRUE,"['     Lines covered: 244', '  Conditions total: 190', 'Conditions covered: 173', '     Line coverage: 98.0%', 'Condition coverage: 91.1%']",FALSE,0,,,work/Jsoup_91/src/test/java/org/jsoup/UncheckedIOExceptionTest.java,4577
Jsoup,91,org.jsoup.parser.CharacterReader,TRUE,"['     Lines covered: 246', '  Conditions total: 190', 'Conditions covered: 179', '     Line coverage: 98.8%', 'Condition coverage: 94.2%']",FALSE,4,, | fixed-version check failed: Command failed: defects4j compile -w work/Jsoup_91_fixed,work/Jsoup_91/src/test/java/org/jsoup/parser/CharacterReaderTest.java,19692
Jsoup,92,org.jsoup.nodes.Attributes,FALSE,,,,,compile failed (buggy): Command failed: defects4j compile -w work/Jsoup_92,work/Jsoup_92/src/test/java/org/jsoup/nodes/AttributesTest.java,18330
Jsoup,92,org.jsoup.parser.HtmlTreeBuilder,FALSE,,,,,compile failed (buggy): Command failed: defects4j compile -w work/Jsoup_92,work/Jsoup_92/src/test/java/org/jsoup/parser/HtmlTreeBuilderTest.java,30117
Jsoup,92,org.jsoup.parser.ParseSettings,FALSE,,,,,compile failed (buggy): Command failed: defects4j compile -w work/Jsoup_92,work/Jsoup_92/src/test/java/org/jsoup/parser/ParseSettingsTest.java,6217
Jsoup,92,org.jsoup.parser.Token,FALSE,,,,,compile failed (buggy): Command failed: defects4j compile -w work/Jsoup_92,work/Jsoup_92/src/test/java/org/jsoup/parser/TokenTest.java,15359
Jsoup,92,org.jsoup.parser.XmlTreeBuilder,FALSE,,,,,compile failed (buggy): Command failed: defects4j compile -w work/Jsoup_92,work/Jsoup_92/src/test/java/org/jsoup/parser/XmlTreeBuilderTest.java,9549
Jsoup,93,org.jsoup.nodes.FormElement,TRUE,"['     Lines covered: 40', '  Conditions total: 28', 'Conditions covered: 26', '     Line coverage: 95.2%', 'Condition coverage: 92.9%']",FALSE,1,1,,work/Jsoup_93/src/test/java/org/jsoup/nodes/FormElementTest.java,8543
JxPath,1,org.apache.commons.jxpath.ri.model.dom.DOMNodePointer,FALSE,,,,,compile failed (buggy): Command failed: defects4j compile -w work/JxPath_1,work/JxPath_1/src/test/org/apache/commons/jxpath/ri/model/dom/DOMNodePointerTest.java,26971
JxPath,1,org.apache.commons.jxpath.ri.model.jdom.JDOMNodePointer,FALSE,,,,,compile failed (buggy): Command failed: defects4j compile -w work/JxPath_1,work/JxPath_1/src/test/org/apache/commons/jxpath/ri/model/jdom/JDOMNodePointerTest.java,26802
JxPath,2,org.apache.commons.jxpath.ri.compiler.Expression,TRUE,"['     Lines covered: 38', '  Conditions total: 12', 'Conditions covered: 12', '     Line coverage: 100.0%', 'Condition coverage: 100.0%']",FALSE,3,3,,work/JxPath_2/src/test/org/apache/commons/jxpath/ri/compiler/ExpressionTest.java,6684
JxPath,3,org.apache.commons.jxpath.ri.model.beans.NullPropertyPointer,FALSE,,,,,compile failed (buggy): Command failed: defects4j compile -w work/JxPath_3,work/JxPath_3/src/test/org/apache/commons/jxpath/ri/model/beans/NullPropertyPointerTest.java,9161
JxPath,4,org.apache.commons.jxpath.ri.model.dom.DOMNodePointer,FALSE,,,,,compile failed (buggy): Command failed: defects4j compile -w work/JxPath_4,work/JxPath_4/src/test/org/apache/commons/jxpath/ri/model/dom/DOMNodePointerTest.java,26313
JxPath,4,org.apache.commons.jxpath.ri.model.jdom.JDOMNodePointer,FALSE,,,,,compile failed (buggy): Command failed: defects4j compile -w work/JxPath_4,work/JxPath_4/src/test/org/apache/commons/jxpath/ri/model/jdom/JDOMNodePointerTest.java,26568
JxPath,5,org.apache.commons.jxpath.ri.model.NodePointer,FALSE,,,,,compile failed (buggy): Command failed: defects4j compile -w work/JxPath_5,work/JxPath_5/src/test/org/apache/commons/jxpath/ri/model/NodePointerTest.java,24470
JxPath,6,org.apache.commons.jxpath.ri.compiler.CoreOperationCompare,FALSE,,,,,compile failed (buggy): Command failed: defects4j compile -w work/JxPath_6,work/JxPath_6/src/test/org/apache/commons/jxpath/ri/compiler/CoreOperationCompareTest.java,6327
JxPath,7,org.apache.commons.jxpath.ri.compiler.CoreOperationGreaterThan,FALSE,,,,,compile failed (buggy): Command failed: defects4j compile -w work/JxPath_7,work/JxPath_7/src/test/org/apache/commons/jxpath/ri/compiler/CoreOperationGreaterThanTest.java,3472
JxPath,7,org.apache.commons.jxpath.ri.compiler.CoreOperationGreaterThanOrEqual,FALSE,,,,,compile failed (buggy): Command failed: defects4j compile -w work/JxPath_7,work/JxPath_7/src/test/org/apache/commons/jxpath/ri/compiler/CoreOperationGreaterThanOrEqualTest.java,3504
JxPath,7,org.apache.commons.jxpath.ri.compiler.CoreOperationLessThan,FALSE,,,,,compile failed (buggy): Command failed: defects4j compile -w work/JxPath_7,work/JxPath_7/src/test/org/apache/commons/jxpath/ri/compiler/CoreOperationLessThanTest.java,3463
JxPath,7,org.apache.commons.jxpath.ri.compiler.CoreOperationLessThanOrEqual,FALSE,,,,,compile failed (buggy): Command failed: defects4j compile -w work/JxPath_7,work/JxPath_7/src/test/org/apache/commons/jxpath/ri/compiler/CoreOperationLessThanOrEqualTest.java,3495
JxPath,7,org.apache.commons.jxpath.ri.compiler.CoreOperationRelationalExpression,FALSE,,,,,compile failed (buggy): Command failed: defects4j compile -w work/JxPath_7,work/JxPath_7/src/test/org/apache/commons/jxpath/ri/compiler/CoreOperationRelationalExpressionTest.java,3219
JxPath,8,org.apache.commons.jxpath.ri.compiler.CoreOperationRelationalExpression,FALSE,,,,,compile failed (buggy): Command failed: defects4j compile -w work/JxPath_8,work/JxPath_8/src/test/org/apache/commons/jxpath/ri/compiler/CoreOperationRelationalExpressionTest.java,5516
JxPath,9,org.apache.commons.jxpath.ri.compiler.CoreOperationCompare,FALSE,,,,,compile failed (buggy): Command failed: defects4j compile -w work/JxPath_9,work/JxPath_9/src/test/org/apache/commons/jxpath/ri/compiler/CoreOperationCompareTest.java,6353
JxPath,9,org.apache.commons.jxpath.ri.compiler.CoreOperationEqual,FALSE,,,,,compile failed (buggy): Command failed: defects4j compile -w work/JxPath_9,work/JxPath_9/src/test/org/apache/commons/jxpath/ri/compiler/CoreOperationEqualTest.java,3235
JxPath,9,org.apache.commons.jxpath.ri.compiler.CoreOperationNotEqual,FALSE,,,,,compile failed (buggy): Command failed: defects4j compile -w work/JxPath_9,work/JxPath_9/src/test/org/apache/commons/jxpath/ri/compiler/CoreOperationNotEqualTest.java,3246
JxPath,10,org.apache.commons.jxpath.ri.compiler.CoreOperationRelationalExpression,FALSE,,,,,compile failed (buggy): Command failed: defects4j compile -w work/JxPath_10,work/JxPath_10/src/test/org/apache/commons/jxpath/ri/compiler/CoreOperationRelationalExpressionTest.java,5667
JxPath,11,org.apache.commons.jxpath.ri.model.dom.DOMAttributeIterator,FALSE,,,,,compile failed (buggy): Command failed: defects4j compile -w work/JxPath_11,work/JxPath_11/src/test/org/apache/commons/jxpath/ri/model/dom/DOMAttributeIteratorTest.java,6956
JxPath,11,org.apache.commons.jxpath.ri.model.jdom.JDOMAttributeIterator,FALSE,,,,,compile failed (buggy): Command failed: defects4j compile -w work/JxPath_11,work/JxPath_11/src/test/org/apache/commons/jxpath/ri/model/jdom/JDOMAttributeIteratorTest.java,5650
JxPath,12,org.apache.commons.jxpath.ri.model.dom.DOMNodePointer,TRUE,"['     Lines covered: 323', '  Conditions total: 267', 'Conditions covered: 212', '     Line coverage: 89.5%', 'Condition coverage: 79.4%']",FALSE,18,18,,work/JxPath_12/src/test/org/apache/commons/jxpath/ri/model/dom/DOMNodePointerTest.java,26355
JxPath,13,org.apache.commons.jxpath.ri.NamespaceResolver,TRUE,"['     Lines covered: 336', '  Conditions total: 303', 'Conditions covered: 217', '     Line coverage: 81.2%', 'Condition coverage: 71.6%']",TRUE,2,0,,work/JxPath_13/src/test/org/apache/commons/jxpath/ri/NamespaceResolverTest.java,8116
JxPath,13,org.apache.commons.jxpath.ri.model.dom.DOMNodePointer,FALSE,,,,,compile failed (buggy): Command failed: defects4j compile -w work/JxPath_13,work/JxPath_13/src/test/org/apache/commons/jxpath/ri/model/dom/DOMNodePointerTest.java,26554
JxPath,14,org.apache.commons.jxpath.ri.compiler.CoreFunction,FALSE,,,,,compile failed (buggy): Command failed: defects4j compile -w work/JxPath_14,work/JxPath_14/src/test/org/apache/commons/jxpath/ri/compiler/CoreFunctionTest.java,26647
JxPath,15,org.apache.commons.jxpath.ri.axes.UnionContext,FALSE,,,,,compile failed (buggy): Command failed: defects4j compile -w work/JxPath_15,work/JxPath_15/src/test/org/apache/commons/jxpath/ri/axes/UnionContextTest.java,4181
JxPath,16,org.apache.commons.jxpath.ri.model.dom.DOMNodePointer,FALSE,,,,,compile failed (buggy): Command failed: defects4j compile -w work/JxPath_16,work/JxPath_16/src/test/org/apache/commons/jxpath/ri/model/dom/DOMNodePointerTest.java,30567
JxPath,16,org.apache.commons.jxpath.ri.model.jdom.JDOMNodePointer,FALSE,,,,,compile failed (buggy): Command failed: defects4j compile -w work/JxPath_16,work/JxPath_16/src/test/org/apache/commons/jxpath/ri/model/jdom/JDOMNodePointerTest.java,27532
JxPath,17,org.apache.commons.jxpath.ri.model.dom.DOMAttributeIterator,TRUE,"['     Lines covered: 105', '  Conditions total: 86', 'Conditions covered: 75', '     Line coverage: 92.9%', 'Condition coverage: 87.2%']",FALSE,7,7,,work/JxPath_17/src/test/org/apache/commons/jxpath/ri/model/dom/DOMAttributeIteratorTest.java,6872
JxPath,17,org.apache.commons.jxpath.ri.model.jdom.JDOMAttributeIterator,TRUE,"['     Lines covered: 112', '  Conditions total: 86', 'Conditions covered: 84', '     Line coverage: 99.1%', 'Condition coverage: 97.7%']",FALSE,1,2,,work/JxPath_17/src/test/org/apache/commons/jxpath/ri/model/jdom/JDOMAttributeIteratorTest.java,5700
JxPath,18,org.apache.commons.jxpath.ri.axes.AttributeContext,FALSE,,,,,compile failed (buggy): Command failed: defects4j compile -w work/JxPath_18,work/JxPath_18/src/test/org/apache/commons/jxpath/ri/axes/AttributeContextTest.java,4760
JxPath,19,org.apache.commons.jxpath.ri.model.dom.DOMNodePointer,FALSE,,,,,compile failed (buggy): Command failed: defects4j compile -w work/JxPath_19,work/JxPath_19/src/test/org/apache/commons/jxpath/ri/model/dom/DOMNodePointerTest.java,28140
JxPath,19,org.apache.commons.jxpath.ri.model.jdom.JDOMNodePointer,FALSE,,,,,compile failed (buggy): Command failed: defects4j compile -w work/JxPath_19,work/JxPath_19/src/test/org/apache/commons/jxpath/ri/model/jdom/JDOMNodePointerTest.java,28412
JxPath,20,org.apache.commons.jxpath.ri.compiler.CoreOperationRelationalExpression,FALSE,,,,,compile failed (buggy): Command failed: defects4j compile -w work/JxPath_20,work/JxPath_20/src/test/org/apache/commons/jxpath/ri/compiler/CoreOperationRelationalExpressionTest.java,6848
JxPath,21,org.apache.commons.jxpath.ri.model.beans.PropertyPointer,FALSE,,,,,compile failed (buggy): Command failed: defects4j compile -w work/JxPath_21,work/JxPath_21/src/test/org/apache/commons/jxpath/ri/model/beans/PropertyPointerTest.java,9341
JxPath,22,org.apache.commons.jxpath.ri.model.dom.DOMNodePointer,TRUE,"['     Lines covered: 328', '  Conditions total: 274', 'Conditions covered: 222', '     Line coverage: 92.7%', 'Condition coverage: 81.0%']",FALSE,14,14,,work/JxPath_22/src/test/org/apache/commons/jxpath/ri/model/dom/DOMNodePointerTest.java,28407
Lang,1,org.apache.commons.lang3.math.NumberUtils,TRUE,"['     Lines covered: 367', '  Conditions total: 338', 'Conditions covered: 316', '     Line coverage: 97.9%', 'Condition coverage: 93.5%']",FALSE,1,1,,work/Lang_1/src/test/java/org/apache/commons/lang3/math/NumberUtilsTest.java,50420
Lang,3,org.apache.commons.lang3.math.NumberUtils,TRUE,"['     Lines covered: 353', '  Conditions total: 334', 'Conditions covered: 273', '     Line coverage: 94.6%', 'Condition coverage: 81.7%']",FALSE,1,1,,work/Lang_3/src/test/java/org/apache/commons/lang3/math/NumberUtilsTest.java,50160
Lang,4,org.apache.commons.lang3.text.translate.LookupTranslator,TRUE,"['     Lines covered: 25', '  Conditions total: 14', 'Conditions covered: 14', '     Line coverage: 100.0%', 'Condition coverage: 100.0%']",FALSE,0,,,work/Lang_4/src/test/java/org/apache/commons/lang3/text/translate/LookupTranslatorTest.java,4369
Lang,5,org.apache.commons.lang3.LocaleUtils,TRUE,"['     Lines covered: 82', '  Conditions total: 56', 'Conditions covered: 53', '     Line coverage: 100.0%', 'Condition coverage: 94.6%']",FALSE,0,,,work/Lang_5/src/test/java/org/apache/commons/lang3/LocaleUtilsTest.java,13584
Lang,6,org.apache.commons.lang3.text.translate.CharSequenceTranslator,TRUE,"['     Lines covered: 30', '  Conditions total: 12', 'Conditions covered: 12', '     Line coverage: 100.0%', 'Condition coverage: 100.0%']",FALSE,1,1,,work/Lang_6/src/test/java/org/apache/commons/lang3/text/translate/CharSequenceTranslatorTest.java,6334
Lang,7,org.apache.commons.lang3.math.NumberUtils,TRUE,"['     Lines covered: 345', '  Conditions total: 366', 'Conditions covered: 289', '     Line coverage: 90.8%', 'Condition coverage: 79.0%']",FALSE,1,2,,work/Lang_7/src/test/java/org/apache/commons/lang3/math/NumberUtilsTest.java,49701
Lang,8,org.apache.commons.lang3.time.FastDatePrinter,FALSE,,,,,compile failed (buggy): Command failed: defects4j compile -w work/Lang_8,work/Lang_8/src/test/java/org/apache/commons/lang3/time/FastDatePrinterTest.java,39834
Lang,9,org.apache.commons.lang3.time.FastDateParser,FALSE,,,,,compile failed (buggy): Command failed: defects4j compile -w work/Lang_9,work/Lang_9/src/test/java/org/apache/commons/lang3/time/FastDateParserTest.java,31088
Lang,10,org.apache.commons.lang3.time.FastDateParser,FALSE,,,,,compile failed (buggy): Command failed: defects4j compile -w work/Lang_10,work/Lang_10/src/test/java/org/apache/commons/lang3/time/FastDateParserTest.java,31366
Lang,11,org.apache.commons.lang3.RandomStringUtils,TRUE,"['     Lines covered: 48', '  Conditions total: 54', 'Conditions covered: 47', '     Line coverage: 85.7%', 'Condition coverage: 87.0%']",FALSE,0,,,work/Lang_11/src/test/java/org/apache/commons/lang3/RandomStringUtilsTest.java,14056
Lang,12,org.apache.commons.lang3.RandomStringUtils,TRUE,"['     Lines covered: 49', '  Conditions total: 48', 'Conditions covered: 46', '     Line coverage: 94.2%', 'Condition coverage: 95.8%']",FALSE,0,,,work/Lang_12/src/test/java/org/apache/commons/lang3/RandomStringUtilsTest.java,13807
Lang,13,org.apache.commons.lang3.SerializationUtils,TRUE,"['     Lines covered: 52', '  Conditions total: 14', 'Conditions covered: 13', '     Line coverage: 81.2%', 'Condition coverage: 92.9%']",FALSE,0,,,work/Lang_13/src/test/java/org/apache/commons/lang3/SerializationUtilsTest.java,12214
Lang,14,org.apache.commons.lang3.StringUtils,FALSE,,,,,compile failed (buggy): Command failed: defects4j compile -w work/Lang_14,work/Lang_14/src/test/java/org/apache/commons/lang3/StringUtilsTest.java,268188
Lang,15,org.apache.commons.lang3.reflect.TypeUtils,TRUE,"['     Lines covered: 244', '  Conditions total: 284', 'Conditions covered: 202', '     Line coverage: 81.6%', 'Condition coverage: 71.1%']",FALSE,2,2,,work/Lang_15/src/test/java/org/apache/commons/lang3/reflect/TypeUtilsTest.java,45552
Lang,16,org.apache.commons.lang3.math.NumberUtils,TRUE,"['     Lines covered: 360', '  Conditions total: 358', 'Conditions covered: 318', '     Line coverage: 96.0%', 'Condition coverage: 88.8%']",FALSE,2,2,,work/Lang_16/src/test/java/org/apache/commons/lang3/math/NumberUtilsTest.java,49073
Lang,17,org.apache.commons.lang3.text.translate.CharSequenceTranslator,TRUE,"['     Lines covered: 33', '  Conditions total: 14', 'Conditions covered: 14', '     Line coverage: 100.0%', 'Condition coverage: 100.0%']",TRUE,1,0,,work/Lang_17/src/test/java/org/apache/commons/lang3/text/translate/CharSequenceTranslatorTest.java,6517
Lang,19,org.apache.commons.lang3.text.translate.NumericEntityUnescaper,TRUE,"['     Lines covered: 27', '  Conditions total: 18', 'Conditions covered: 18', '     Line coverage: 100.0%', 'Condition coverage: 100.0%']",FALSE,0,,,work/Lang_19/src/test/java/org/apache/commons/lang3/text/translate/NumericEntityUnescaperTest.java,4249
Lang,20,org.apache.commons.lang3.StringUtils,FALSE,,,,,compile failed (buggy): Command failed: defects4j compile -w work/Lang_20,work/Lang_20/src/test/java/org/apache/commons/lang3/StringUtilsTest.java,266693
Lang,21,org.apache.commons.lang3.time.DateUtils,TRUE,"['     Lines covered: 305', '  Conditions total: 218', 'Conditions covered: 196', '     Line coverage: 95.6%', 'Condition coverage: 89.9%']",FALSE,6,5,,work/Lang_21/src/test/java/org/apache/commons/lang3/time/DateUtilsTest.java,80876
Lang,22,org.apache.commons.lang3.math.Fraction,TRUE,"['     Lines covered: 270', '  Conditions total: 188', 'Conditions covered: 168', '     Line coverage: 97.1%', 'Condition coverage: 89.4%']",FALSE,3,1,,work/Lang_22/src/test/java/org/apache/commons/lang3/math/FractionTest.java,36739
Lang,23,org.apache.commons.lang3.text.ExtendedMessageFormat,FALSE,,,,,compile failed (buggy): Command failed: defects4j compile -w work/Lang_23,work/Lang_23/src/test/java/org/apache/commons/lang3/text/ExtendedMessageFormatTest.java,19854
Lang,24,org.apache.commons.lang3.math.NumberUtils,TRUE,"['     Lines covered: 362', '  Conditions total: 356', 'Conditions covered: 316', '     Line coverage: 96.3%', 'Condition coverage: 88.8%']",FALSE,0,,,work/Lang_24/src/test/java/org/apache/commons/lang3/math/NumberUtilsTest.java,49535
Lang,26,org.apache.commons.lang3.time.FastDateFormat,TRUE,"['     Lines covered: 439', '  Conditions total: 228', 'Conditions covered: 198', '     Line coverage: 94.4%', 'Condition coverage: 86.8%']",TRUE,1,0,,work/Lang_26/src/test/java/org/apache/commons/lang3/time/FastDateFormatTest.java,58576
Lang,27,org.apache.commons.lang3.math.NumberUtils,TRUE,"['     Lines covered: 339', '  Conditions total: 352', 'Conditions covered: 259', '     Line coverage: 90.6%', 'Condition coverage: 73.6%']",FALSE,2,2,,work/Lang_27/src/test/java/org/apache/commons/lang3/math/NumberUtilsTest.java,49344
Lang,28,org.apache.commons.lang3.text.translate.NumericEntityUnescaper,TRUE,"['     Lines covered: 20', '  Conditions total: 14', 'Conditions covered: 14', '     Line coverage: 100.0%', 'Condition coverage: 100.0%']",TRUE,2,0,,work/Lang_28/src/test/java/org/apache/commons/lang3/text/translate/NumericEntityUnescaperTest.java,3889
Lang,29,org.apache.commons.lang3.SystemUtils,TRUE,"['     Lines covered: 133', '  Conditions total: 50', 'Conditions covered: 43', '     Line coverage: 94.3%', 'Condition coverage: 86.0%']",FALSE,1,1,,work/Lang_29/src/test/java/org/apache/commons/lang3/SystemUtilsTest.java,61724
Lang,30,org.apache.commons.lang3.StringUtils,FALSE,,,,,compile failed (buggy): Command failed: defects4j compile -w work/Lang_30,work/Lang_30/src/test/java/org/apache/commons/lang3/StringUtilsTest.java,246036
Lang,31,org.apache.commons.lang3.StringUtils,FALSE,,,,,compile failed (buggy): Command failed: defects4j compile -w work/Lang_31,work/Lang_31/src/test/java/org/apache/commons/lang3/StringUtilsTest.java,245009
Lang,32,org.apache.commons.lang3.builder.HashCodeBuilder,TRUE,"['     Lines covered: 141', '  Conditions total: 86', 'Conditions covered: 84', '     Line coverage: 96.6%', 'Condition coverage: 97.7%']",FALSE,0,,,work/Lang_32/src/test/java/org/apache/commons/lang3/builder/HashCodeBuilderTest.java,34474
Lang,33,org.apache.commons.lang3.ClassUtils,FALSE,,,,,compile failed (buggy): Command failed: defects4j compile -w work/Lang_33,work/Lang_33/src/test/java/org/apache/commons/lang3/ClassUtilsTest.java,44028
Lang,34,org.apache.commons.lang3.builder.ToStringStyle,FALSE,,,,,compile failed (buggy): Command failed: defects4j compile -w work/Lang_34,work/Lang_34/src/test/java/org/apache/commons/lang3/builder/ToStringStyleTest.java,76767
Lang,35,org.apache.commons.lang3.ArrayUtils,FALSE,,,,,compile failed (buggy): Command failed: defects4j compile -w work/Lang_35,work/Lang_35/src/test/java/org/apache/commons/lang3/ArrayUtilsTest.java,181876
Lang,36,org.apache.commons.lang3.math.NumberUtils,TRUE,"['     Lines covered: 362', '  Conditions total: 344', 'Conditions covered: 313', '     Line coverage: 97.8%', 'Condition coverage: 91.0%']",FALSE,2,2,,work/Lang_36/src/test/org/apache/commons/lang3/math/NumberUtilsTest.java,48830
Lang,37,org.apache.commons.lang3.ArrayUtils,FALSE,,,,,compile failed (buggy): Command failed: defects4j compile -w work/Lang_37,work/Lang_37/src/test/org/apache/commons/lang3/ArrayUtilsTest.java,178579
Lang,38,org.apache.commons.lang3.time.FastDateFormat,TRUE,"['     Lines covered: 443', '  Conditions total: 228', 'Conditions covered: 195', '     Line coverage: 95.5%', 'Condition coverage: 85.5%']",FALSE,2,1,,work/Lang_38/src/test/org/apache/commons/lang3/time/FastDateFormatTest.java,58416
Lang,39,org.apache.commons.lang3.StringUtils,FALSE,,,,,compile failed (buggy): Command failed: defects4j compile -w work/Lang_39,work/Lang_39/src/test/org/apache/commons/lang3/StringUtilsTest.java,231333
Lang,40,org.apache.commons.lang.StringUtils,FALSE,,,,,compile failed (buggy): Command failed: defects4j compile -w work/Lang_40,work/Lang_40/src/test/org/apache/commons/lang/StringUtilsTest.java,227995
Lang,41,org.apache.commons.lang.ClassUtils,TRUE,"['     Lines covered: 264', '  Conditions total: 198', 'Conditions covered: 190', '     Line coverage: 96.7%', 'Condition coverage: 96.0%']",FALSE,1,1,,work/Lang_41/src/test/org/apache/commons/lang/ClassUtilsTest.java,42234
Lang,42,org.apache.commons.lang.Entities,FALSE,,,,,compile failed (buggy): Command failed: defects4j compile -w work/Lang_42,work/Lang_42/src/test/org/apache/commons/lang/EntitiesTest.java,42074
Lang,43,org.apache.commons.lang.text.ExtendedMessageFormat,FALSE,,,,,compile failed (buggy): Command failed: defects4j compile -w work/Lang_43,work/Lang_43/src/test/org/apache/commons/lang/text/ExtendedMessageFormatTest.java,18437
Lang,44,org.apache.commons.lang.NumberUtils,FALSE,,,,,compile failed (buggy): Command failed: defects4j compile -w work/Lang_44,work/Lang_44/src/test/org/apache/commons/lang/NumberUtilsTest.java,25588
Lang,45,org.apache.commons.lang.WordUtils,FALSE,,,,,compile failed (buggy): Command failed: defects4j compile -w work/Lang_45,work/Lang_45/src/test/org/apache/commons/lang/WordUtilsTest.java,26816
Lang,46,org.apache.commons.lang.StringEscapeUtils,FALSE,,,,,compile failed (buggy): Command failed: defects4j compile -w work/Lang_46,work/Lang_46/src/test/org/apache/commons/lang/StringEscapeUtilsTest.java,34698
Lang,47,org.apache.commons.lang.text.StrBuilder,FALSE,,,,,compile failed (buggy): Command failed: defects4j compile -w work/Lang_47,work/Lang_47/src/test/org/apache/commons/lang/text/StrBuilderTest.java,93384
Lang,49,org.apache.commons.lang.math.Fraction,FALSE,,,,,compile failed (buggy): Command failed: defects4j compile -w work/Lang_49,work/Lang_49/src/test/org/apache/commons/lang/math/FractionTest.java,36020
Lang,50,org.apache.commons.lang.time.FastDateFormat,FALSE,,,,,compile failed (buggy): Command failed: defects4j compile -w work/Lang_50,work/Lang_50/src/test/org/apache/commons/lang/time/FastDateFormatTest.java,58077
Lang,51,org.apache.commons.lang.BooleanUtils,FALSE,,,,,compile failed (buggy): Command failed: defects4j compile -w work/Lang_51,work/Lang_51/src/test/org/apache/commons/lang/BooleanUtilsTest.java,37768
Lang,52,org.apache.commons.lang.StringEscapeUtils,FALSE,,,,,compile failed (buggy): Command failed: defects4j compile -w work/Lang_52,work/Lang_52/src/test/org/apache/commons/lang/StringEscapeUtilsTest.java,27883
Lang,53,org.apache.commons.lang.time.DateUtils,FALSE,,,,,compile failed (buggy): Command failed: defects4j compile -w work/Lang_53,work/Lang_53/src/test/org/apache/commons/lang/time/DateUtilsTest.java,40789
Lang,54,org.apache.commons.lang.LocaleUtils,FALSE,,,,,compile failed (buggy): Command failed: defects4j compile -w work/Lang_54,work/Lang_54/src/test/org/apache/commons/lang/LocaleUtilsTest.java,12932
Lang,55,org.apache.commons.lang.time.StopWatch,FALSE,,,,,compile failed (buggy): Command failed: defects4j compile -w work/Lang_55,work/Lang_55/src/test/org/apache/commons/lang/time/StopWatchTest.java,10449
Lang,56,org.apache.commons.lang.time.FastDateFormat,FALSE,,,,,compile failed (buggy): Command failed: defects4j compile -w work/Lang_56,work/Lang_56/src/test/org/apache/commons/lang/time/FastDateFormatTest.java,57574
Lang,57,org.apache.commons.lang.LocaleUtils,FALSE,,,,,compile failed (buggy): Command failed: defects4j compile -w work/Lang_57,work/Lang_57/src/test/org/apache/commons/lang/LocaleUtilsTest.java,12930
Lang,58,org.apache.commons.lang.math.NumberUtils,FALSE,,,,,compile failed (buggy): Command failed: defects4j compile -w work/Lang_58,work/Lang_58/src/test/org/apache/commons/lang/math/NumberUtilsTest.java,54520
Lang,59,org.apache.commons.lang.text.StrBuilder,FALSE,,,,,compile failed (buggy): Command failed: defects4j compile -w work/Lang_59,work/Lang_59/src/test/org/apache/commons/lang/text/StrBuilderTest.java,82188
Lang,60,org.apache.commons.lang.text.StrBuilder,FALSE,,,,,compile failed (buggy): Command failed: defects4j compile -w work/Lang_60,work/Lang_60/src/test/org/apache/commons/lang/text/StrBuilderTest.java,82203
Lang,61,org.apache.commons.lang.text.StrBuilder,FALSE,,,,,compile failed (buggy): Command failed: defects4j compile -w work/Lang_61,work/Lang_61/src/test/org/apache/commons/lang/text/StrBuilderTest.java,82209
Lang,62,org.apache.commons.lang.Entities,FALSE,,,,,compile failed (buggy): Command failed: defects4j compile -w work/Lang_62,work/Lang_62/src/test/org/apache/commons/lang/EntitiesTest.java,41648
Lang,63,org.apache.commons.lang.time.DurationFormatUtils,FALSE,,,,,compile failed (buggy): Command failed: defects4j compile -w work/Lang_63,work/Lang_63/src/test/org/apache/commons/lang/time/DurationFormatUtilsTest.java,25928
Lang,64,org.apache.commons.lang.enums.ValuedEnum,FALSE,,,,,compile failed (buggy): Command failed: defects4j compile -w work/Lang_64,work/Lang_64/src/test/org/apache/commons/lang/enums/ValuedEnumTest.java,8526
Lang,65,org.apache.commons.lang.time.DateUtils,FALSE,,,,,compile failed (buggy): Command failed: defects4j compile -w work/Lang_65,work/Lang_65/src/test/org/apache/commons/lang/time/DateUtilsTest.java,39670
Math,1,org.apache.commons.math3.fraction.BigFraction,FALSE,,,,,compile failed (buggy): Command failed: defects4j compile -w work/Math_1,work/Math_1/src/test/java/org/apache/commons/math3/fraction/BigFractionTest.java,39664
Math,1,org.apache.commons.math3.fraction.Fraction,FALSE,,,,,compile failed (buggy): Command failed: defects4j compile -w work/Math_1,work/Math_1/src/test/java/org/apache/commons/math3/fraction/FractionTest.java,24808
Math,2,org.apache.commons.math3.distribution.HypergeometricDistribution,FALSE,,,,,compile failed (buggy): Command failed: defects4j compile -w work/Math_2,work/Math_2/src/test/java/org/apache/commons/math3/distribution/HypergeometricDistributionTest.java,12973
Math,3,org.apache.commons.math3.util.MathArrays,TRUE,"['     Lines covered: 414', '  Conditions total: 234', 'Conditions covered: 222', '     Line coverage: 98.3%', 'Condition coverage: 94.9%']",FALSE,0,,,work/Math_3/src/test/java/org/apache/commons/math3/util/MathArraysTest.java,56323
Math,4,org.apache.commons.math3.geometry.euclidean.threed.SubLine,FALSE,,,,,compile failed (buggy): Command failed: defects4j compile -w work/Math_4,work/Math_4/src/test/java/org/apache/commons/math3/geometry/euclidean/threed/SubLineTest.java,7128
Math,4,org.apache.commons.math3.geometry.euclidean.twod.SubLine,FALSE,,,,,compile failed (buggy): Command failed: defects4j compile -w work/Math_4,work/Math_4/src/test/java/org/apache/commons/math3/geometry/euclidean/twod/SubLineTest.java,10761
Math,5,org.apache.commons.math3.complex.Complex,FALSE,,,,,compile failed (buggy): Command failed: defects4j compile -w work/Math_5,work/Math_5/src/test/java/org/apache/commons/math3/complex/ComplexTest.java,42559
Math,6,org.apache.commons.math3.optim.BaseOptimizer,TRUE,"['     Lines covered: 1114', '  Conditions total: 587', 'Conditions covered: 495', '     Line coverage: 92.5%', 'Condition coverage: 84.3%']",FALSE,2,3,,work/Math_6/src/test/java/org/apache/commons/math3/optim/BaseOptimizerTest.java,8664
Math,6,org.apache.commons.math3.optim.nonlinear.scalar.gradient.NonLinearConjugateGradientOptimizer,TRUE,"['     Lines covered: 1123', '  Conditions total: 587', 'Conditions covered: 500', '     Line coverage: 93.3%', 'Condition coverage: 85.2%']",FALSE,0,,,work/Math_6/src/test/java/org/apache/commons/math3/optim/nonlinear/scalar/gradient/NonLinearConjugateGradientOptimizerTest.java,16390
Math,6,org.apache.commons.math3.optim.nonlinear.scalar.noderiv.CMAESOptimizer,TRUE,"['     Lines covered: 1113', '  Conditions total: 587', 'Conditions covered: 487', '     Line coverage: 92.4%', 'Condition coverage: 83.0%']",FALSE,7,7,,work/Math_6/src/test/java/org/apache/commons/math3/optim/nonlinear/scalar/noderiv/CMAESOptimizerTest.java,51862
Math,6,org.apache.commons.math3.optim.nonlinear.scalar.noderiv.PowellOptimizer,TRUE,"['     Lines covered: 1116', '  Conditions total: 587', 'Conditions covered: 489', '     Line coverage: 92.7%', 'Condition coverage: 83.3%']",TRUE,1,0,,work/Math_6/src/test/java/org/apache/commons/math3/optim/nonlinear/scalar/noderiv/PowellOptimizerTest.java,15902
Math,6,org.apache.commons.math3.optim.nonlinear.scalar.noderiv.SimplexOptimizer,TRUE,"['     Lines covered: 1117', '  Conditions total: 587', 'Conditions covered: 491', '     Line coverage: 92.8%', 'Condition coverage: 83.6%']",FALSE,1,1,,work/Math_6/src/test/java/org/apache/commons/math3/optim/nonlinear/scalar/noderiv/SimplexOptimizerTest.java,9705
Math,6,org.apache.commons.math3.optim.nonlinear.vector.jacobian.GaussNewtonOptimizer,FALSE,,,,,compile failed (buggy): Command failed: defects4j compile -w work/Math_6,work/Math_6/src/test/java/org/apache/commons/math3/optim/nonlinear/vector/jacobian/GaussNewtonOptimizerTest.java,8312
Math,6,org.apache.commons.math3.optim.nonlinear.vector.jacobian.LevenbergMarquardtOptimizer,FALSE,,,,,compile failed (buggy): Command failed: defects4j compile -w work/Math_6,work/Math_6/src/test/java/org/apache/commons/math3/optim/nonlinear/vector/jacobian/LevenbergMarquardtOptimizerTest.java,41625
Math,7,org.apache.commons.math3.ode.AbstractIntegrator,FALSE,,,,,compile failed (buggy): Command failed: defects4j compile -w work/Math_7,work/Math_7/src/test/java/org/apache/commons/math3/ode/AbstractIntegratorTest.java,18309
Math,8,org.apache.commons.math3.distribution.DiscreteDistribution,TRUE,"['     Lines covered: 39', '  Conditions total: 24', 'Conditions covered: 23', '     Line coverage: 97.5%', 'Condition coverage: 95.8%']",FALSE,3,, | fixed-version check failed: Command failed: defects4j compile -w work/Math_8_fixed,work/Math_8/src/test/java/org/apache/commons/math3/distribution/DiscreteDistributionTest.java,8300
Math,9,org.apache.commons.math3.geometry.euclidean.threed.Line,FALSE,,,,,compile failed (buggy): Command failed: defects4j compile -w work/Math_9,work/Math_9/src/test/java/org/apache/commons/math3/geometry/euclidean/threed/LineTest.java,9479
Math,10,org.apache.commons.math3.analysis.differentiation.DSCompiler,TRUE,"['     Lines covered: 553', '  Conditions total: 286', 'Conditions covered: 285', '     Line coverage: 100.0%', 'Condition coverage: 99.7%']",FALSE,0,,,work/Math_10/src/test/java/org/apache/commons/math3/analysis/differentiation/DSCompilerTest.java,76756
Math,11,org.apache.commons.math3.distribution.MultivariateNormalDistribution,TRUE,"['     Lines covered: 59', '  Conditions total: 28', 'Conditions covered: 28', '     Line coverage: 100.0%', 'Condition coverage: 100.0%']",TRUE,1,0,,work/Math_11/src/test/java/org/apache/commons/math3/distribution/MultivariateNormalDistributionTest.java,10126
Math,12,org.apache.commons.math3.random.BitsStreamGenerator,TRUE,"['     Lines covered: 19', '  Conditions total: 14', 'Conditions covered: 2', '     Line coverage: 39.6%', 'Condition coverage: 14.3%']",FALSE,1,1,,work/Math_12/src/test/java/org/apache/commons/math3/random/BitsStreamGeneratorTest.java,6548
Math,13,org.apache.commons.math3.optimization.general.AbstractLeastSquaresOptimizer,FALSE,,,,,compile failed (buggy): Command failed: defects4j compile -w work/Math_13,work/Math_13/src/test/java/org/apache/commons/math3/optimization/general/AbstractLeastSquaresOptimizerTest.java,24412
Math,14,org.apache.commons.math3.optim.nonlinear.vector.Weight,TRUE,"['     Lines covered: 51', '  Conditions total: 14', 'Conditions covered: 13', '     Line coverage: 100.0%', 'Condition coverage: 92.9%']",FALSE,0,,,work/Math_14/src/test/java/org/apache/commons/math3/optim/nonlinear/vector/WeightTest.java,3510
Math,14,org.apache.commons.math3.optim.nonlinear.vector.jacobian.AbstractLeastSquaresOptimizer,TRUE,"['     Lines covered: 45', '  Conditions total: 14', 'Conditions covered: 11', '     Line coverage: 88.2%', 'Condition coverage: 78.6%']",FALSE,1,1,,work/Math_14/src/test/java/org/apache/commons/math3/optim/nonlinear/vector/jacobian/AbstractLeastSquaresOptimizerTest.java,11558
Math,15,org.apache.commons.math3.util.FastMath,TRUE,"['     Lines covered: 1424', '  Conditions total: 798', 'Conditions covered: 720', '     Line coverage: 95.1%', 'Condition coverage: 90.2%']",FALSE,2,1,,work/Math_15/src/test/java/org/apache/commons/math3/util/FastMathTest.java,122366
Math,16,org.apache.commons.math3.util.FastMath,TRUE,"['     Lines covered: 1435', '  Conditions total: 790', 'Conditions covered: 722', '     Line coverage: 96.7%', 'Condition coverage: 91.4%']",FALSE,2,2,,work/Math_16/src/test/java/org/apache/commons/math3/util/FastMathTest.java,121639
Math,17,org.apache.commons.math3.dfp.Dfp,TRUE,"['     Lines covered: 848', '  Conditions total: 738', 'Conditions covered: 569', '     Line coverage: 82.4%', 'Condition coverage: 77.1%']",FALSE,2,1,,work/Math_17/src/test/java/org/apache/commons/math3/dfp/DfpTest.java,77719
Math,18,org.apache.commons.math3.optimization.direct.CMAESOptimizer,TRUE,"['     Lines covered: 483', '  Conditions total: 276', 'Conditions covered: 237', '     Line coverage: 94.7%', 'Condition coverage: 85.9%']",FALSE,1,1,,work/Math_18/src/test/java/org/apache/commons/math3/optimization/direct/CMAESOptimizerTest.java,56112
Math,19,org.apache.commons.math3.optimization.direct.CMAESOptimizer,TRUE,"['     Lines covered: 476', '  Conditions total: 272', 'Conditions covered: 235', '     Line coverage: 95.0%', 'Condition coverage: 86.4%']",FALSE,0,,,work/Math_19/src/test/java/org/apache/commons/math3/optimization/direct/CMAESOptimizerTest.java,55399
Math,20,org.apache.commons.math3.optimization.direct.CMAESOptimizer,TRUE,"['     Lines covered: 471', '  Conditions total: 268', 'Conditions covered: 227', '     Line coverage: 94.2%', 'Condition coverage: 84.7%']",FALSE,0,,,work/Math_20/src/test/java/org/apache/commons/math3/optimization/direct/CMAESOptimizerTest.java,54854
Math,21,org.apache.commons.math3.linear.RectangularCholeskyDecomposition,TRUE,"['     Lines covered: 52', '  Conditions total: 28', 'Conditions covered: 28', '     Line coverage: 100.0%', 'Condition coverage: 100.0%']",FALSE,3,3,,work/Math_21/src/test/java/org/apache/commons/math3/linear/RectangularCholeskyDecompositionTest.java,7814
Math,22,org.apache.commons.math3.distribution.FDistribution,TRUE,"['     Lines covered: 84', '  Conditions total: 22', 'Conditions covered: 22', '     Line coverage: 97.7%', 'Condition coverage: 100.0%']",FALSE,0,,,work/Math_22/src/test/java/org/apache/commons/math3/distribution/FDistributionTest.java,11199
Math,22,org.apache.commons.math3.distribution.UniformRealDistribution,TRUE,"['     Lines covered: 86', '  Conditions total: 22', 'Conditions covered: 22', '     Line coverage: 100.0%', 'Condition coverage: 100.0%']",FALSE,0,,,work/Math_22/src/test/java/org/apache/commons/math3/distribution/UniformRealDistributionTest.java,7502
Math,23,org.apache.commons.math3.optimization.univariate.BrentOptimizer,FALSE,,,,,compile failed (buggy): Command failed: defects4j compile -w work/Math_23,work/Math_23/src/test/java/org/apache/commons/math3/optimization/univariate/BrentOptimizerTest.java,11839
Math,24,org.apache.commons.math3.optimization.univariate.BrentOptimizer,FALSE,,,,,compile failed (buggy): Command failed: defects4j compile -w work/Math_24,work/Math_24/src/test/java/org/apache/commons/math3/optimization/univariate/BrentOptimizerTest.java,11350
Math,25,org.apache.commons.math3.optimization.fitting.HarmonicFitter,TRUE,"['     Lines covered: 93', '  Conditions total: 28', 'Conditions covered: 26', '     Line coverage: 98.9%', 'Condition coverage: 92.9%']",FALSE,3,3,,work/Math_25/src/test/java/org/apache/commons/math3/optimization/fitting/HarmonicFitterTest.java,16505
Math,26,org.apache.commons.math3.fraction.Fraction,FALSE,,,,,compile failed (buggy): Command failed: defects4j compile -w work/Math_26,work/Math_26/src/test/java/org/apache/commons/math3/fraction/FractionTest.java,24469
Math,27,org.apache.commons.math3.fraction.Fraction,FALSE,,,,,compile failed (buggy): Command failed: defects4j compile -w work/Math_27,work/Math_27/src/test/java/org/apache/commons/math3/fraction/FractionTest.java,24477
Math,28,org.apache.commons.math3.optimization.linear.SimplexSolver,TRUE,"['     Lines covered: 67', '  Conditions total: 48', 'Conditions covered: 35', '     Line coverage: 84.8%', 'Condition coverage: 72.9%']",FALSE,2,2,,work/Math_28/src/test/java/org/apache/commons/math3/optimization/linear/SimplexSolverTest.java,10501
Math,29,org.apache.commons.math3.linear.OpenMapRealVector,TRUE,"['     Lines covered: 321', '  Conditions total: 134', 'Conditions covered: 133', '     Line coverage: 100.0%', 'Condition coverage: 99.3%']",FALSE,0,,,work/Math_29/src/test/java/org/apache/commons/math3/linear/OpenMapRealVectorTest.java,26912
Math,30,org.apache.commons.math3.stat.inference.MannWhitneyUTest,TRUE,"['     Lines covered: 34', '  Conditions total: 10', 'Conditions covered: 10', '     Line coverage: 100.0%', 'Condition coverage: 100.0%']",TRUE,1,0,,work/Math_30/src/test/java/org/apache/commons/math3/stat/inference/MannWhitneyUTestTest.java,9920
Math,31,org.apache.commons.math3.util.ContinuedFraction,TRUE,"['     Lines covered: 56', '  Conditions total: 30', 'Conditions covered: 24', '     Line coverage: 94.9%', 'Condition coverage: 80.0%']",FALSE,1,2,,work/Math_31/src/test/java/org/apache/commons/math3/util/ContinuedFractionTest.java,8484
Math,32,org.apache.commons.math3.geometry.euclidean.twod.PolygonsSet,FALSE,,,,,compile failed (buggy): Command failed: defects4j compile -w work/Math_32,work/Math_32/src/test/java/org/apache/commons/math3/geometry/euclidean/twod/PolygonsSetTest.java,21056
Math,33,org.apache.commons.math3.optimization.linear.SimplexTableau,TRUE,"['     Lines covered: 185', '  Conditions total: 124', 'Conditions covered: 116', '     Line coverage: 100.0%', 'Condition coverage: 93.5%']",FALSE,0,,,work/Math_33/src/test/java/org/apache/commons/math3/optimization/linear/SimplexTableauTest.java,24093
Math,34,org.apache.commons.math3.genetics.ListPopulation,FALSE,,,,,compile failed (buggy): Command failed: defects4j compile -w work/Math_34,work/Math_34/src/test/java/org/apache/commons/math3/genetics/ListPopulationTest.java,9386
Math,35,org.apache.commons.math3.genetics.ElitisticListPopulation,FALSE,,,,,compile failed (buggy): Command failed: defects4j compile -w work/Math_35,work/Math_35/src/test/java/org/apache/commons/math3/genetics/ElitisticListPopulationTest.java,5535
Math,36,org.apache.commons.math.fraction.BigFraction,TRUE,"['     Lines covered: 226', '  Conditions total: 92', 'Conditions covered: 89', '     Line coverage: 98.3%', 'Condition coverage: 96.7%']",FALSE,3,3,,work/Math_36/src/test/java/org/apache/commons/math/fraction/BigFractionTest.java,38732
Math,37,org.apache.commons.math.complex.Complex,TRUE,"['     Lines covered: 218', '  Conditions total: 158', 'Conditions covered: 150', '     Line coverage: 99.1%', 'Condition coverage: 94.9%']",FALSE,0,,,work/Math_37/src/test/java/org/apache/commons/math/complex/ComplexTest.java,42150
Math,38,org.apache.commons.math.optimization.direct.BOBYQAOptimizer,TRUE,"['     Lines covered: 945', '  Conditions total: 624', 'Conditions covered: 453', '     Line coverage: 78.8%', 'Condition coverage: 72.6%']",FALSE,7,3,,work/Math_38/src/test/java/org/apache/commons/math/optimization/direct/BOBYQAOptimizerTest.java,114929
Math,39,org.apache.commons.math.ode.nonstiff.EmbeddedRungeKuttaIntegrator,FALSE,,,,,compile failed (buggy): Command failed: defects4j compile -w work/Math_39,work/Math_39/src/test/java/org/apache/commons/math/ode/nonstiff/EmbeddedRungeKuttaIntegratorTest.java,14439
Math,40,org.apache.commons.math.analysis.solvers.BracketingNthOrderBrentSolver,TRUE,"['     Lines covered: 124', '  Conditions total: 66', 'Conditions covered: 60', '     Line coverage: 98.4%', 'Condition coverage: 90.9%']",FALSE,2,1,,work/Math_40/src/test/java/org/apache/commons/math/analysis/solvers/BracketingNthOrderBrentSolverTest.java,16029
Math,41,org.apache.commons.math.stat.descriptive.moment.Variance,TRUE,"['     Lines covered: 111', '  Conditions total: 46', 'Conditions covered: 39', '     Line coverage: 99.1%', 'Condition coverage: 84.8%']",FALSE,3,2,,work/Math_41/src/test/java/org/apache/commons/math/stat/descriptive/moment/VarianceTest.java,26083
Math,42,org.apache.commons.math.optimization.linear.SimplexTableau,TRUE,"['     Lines covered: 183', '  Conditions total: 120', 'Conditions covered: 116', '     Line coverage: 100.0%', 'Condition coverage: 96.7%']",FALSE,0,,,work/Math_42/src/test/java/org/apache/commons/math/optimization/linear/SimplexTableauTest.java,24005
Math,43,org.apache.commons.math.stat.descriptive.SummaryStatistics,FALSE,,,,,compile failed (buggy): Command failed: defects4j compile -w work/Math_43,work/Math_43/src/test/java/org/apache/commons/math/stat/descriptive/SummaryStatisticsTest.java,26539
Math,44,org.apache.commons.math.ode.AbstractIntegrator,FALSE,,,,,compile failed (buggy): Command failed: defects4j compile -w work/Math_44,work/Math_44/src/test/java/org/apache/commons/math/ode/AbstractIntegratorTest.java,16519
Math,45,org.apache.commons.math.linear.OpenMapRealMatrix,TRUE,"['     Lines covered: 97', '  Conditions total: 22', 'Conditions covered: 22', '     Line coverage: 100.0%', 'Condition coverage: 100.0%']",FALSE,3,2,,work/Math_45/src/test/java/org/apache/commons/math/linear/OpenMapRealMatrixTest.java,10309
Math,46,org.apache.commons.math.complex.Complex,TRUE,"['     Lines covered: 200', '  Conditions total: 148', 'Conditions covered: 145', '     Line coverage: 99.0%', 'Condition coverage: 98.0%']",FALSE,0,,,work/Math_46/src/test/java/org/apache/commons/math/complex/ComplexTest.java,41267
Math,47,org.apache.commons.math.complex.Complex,TRUE,"['     Lines covered: 198', '  Conditions total: 142', 'Conditions covered: 137', '     Line coverage: 98.5%', 'Condition coverage: 96.5%']",FALSE,0,,,work/Math_47/src/test/java/org/apache/commons/math/complex/ComplexTest.java,41074
Math,48,org.apache.commons.math.analysis.solvers.BaseSecantSolver,TRUE,"['     Lines covered: 70', '  Conditions total: 46', 'Conditions covered: 43', '     Line coverage: 95.9%', 'Condition coverage: 93.5%']",FALSE,0,,,work/Math_48/src/test/java/org/apache/commons/math/analysis/solvers/BaseSecantSolverTest.java,11077
Math,49,org.apache.commons.math.linear.OpenMapRealVector,TRUE,"['     Lines covered: 362', '  Conditions total: 152', 'Conditions covered: 146', '     Line coverage: 95.8%', 'Condition coverage: 96.1%']",FALSE,1,1,,work/Math_49/src/test/java/org/apache/commons/math/linear/OpenMapRealVectorTest.java,29389
Math,50,org.apache.commons.math.analysis.solvers.BaseSecantSolver,TRUE,"['     Lines covered: 72', '  Conditions total: 48', 'Conditions covered: 45', '     Line coverage: 96.0%', 'Condition coverage: 93.8%']",FALSE,0,,,work/Math_50/src/test/java/org/apache/commons/math/analysis/solvers/BaseSecantSolverTest.java,11090
Math,51,org.apache.commons.math.analysis.solvers.BaseSecantSolver,TRUE,"['     Lines covered: 69', '  Conditions total: 45', 'Conditions covered: 43', '     Line coverage: 97.2%', 'Condition coverage: 95.6%']",FALSE,0,,,work/Math_51/src/test/java/org/apache/commons/math/analysis/solvers/BaseSecantSolverTest.java,10863
Math,52,org.apache.commons.math.geometry.euclidean.threed.Rotation,FALSE,,,,,compile failed (buggy): Command failed: defects4j compile -w work/Math_52,work/Math_52/src/test/java/org/apache/commons/math/geometry/euclidean/threed/RotationTest.java,42871
Math,53,org.apache.commons.math.complex.Complex,TRUE,"['     Lines covered: 168', '  Conditions total: 114', 'Conditions covered: 111', '     Line coverage: 98.8%', 'Condition coverage: 97.4%']",FALSE,0,,,work/Math_53/src/test/java/org/apache/commons/math/complex/ComplexTest.java,37367
Math,54,org.apache.commons.math.dfp.Dfp,TRUE,"['     Lines covered: 914', '  Conditions total: 694', 'Conditions covered: 595', '     Line coverage: 91.8%', 'Condition coverage: 85.7%']",FALSE,2,1,,work/Math_54/src/test/java/org/apache/commons/math/dfp/DfpTest.java,74677
Math,55,org.apache.commons.math.geometry.Vector3D,TRUE,"['     Lines covered: 116', '  Conditions total: 48', 'Conditions covered: 46', '     Line coverage: 100.0%', 'Condition coverage: 95.8%']",FALSE,1,1,,work/Math_55/src/test/java/org/apache/commons/math/geometry/Vector3DTest.java,19454
Math,56,org.apache.commons.math.util.MultidimensionalCounter,TRUE,"['     Lines covered: 73', '  Conditions total: 34', 'Conditions covered: 32', '     Line coverage: 97.3%', 'Condition coverage: 94.1%']",FALSE,2,1,,work/Math_56/src/test/java/org/apache/commons/math/util/MultidimensionalCounterTest.java,9997
Math,57,org.apache.commons.math.stat.clustering.KMeansPlusPlusClusterer,TRUE,"['     Lines covered: 67', '  Conditions total: 54', 'Conditions covered: 26', '     Line coverage: 55.8%', 'Condition coverage: 48.1%']",FALSE,0,,,work/Math_57/src/test/java/org/apache/commons/math/stat/clustering/KMeansPlusPlusClustererTest.java,13677
Math,58,org.apache.commons.math.optimization.fitting.GaussianFitter,TRUE,"['     Lines covered: 88', '  Conditions total: 58', 'Conditions covered: 43', '     Line coverage: 91.7%', 'Condition coverage: 74.1%']",FALSE,0,,,work/Math_58/src/test/java/org/apache/commons/math/optimization/fitting/GaussianFitterTest.java,14703
Math,59,org.apache.commons.math.util.FastMath,TRUE,"['     Lines covered: 1496', '  Conditions total: 652', 'Conditions covered: 511', '     Line coverage: 96.6%', 'Condition coverage: 78.4%']",FALSE,2,1,,work/Math_59/src/test/java/org/apache/commons/math/util/FastMathTest.java,104620
Math,60,org.apache.commons.math.distribution.NormalDistributionImpl,TRUE,"['     Lines covered: 41', '  Conditions total: 18', 'Conditions covered: 14', '     Line coverage: 87.2%', 'Condition coverage: 77.8%']",TRUE,1,0,,work/Math_60/src/test/java/org/apache/commons/math/distribution/NormalDistributionImplTest.java,9388
Math,61,org.apache.commons.math.distribution.PoissonDistributionImpl,FALSE,,,,,compile failed (buggy): Command failed: defects4j compile -w work/Math_61,work/Math_61/src/test/java/org/apache/commons/math/distribution/PoissonDistributionImplTest.java,9630
Math,62,org.apache.commons.math.optimization.univariate.MultiStartUnivariateRealOptimizer,TRUE,"['     Lines covered: 47', '  Conditions total: 18', 'Conditions covered: 17', '     Line coverage: 100.0%', 'Condition coverage: 94.4%']",FALSE,0,,,work/Math_62/src/test/java/org/apache/commons/math/optimization/univariate/MultiStartUnivariateRealOptimizerTest.java,9536
Math,63,org.apache.commons.math.util.MathUtils,TRUE,"['     Lines covered: 471', '  Conditions total: 441', 'Conditions covered: 395', '     Line coverage: 90.9%', 'Condition coverage: 89.6%']",FALSE,1,2,,work/Math_63/src/test/java/org/apache/commons/math/util/MathUtilsTest.java,70167
Math,64,org.apache.commons.math.optimization.general.LevenbergMarquardtOptimizer,FALSE,,,,,compile failed (buggy): Command failed: defects4j compile -w work/Math_64,work/Math_64/src/test/java/org/apache/commons/math/optimization/general/LevenbergMarquardtOptimizerTest.java,35988
Math,65,org.apache.commons.math.optimization.general.AbstractLeastSquaresOptimizer,FALSE,,,,,compile failed (buggy): Command failed: defects4j compile -w work/Math_65,work/Math_65/src/test/java/org/apache/commons/math/optimization/general/AbstractLeastSquaresOptimizerTest.java,14549
Math,66,org.apache.commons.math.optimization.univariate.BrentOptimizer,TRUE,"['     Lines covered: 102', '  Conditions total: 58', 'Conditions covered: 57', '     Line coverage: 100.0%', 'Condition coverage: 98.3%']",FALSE,0,,,work/Math_66/src/test/java/org/apache/commons/math/optimization/univariate/BrentOptimizerTest.java,10036
Math,67,org.apache.commons.math.optimization.MultiStartUnivariateRealOptimizer,TRUE,"['     Lines covered: 86', '  Conditions total: 34', 'Conditions covered: 32', '     Line coverage: 92.5%', 'Condition coverage: 94.1%']",FALSE,4,3,,work/Math_67/src/test/java/org/apache/commons/math/optimization/MultiStartUnivariateRealOptimizerTest.java,13282
Math,68,org.apache.commons.math.optimization.general.LevenbergMarquardtOptimizer,TRUE,"['     Lines covered: 322', '  Conditions total: 196', 'Conditions covered: 178', '     Line coverage: 97.0%', 'Condition coverage: 90.8%']",FALSE,0,,,work/Math_68/src/test/java/org/apache/commons/math/optimization/general/LevenbergMarquardtOptimizerTest.java,35134
Math,69,org.apache.commons.math.stat.correlation.PearsonsCorrelation,FALSE,,,,,compile failed (buggy): Command failed: defects4j compile -w work/Math_69,work/Math_69/src/test/java/org/apache/commons/math/stat/correlation/PearsonsCorrelationTest.java,12343
Math,70,org.apache.commons.math.analysis.solvers.BisectionSolver,TRUE,"['     Lines covered: 23', '  Conditions total: 6', 'Conditions covered: 6', '     Line coverage: 100.0%', 'Condition coverage: 100.0%']",TRUE,1,0,,work/Math_70/src/test/java/org/apache/commons/math/analysis/solvers/BisectionSolverTest.java,4736
Math,71,org.apache.commons.math.ode.nonstiff.EmbeddedRungeKuttaIntegrator,FALSE,,,,,compile failed (buggy): Command failed: defects4j compile -w work/Math_71,work/Math_71/src/test/java/org/apache/commons/math/ode/nonstiff/EmbeddedRungeKuttaIntegratorTest.java,15961
Math,71,org.apache.commons.math.ode.nonstiff.RungeKuttaIntegrator,FALSE,,,,,compile failed (buggy): Command failed: defects4j compile -w work/Math_71,work/Math_71/src/test/java/org/apache/commons/math/ode/nonstiff/RungeKuttaIntegratorTest.java,8772
Math,72,org.apache.commons.math.analysis.solvers.BrentSolver,TRUE,"['     Lines covered: 106', '  Conditions total: 54', 'Conditions covered: 52', '     Line coverage: 99.1%', 'Condition coverage: 96.3%']",TRUE,2,0,,work/Math_72/src/test/java/org/apache/commons/math/analysis/solvers/BrentSolverTest.java,13116
Math,73,org.apache.commons.math.analysis.solvers.BrentSolver,TRUE,"['     Lines covered: 100', '  Conditions total: 52', 'Conditions covered: 49', '     Line coverage: 96.2%', 'Condition coverage: 94.2%']",FALSE,5,4,,work/Math_73/src/test/java/org/apache/commons/math/analysis/solvers/BrentSolverTest.java,12939
Math,74,org.apache.commons.math.ode.nonstiff.EmbeddedRungeKuttaIntegrator,FALSE,,,,,compile failed (buggy): Command failed: defects4j compile -w work/Math_74,work/Math_74/src/test/java/org/apache/commons/math/ode/nonstiff/EmbeddedRungeKuttaIntegratorTest.java,15430
Math,75,org.apache.commons.math.stat.Frequency,TRUE,"['     Lines covered: 116', '  Conditions total: 48', 'Conditions covered: 38', '     Line coverage: 86.6%', 'Condition coverage: 79.2%']",FALSE,3,3,,work/Math_75/src/test/java/org/apache/commons/math/stat/FrequencyTest.java,19788
Math,76,org.apache.commons.math.linear.SingularValueDecompositionImpl,TRUE,"['     Lines covered: 133', '  Conditions total: 54', 'Conditions covered: 51', '     Line coverage: 99.3%', 'Condition coverage: 94.4%']",FALSE,0,,,work/Math_76/src/test/java/org/apache/commons/math/linear/SingularValueDecompositionImplTest.java,16959
Math,77,org.apache.commons.math.linear.ArrayRealVector,FALSE,,,,,compile failed (buggy): Command failed: defects4j compile -w work/Math_77,work/Math_77/src/test/java/org/apache/commons/math/linear/ArrayRealVectorTest.java,37184
Math,77,org.apache.commons.math.linear.OpenMapRealVector,FALSE,,,,,compile failed (buggy): Command failed: defects4j compile -w work/Math_77,work/Math_77/src/test/java/org/apache/commons/math/linear/OpenMapRealVectorTest.java,29794
Math,78,org.apache.commons.math.ode.events.EventState,TRUE,"['     Lines covered: 76', '  Conditions total: 50', 'Conditions covered: 39', '     Line coverage: 84.4%', 'Condition coverage: 78.0%']",FALSE,5,5,,work/Math_78/src/test/java/org/apache/commons/math/ode/events/EventStateTest.java,14475
Math,79,org.apache.commons.math.util.MathUtils,TRUE,"['     Lines covered: 396', '  Conditions total: 345', 'Conditions covered: 315', '     Line coverage: 94.3%', 'Condition coverage: 91.3%']",FALSE,6,6,,work/Math_79/src/test/java/org/apache/commons/math/util/MathUtilsTest.java,57873
Math,80,org.apache.commons.math.linear.EigenDecompositionImpl,FALSE,,,,,compile failed (buggy): Command failed: defects4j compile -w work/Math_80,work/Math_80/src/test/java/org/apache/commons/math/linear/EigenDecompositionImplTest.java,68277
Math,81,org.apache.commons.math.linear.EigenDecompositionImpl,FALSE,,,,,compile failed (buggy): Command failed: defects4j compile -w work/Math_81,work/Math_81/src/test/java/org/apache/commons/math/linear/EigenDecompositionImplTest.java,68223
Math,82,org.apache.commons.math.optimization.linear.SimplexSolver,TRUE,"['     Lines covered: 58', '  Conditions total: 36', 'Conditions covered: 34', '     Line coverage: 96.7%', 'Condition coverage: 94.4%']",FALSE,0,,,work/Math_82/src/test/java/org/apache/commons/math/optimization/linear/SimplexSolverTest.java,8115
Math,83,org.apache.commons.math.optimization.linear.SimplexTableau,FALSE,,,,,compile failed (buggy): Command failed: defects4j compile -w work/Math_83,work/Math_83/src/test/java/org/apache/commons/math/optimization/linear/SimplexTableauTest.java,21977
Math,84,org.apache.commons.math.optimization.direct.MultiDirectional,FALSE,,,,,compile failed (buggy): Command failed: defects4j compile -w work/Math_84,work/Math_84/src/test/java/org/apache/commons/math/optimization/direct/MultiDirectionalTest.java,6089
Math,85,org.apache.commons.math.analysis.solvers.UnivariateRealSolverUtils,TRUE,"['     Lines covered: 36', '  Conditions total: 22', 'Conditions covered: 22', '     Line coverage: 94.7%', 'Condition coverage: 100.0%']",FALSE,1,1,,work/Math_85/src/test/org/apache/commons/math/analysis/solvers/UnivariateRealSolverUtilsTest.java,11360
Math,86,org.apache.commons.math.linear.CholeskyDecompositionImpl,FALSE,,,,,compile failed (buggy): Command failed: defects4j compile -w work/Math_86,work/Math_86/src/test/org/apache/commons/math/linear/CholeskyDecompositionImplTest.java,13735
Math,87,org.apache.commons.math.optimization.linear.SimplexTableau,FALSE,,,,,compile failed (buggy): Command failed: defects4j compile -w work/Math_87,work/Math_87/src/test/org/apache/commons/math/optimization/linear/SimplexTableauTest.java,21078
Math,88,org.apache.commons.math.optimization.linear.SimplexTableau,FALSE,,,,,compile failed (buggy): Command failed: defects4j compile -w work/Math_88,work/Math_88/src/test/org/apache/commons/math/optimization/linear/SimplexTableauTest.java,21166
Math,89,org.apache.commons.math.stat.Frequency,TRUE,"['     Lines covered: 103', '  Conditions total: 32', 'Conditions covered: 28', '     Line coverage: 95.4%', 'Condition coverage: 87.5%']",FALSE,2,1,,work/Math_89/src/test/org/apache/commons/math/stat/FrequencyTest.java,16612
Math,90,org.apache.commons.math.stat.Frequency,TRUE,"['     Lines covered: 103', '  Conditions total: 32', 'Conditions covered: 29', '     Line coverage: 97.2%', 'Condition coverage: 90.6%']",FALSE,0,,,work/Math_90/src/test/org/apache/commons/math/stat/FrequencyTest.java,16543
Math,91,org.apache.commons.math.fraction.Fraction,FALSE,,,,,compile failed (buggy): Command failed: defects4j compile -w work/Math_91,work/Math_91/src/test/org/apache/commons/math/fraction/FractionTest.java,21350
Math,92,org.apache.commons.math.util.MathUtils,TRUE,"['     Lines covered: 223', '  Conditions total: 223', 'Conditions covered: 215', '     Line coverage: 96.5%', 'Condition coverage: 96.4%']",FALSE,2,2,,work/Math_92/src/test/org/apache/commons/math/util/MathUtilsTest.java,40157
Math,93,org.apache.commons.math.util.MathUtils,TRUE,"['     Lines covered: 216', '  Conditions total: 217', 'Conditions covered: 210', '     Line coverage: 95.6%', 'Condition coverage: 96.8%']",FALSE,2,2,,work/Math_93/src/test/org/apache/commons/math/util/MathUtilsTest.java,38583
Math,94,org.apache.commons.math.util.MathUtils,TRUE,"['     Lines covered: 218', '  Conditions total: 215', 'Conditions covered: 209', '     Line coverage: 96.9%', 'Condition coverage: 97.2%']",TRUE,1,0,,work/Math_94/src/test/org/apache/commons/math/util/MathUtilsTest.java,38220
Math,95,org.apache.commons.math.distribution.FDistributionImpl,TRUE,"['     Lines covered: 30', '  Conditions total: 10', 'Conditions covered: 10', '     Line coverage: 100.0%', 'Condition coverage: 100.0%']",FALSE,1,1,,work/Math_95/src/test/org/apache/commons/math/distribution/FDistributionImplTest.java,8034
Math,96,org.apache.commons.math.complex.Complex,TRUE,"['     Lines covered: 139', '  Conditions total: 102', 'Conditions covered: 97', '     Line coverage: 97.9%', 'Condition coverage: 95.1%']",FALSE,0,,,work/Math_96/src/test/org/apache/commons/math/complex/ComplexTest.java,32289
Math,97,org.apache.commons.math.analysis.BrentSolver,FALSE,,,,,compile failed (buggy): Command failed: defects4j compile -w work/Math_97,work/Math_97/src/test/org/apache/commons/math/analysis/BrentSolverTest.java,11383
Math,98,org.apache.commons.math.linear.BigMatrixImpl,FALSE,,,,,compile failed (buggy): Command failed: defects4j compile -w work/Math_98,work/Math_98/src/test/org/apache/commons/math/linear/BigMatrixImplTest.java,55233
Math,98,org.apache.commons.math.linear.RealMatrixImpl,FALSE,,,,,compile failed (buggy): Command failed: defects4j compile -w work/Math_98,work/Math_98/src/test/org/apache/commons/math/linear/RealMatrixImplTest.java,44469
Math,99,org.apache.commons.math.util.MathUtils,TRUE,"['     Lines covered: 262', '  Conditions total: 271', 'Conditions covered: 265', '     Line coverage: 97.4%', 'Condition coverage: 97.8%']",FALSE,1,1,,work/Math_99/src/test/org/apache/commons/math/util/MathUtilsTest.java,43731
Math,100,org.apache.commons.math.estimation.AbstractEstimator,TRUE,"['     Lines covered: 73', '  Conditions total: 22', 'Conditions covered: 22', '     Line coverage: 100.0%', 'Condition coverage: 100.0%']",FALSE,0,,,work/Math_100/src/test/org/apache/commons/math/estimation/AbstractEstimatorTest.java,11496
Math,101,org.apache.commons.math.complex.ComplexFormat,TRUE,"['     Lines covered: 143', '  Conditions total: 52', 'Conditions covered: 51', '     Line coverage: 100.0%', 'Condition coverage: 98.1%']",TRUE,1,0,,work/Math_101/src/test/org/apache/commons/math/complex/ComplexFormatTest.java,20290
Math,102,org.apache.commons.math.stat.inference.ChiSquareTestImpl,TRUE,"['     Lines covered: 111', '  Conditions total: 86', 'Conditions covered: 85', '     Line coverage: 100.0%', 'Condition coverage: 98.8%']",FALSE,0,,,work/Math_102/src/test/org/apache/commons/math/stat/inference/ChiSquareTestImplTest.java,16617
Math,103,org.apache.commons.math.distribution.NormalDistributionImpl,TRUE,"['     Lines covered: 37', '  Conditions total: 14', 'Conditions covered: 14', '     Line coverage: 100.0%', 'Condition coverage: 100.0%']",FALSE,1,1,,work/Math_103/src/test/org/apache/commons/math/distribution/NormalDistributionImplTest.java,7616
Math,104,org.apache.commons.math.special.Gamma,TRUE,"['     Lines covered: 45', '  Conditions total: 40', 'Conditions covered: 40', '     Line coverage: 95.7%', 'Condition coverage: 100.0%']",FALSE,0,,,work/Math_104/src/test/org/apache/commons/math/special/GammaTest.java,10424
Math,105,org.apache.commons.math.stat.regression.SimpleRegression,TRUE,"['     Lines covered: 68', '  Conditions total: 18', 'Conditions covered: 18', '     Line coverage: 95.8%', 'Condition coverage: 100.0%']",FALSE,1,1,,work/Math_105/src/test/org/apache/commons/math/stat/regression/SimpleRegressionTest.java,19537
Math,106,org.apache.commons.math.fraction.ProperFractionFormat,TRUE,"['     Lines covered: 56', '  Conditions total: 15', 'Conditions covered: 14', '     Line coverage: 98.2%', 'Condition coverage: 93.3%']",FALSE,3,3,,work/Math_106/src/test/org/apache/commons/math/fraction/ProperFractionFormatTest.java,8481
Mockito,1,org.mockito.internal.invocation.InvocationMatcher,FALSE,,,,,compile failed (buggy): Command failed: defects4j compile -w work/Mockito_1,work/Mockito_1/test/org/mockito/internal/invocation/InvocationMatcherTest.java,8745
Mockito,2,org.mockito.internal.util.Timer,TRUE,"['     Lines covered: 9', '  Conditions total: 6', 'Conditions covered: 3', '     Line coverage: 100.0%', 'Condition coverage: 50.0%']",TRUE,1,0,,work/Mockito_2/test/org/mockito/internal/util/TimerTest.java,2614
Mockito,3,org.mockito.internal.invocation.InvocationMatcher,False,,,,,compile failed (buggy): Command failed: defects4j compile -w work/Mockito_3,work/Mockito_3/test/org/mockito/internal/invocation/InvocationMatcherTest.java,7561
Mockito,4,org.mockito.exceptions.Reporter,False,,,,,compile failed (buggy): Command failed: defects4j compile -w work/Mockito_4,work/Mockito_4/test/org/mockito/exceptions/ReporterTest.java,40253
Mockito,5,org.mockito.internal.verification.VerificationOverTimeImpl,False,,,,,compile failed (buggy): Command failed: defects4j compile -w work/Mockito_5,work/Mockito_5/test/org/mockito/internal/verification/VerificationOverTimeImplTest.java,7979
Mockito,6,org.mockito.Matchers,False,,,,,compile failed (buggy): Command failed: defects4j compile -w work/Mockito_6,work/Mockito_6/test/org/mockito/MatchersTest.java,31316
Mockito,7,org.mockito.internal.util.reflection.GenericMetadataSupport,False,,,,,compile failed (buggy): Command failed: defects4j compile -w work/Mockito_7,work/Mockito_7/test/org/mockito/internal/util/reflection/GenericMetadataSupportTest.java,26824
Mockito,8,org.mockito.internal.util.reflection.GenericMetadataSupport,True,"['     Lines covered: 166', '  Conditions total: 80', 'Conditions covered: 75', '     Line coverage: 96.0%', 'Condition coverage: 93.8%']",False,0,,,work/Mockito_8/test/org/mockito/internal/util/reflection/GenericMetadataSupportTest.java,26799
Mockito,9,org.mockito.internal.stubbing.answers.CallsRealMethods,False,,,,,compile failed (buggy): Command failed: defects4j compile -w work/Mockito_9,work/Mockito_9/test/org/mockito/internal/stubbing/answers/CallsRealMethodsTest.java,3741
Mockito,10,org.mockito.internal.stubbing.defaultanswers.ReturnsDeepStubs,TRUE,"['     Lines covered: 42', '  Conditions total: 8', 'Conditions covered: 8', '     Line coverage: 100.0%', 'Condition coverage: 100.0%']",FALSE,5,5,,work/Mockito_10/test/org/mockito/internal/stubbing/defaultanswers/ReturnsDeepStubsTest.java,8576
Mockito,11,org.mockito.internal.creation.DelegatingMethod,FALSE,,,,,compile failed (buggy): Command failed: defects4j compile -w work/Mockito_11,work/Mockito_11/test/org/mockito/internal/creation/DelegatingMethodTest.java,3593
Mockito,12,org.mockito.internal.util.reflection.GenericMaster,TRUE,"['     Lines covered: 6', '  Conditions total: 4', 'Conditions covered: 3', '     Line coverage: 100.0%', 'Condition coverage: 75.0%']",FALSE,1,1,,work/Mockito_12/test/org/mockito/internal/util/reflection/GenericMasterTest.java,2841
Mockito,13,org.mockito.internal.MockHandler,FALSE,,,,,compile failed (buggy): Command failed: defects4j compile -w work/Mockito_13,work/Mockito_13/test/org/mockito/internal/MockHandlerTest.java,7422
Mockito,14,org.mockito.internal.MockHandler,FALSE,,,,,compile failed (buggy): Command failed: defects4j compile -w work/Mockito_14,work/Mockito_14/test/org/mockito/internal/MockHandlerTest.java,6884
Mockito,14,org.mockito.internal.MockitoCore,FALSE,,,,,compile failed (buggy): Command failed: defects4j compile -w work/Mockito_14,work/Mockito_14/test/org/mockito/internal/MockitoCoreTest.java,7940
Mockito,15,org.mockito.internal.configuration.injection.FinalMockCandidateFilter,TRUE,"['     Lines covered: 13', '  Conditions total: 2', 'Conditions covered: 2', '     Line coverage: 100.0%', 'Condition coverage: 100.0%']",FALSE,1,1,,work/Mockito_15/test/org/mockito/internal/configuration/injection/FinalMockCandidateFilterTest.java,3494
Mockito,16,org.mockito.Mockito,FALSE,,,,,compile failed (buggy): Command failed: defects4j compile -w work/Mockito_16,work/Mockito_16/test/org/mockito/MockitoTest.java,67112
Mockito,16,org.mockito.internal.MockitoCore,FALSE,,,,,compile failed (buggy): Command failed: defects4j compile -w work/Mockito_16,work/Mockito_16/test/org/mockito/internal/MockitoCoreTest.java,6919
Mockito,17,org.mockito.internal.creation.MockSettingsImpl,TRUE,"['     Lines covered: 61', '  Conditions total: 32', 'Conditions covered: 31', '     Line coverage: 100.0%', 'Condition coverage: 96.9%']",FALSE,1,1,,work/Mockito_17/test/org/mockito/internal/creation/MockSettingsImplTest.java,4358
Mockito,17,org.mockito.internal.util.MockUtil,TRUE,"['     Lines covered: 61', '  Conditions total: 32', 'Conditions covered: 32', '     Line coverage: 100.0%', 'Condition coverage: 100.0%']",FALSE,1,1,,work/Mockito_17/test/org/mockito/internal/util/MockUtilTest.java,5578
Mockito,18,org.mockito.internal.stubbing.defaultanswers.ReturnsEmptyValues,FALSE,,,,,compile failed (buggy): Command failed: defects4j compile -w work/Mockito_18,work/Mockito_18/test/org/mockito/internal/stubbing/defaultanswers/ReturnsEmptyValuesTest.java,6800
Mockito,19,org.mockito.internal.configuration.injection.PropertyAndSetterInjection,FALSE,,,,,compile failed (buggy): Command failed: defects4j compile -w work/Mockito_19,work/Mockito_19/test/org/mockito/internal/configuration/injection/PropertyAndSetterInjectionTest.java,7918
Mockito,19,org.mockito.internal.configuration.injection.filter.FinalMockCandidateFilter,FALSE,,,,,compile failed (buggy): Command failed: defects4j compile -w work/Mockito_19,work/Mockito_19/test/org/mockito/internal/configuration/injection/filter/FinalMockCandidateFilterTest.java,3865
Mockito,19,org.mockito.internal.configuration.injection.filter.MockCandidateFilter,FALSE,,,,,compile failed (buggy): Command failed: defects4j compile -w work/Mockito_19,work/Mockito_19/test/org/mockito/internal/configuration/injection/filter/MockCandidateFilterTest.java,2561
Mockito,19,org.mockito.internal.configuration.injection.filter.NameBasedCandidateFilter,FALSE,,,,,compile failed (buggy): Command failed: defects4j compile -w work/Mockito_19,work/Mockito_19/test/org/mockito/internal/configuration/injection/filter/NameBasedCandidateFilterTest.java,3581
Mockito,19,org.mockito.internal.configuration.injection.filter.TypeBasedCandidateFilter,FALSE,,,,,compile failed (buggy): Command failed: defects4j compile -w work/Mockito_19,work/Mockito_19/test/org/mockito/internal/configuration/injection/filter/TypeBasedCandidateFilterTest.java,3049
Mockito,20,org.mockito.internal.creation.bytebuddy.ByteBuddyMockMaker,FALSE,,,,,compile failed (buggy): Command failed: defects4j compile -w work/Mockito_20,work/Mockito_20/test/org/mockito/internal/creation/bytebuddy/ByteBuddyMockMakerTest.java,7518
Mockito,21,org.mockito.internal.creation.instance.ConstructorInstantiator,TRUE,"['     Lines covered: 16', '  Conditions total: 2', 'Conditions covered: 2', '     Line coverage: 100.0%', 'Condition coverage: 100.0%']",FALSE,0,,,work/Mockito_21/test/org/mockito/internal/creation/instance/ConstructorInstantiatorTest.java,3692
Mockito,22,org.mockito.internal.matchers.Equality,TRUE,"['     Lines covered: 13', '  Conditions total: 24', 'Conditions covered: 24', '     Line coverage: 100.0%', 'Condition coverage: 100.0%']",FALSE,1,1,,work/Mockito_22/test/org/mockito/internal/matchers/EqualityTest.java,3249
Mockito,23,org.mockito.internal.stubbing.defaultanswers.ReturnsDeepStubs,TRUE,"['     Lines covered: 33', '  Conditions total: 8', 'Conditions covered: 8', '     Line coverage: 100.0%', 'Condition coverage: 100.0%']",FALSE,1,1,,work/Mockito_23/test/org/mockito/internal/stubbing/defaultanswers/ReturnsDeepStubsTest.java,7207
Mockito,24,org.mockito.internal.stubbing.defaultanswers.ReturnsEmptyValues,TRUE,"['     Lines covered: 44', '  Conditions total: 36', 'Conditions covered: 36', '     Line coverage: 100.0%', 'Condition coverage: 100.0%']",FALSE,1,1,,work/Mockito_24/test/org/mockito/internal/stubbing/defaultanswers/ReturnsEmptyValuesTest.java,6704
Mockito,25,org.mockito.internal.stubbing.defaultanswers.ReturnsDeepStubs,True,"['     Lines covered: 23', '  Conditions total: 6', 'Conditions covered: 6', '     Line coverage: 100.0%', 'Condition coverage: 100.0%']",False,1,1,,work/Mockito_25/test/org/mockito/internal/stubbing/defaultanswers/ReturnsDeepStubsTest.java,5714
Mockito,26,org.mockito.internal.util.Primitives,True,"['     Lines covered: 35', '  Conditions total: 2', 'Conditions covered: 2', '     Line coverage: 97.2%', 'Condition coverage: 100.0%']",False,1,1,,work/Mockito_26/test/org/mockito/internal/util/PrimitivesTest.java,4556
Mockito,27,org.mockito.internal.util.MockUtil,True,"['     Lines covered: 42', '  Conditions total: 22', 'Conditions covered: 22', '     Line coverage: 100.0%', 'Condition coverage: 100.0%']",False,1,1,,work/Mockito_27/test/org/mockito/internal/util/MockUtilTest.java,6179
Mockito,28,org.mockito.internal.configuration.DefaultInjectionEngine,True,"['     Lines covered: 30', '  Conditions total: 10', 'Conditions covered: 10', '     Line coverage: 100.0%', 'Condition coverage: 100.0%']",False,1,1,,work/Mockito_28/test/org/mockito/internal/configuration/DefaultInjectionEngineTest.java,6102
Mockito,29,org.mockito.internal.matchers.Same,True,"['     Lines covered: 15', '  Conditions total: 6', 'Conditions covered: 6', '     Line coverage: 100.0%', 'Condition coverage: 100.0%']",False,1,1,,work/Mockito_29/test/org/mockito/internal/matchers/SameTest.java,3133
Mockito,30,org.mockito.exceptions.Reporter,True,"['     Lines covered: 110', '  Conditions total: 14', 'Conditions covered: 13', '     Line coverage: 98.2%', 'Condition coverage: 92.9%']",False,1,, | fixed-version check failed: Command failed: defects4j compile -w work/Mockito_30_fixed,work/Mockito_30/test/org/mockito/exceptions/ReporterTest.java,26627
Mockito,30,org.mockito.internal.stubbing.defaultanswers.ReturnsSmartNulls,True,"['     Lines covered: 110', '  Conditions total: 14', 'Conditions covered: 13', '     Line coverage: 98.2%', 'Condition coverage: 92.9%']",False,1,, | fixed-version check failed: Command failed: defects4j compile -w work/Mockito_30_fixed,work/Mockito_30/test/org/mockito/internal/stubbing/defaultanswers/ReturnsSmartNullsTest.java,5186
Mockito,31,org.mockito.internal.stubbing.defaultanswers.ReturnsSmartNulls,False,,,,,compile failed (buggy): Command failed: defects4j compile -w work/Mockito_31,work/Mockito_31/test/org/mockito/internal/stubbing/defaultanswers/ReturnsSmartNullsTest.java,5056
Mockito,32,org.mockito.internal.configuration.SpyAnnotationEngine,True,"['     Lines covered: 21', '  Conditions total: 12', 'Conditions covered: 12', '     Line coverage: 91.3%', 'Condition coverage: 100.0%']",False,1,1,,work/Mockito_32/test/org/mockito/internal/configuration/SpyAnnotationEngineTest.java,4855
Mockito,33,org.mockito.internal.invocation.InvocationMatcher,False,,,,,compile failed (buggy): Command failed: defects4j compile -w work/Mockito_33,work/Mockito_33/test/org/mockito/internal/invocation/InvocationMatcherTest.java,6329
Mockito,34,org.mockito.internal.invocation.InvocationMatcher,True,"['     Lines covered: 38', '  Conditions total: 28', 'Conditions covered: 28', '     Line coverage: 100.0%', 'Condition coverage: 100.0%']",False,1,1,,work/Mockito_34/test/org/mockito/internal/invocation/InvocationMatcherTest.java,5695
Mockito,35,org.mockito.Matchers,False,,,,,compile failed (buggy): Command failed: defects4j compile -w work/Mockito_35,work/Mockito_35/test/org/mockito/MatchersTest.java,22737
Mockito,36,org.mockito.internal.invocation.Invocation,False,,,,,compile failed (buggy): Command failed: defects4j compile -w work/Mockito_36,work/Mockito_36/test/org/mockito/internal/invocation/InvocationTest.java,8821
Mockito,37,org.mockito.internal.stubbing.answers.AnswersValidator,True,"['     Lines covered: 27', '  Conditions total: 26', 'Conditions covered: 26', '     Line coverage: 100.0%', 'Condition coverage: 100.0%']",False,1,1,,work/Mockito_37/test/org/mockito/internal/stubbing/answers/AnswersValidatorTest.java,4204
Mockito,38,org.mockito.internal.verification.argumentmatching.ArgumentMatchingTool,False,,,,,compile failed (buggy): Command failed: defects4j compile -w work/Mockito_38,work/Mockito_38/test/org/mockito/internal/verification/argumentmatching/ArgumentMatchingToolTest.java,3671
Time,1,org.joda.time.Partial,False,,,,,compile failed (buggy): Command failed: defects4j compile -w work/Time_1,work/Time_1/src/test/java/org/joda/time/PartialTest.java,40431
Time,1,org.joda.time.field.UnsupportedDurationField,False,,,,,compile failed (buggy): Command failed: defects4j compile -w work/Time_1,work/Time_1/src/test/java/org/joda/time/field/UnsupportedDurationFieldTest.java,8376
Time,2,org.joda.time.Partial,True,"['     Lines covered: 273', '  Conditions total: 118', 'Conditions covered: 105', '     Line coverage: 91.9%', 'Condition coverage: 89.0%']",False,,,,work/Time_2/src/test/java/org/joda/time/PartialTest.java,40344
Time,2,org.joda.time.field.UnsupportedDurationField,False,,,,,compile failed (buggy): Command failed: defects4j compile -w work/Time_2,work/Time_2/src/test/java/org/joda/time/field/UnsupportedDurationFieldTest.java,8301
Time,3,org.joda.time.MutableDateTime,False,,,,,compile failed (buggy): Command failed: defects4j compile -w work/Time_3,work/Time_3/src/test/java/org/joda/time/MutableDateTimeTest.java,52146
Time,4,org.joda.time.Partial,False,,,,,compile failed (buggy): Command failed: defects4j compile -w work/Time_4,work/Time_4/src/test/java/org/joda/time/PartialTest.java,40186
Time,5,org.joda.time.Period,False,,,,,compile failed (buggy): Command failed: defects4j compile -w work/Time_5,work/Time_5/src/test/java/org/joda/time/PeriodTest.java,72328
Time,6,org.joda.time.chrono.GJChronology,False,,,,,compile failed (buggy): Command failed: defects4j compile -w work/Time_6,work/Time_6/src/test/java/org/joda/time/chrono/GJChronologyTest.java,45482
Time,7,org.joda.time.format.DateTimeFormatter,True,"['     Lines covered: 198', '  Conditions total: 88', 'Conditions covered: 72', '     Line coverage: 95.2%', 'Condition coverage: 81.8%']",False,,,,work/Time_7/src/test/java/org/joda/time/format/DateTimeFormatterTest.java,38847
Time,8,org.joda.time.DateTimeZone,True,"['     Lines covered: 329', '  Conditions total: 178', 'Conditions covered: 152', '     Line coverage: 92.7%', 'Condition coverage: 85.4%']",False,,,,work/Time_8/src/test/java/org/joda/time/DateTimeZoneTest.java,52811
Time,9,org.joda.time.DateTimeZone,True,"['     Lines covered: 328', '  Conditions total: 170', 'Conditions covered: 148', '     Line coverage: 93.4%', 'Condition coverage: 87.1%']",False,,,,work/Time_9/src/test/java/org/joda/time/DateTimeZoneTest.java,51788
Time,10,org.joda.time.base.BaseSingleFieldPeriod,True,"['     Lines covered: 69', '  Conditions total: 46', 'Conditions covered: 45', '     Line coverage: 97.2%', 'Condition coverage: 97.8%']",False,,,,work/Time_10/src/test/java/org/joda/time/base/BaseSingleFieldPeriodTest.java,13905
Time,11,org.joda.time.tz.ZoneInfoCompiler,True,"['     Lines covered: 317', '  Conditions total: 193', 'Conditions covered: 125', '     Line coverage: 80.7%', 'Condition coverage: 64.8%']",False,,,,work/Time_11/src/test/java/org/joda/time/tz/ZoneInfoCompilerTest.java,30844
Time,12,org.joda.time.LocalDate,False,,,,,compile failed (buggy): Command failed: defects4j compile -w work/Time_12,work/Time_12/src/test/java/org/joda/time/LocalDateTest.java,82042
Time,12,org.joda.time.LocalDateTime,False,,,,,compile failed (buggy): Command failed: defects4j compile -w work/Time_12,work/Time_12/src/test/java/org/joda/time/LocalDateTimeTest.java,89588
Time,13,org.joda.time.format.PeriodFormatterBuilder,True,"['     Lines covered: 584', '  Conditions total: 452', 'Conditions covered: 353', '     Line coverage: 86.9%', 'Condition coverage: 78.1%']",False,2,2,,work/Time_13/src/test/java/org/joda/time/format/PeriodFormatterBuilderTest.java,70084
Time,14,org.joda.time.chrono.BasicMonthOfYearDateTimeField,True,"['     Lines covered: 85', '  Conditions total: 46', 'Conditions covered: 32', '     Line coverage: 74.6%', 'Condition coverage: 69.6%']",False,2,2,,work/Time_14/src/test/java/org/joda/time/chrono/BasicMonthOfYearDateTimeFieldTest.java,14899
Time,15,org.joda.time.field.FieldUtils,True,"['     Lines covered: 67', '  Conditions total: 70', 'Conditions covered: 57', '     Line coverage: 89.3%', 'Condition coverage: 81.4%']",True,1,0,,work/Time_15/src/test/java/org/joda/time/field/FieldUtilsTest.java,12680
Time,16,org.joda.time.format.DateTimeFormatter,True,"['     Lines covered: 197', '  Conditions total: 88', 'Conditions covered: 72', '     Line coverage: 95.2%', 'Condition coverage: 81.8%']",False,2,1,,work/Time_16/src/test/java/org/joda/time/format/DateTimeFormatterTest.java,38551
Time,17,org.joda.time.DateTimeZone,False,,,,,compile failed (buggy): Command failed: defects4j compile -w work/Time_17,work/Time_17/src/test/java/org/joda/time/DateTimeZoneTest.java,51494
Time,18,org.joda.time.chrono.GJChronology,True,"['     Lines covered: 284', '  Conditions total: 152', 'Conditions covered: 107', '     Line coverage: 82.6%', 'Condition coverage: 70.4%']",False,1,1,,work/Time_18/src/test/java/org/joda/time/chrono/GJChronologyTest.java,44248
Time,19,org.joda.time.DateTimeZone,False,,,,,compile failed (buggy): Command failed: defects4j compile -w work/Time_19,work/Time_19/src/test/java/org/joda/time/DateTimeZoneTest.java,50915
Time,20,org.joda.time.format.DateTimeFormatterBuilder,True,"['     Lines covered: 773', '  Conditions total: 589', 'Conditions covered: 392', '     Line coverage: 74.8%', 'Condition coverage: 66.6%']",False,5,4,,work/Time_20/src/test/java/org/joda/time/format/DateTimeFormatterBuilderTest.java,105461
Time,22,org.joda.time.base.BasePeriod,False,,,,,compile failed (buggy): Command failed: defects4j compile -w work/Time_22,work/Time_22/src/test/java/org/joda/time/base/BasePeriodTest.java,26253
Time,23,org.joda.time.DateTimeZone,True,"['     Lines covered: 316', '  Conditions total: 162', 'Conditions covered: 139', '     Line coverage: 92.4%', 'Condition coverage: 85.8%']",False,7,8,,work/Time_23/src/test/java/org/joda/time/DateTimeZoneTest.java,50898
Time,24,org.joda.time.format.DateTimeParserBucket,True,"['     Lines covered: 128', '  Conditions total: 64', 'Conditions covered: 54', '     Line coverage: 88.9%', 'Condition coverage: 84.4%']",False,0,,,work/Time_24/src/test/java/org/joda/time/format/DateTimeParserBucketTest.java,19433
Time,25,org.joda.time.DateTimeZone,True,"['     Lines covered: 303', '  Conditions total: 152', 'Conditions covered: 131', '     Line coverage: 92.4%', 'Condition coverage: 86.2%']",False,3,3,,work/Time_25/src/test/java/org/joda/time/DateTimeZoneTest.java,49755
Time,26,org.joda.time.DateTimeZone,True,"['     Lines covered: 506', '  Conditions total: 240', 'Conditions covered: 194', '     Line coverage: 89.2%', 'Condition coverage: 80.8%']",False,2,2,,work/Time_26/src/test/java/org/joda/time/DateTimeZoneTest.java,49028
Time,26,org.joda.time.chrono.ZonedChronology,False,,,,,compile failed (buggy): Command failed: defects4j compile -w work/Time_26,work/Time_26/src/test/java/org/joda/time/chrono/ZonedChronologyTest.java,24599
Time,26,org.joda.time.field.LenientDateTimeField,True,"['     Lines covered: 506', '  Conditions total: 240', 'Conditions covered: 194', '     Line coverage: 89.2%', 'Condition coverage: 80.8%']",False,1,1,,work/Time_26/src/test/java/org/joda/time/field/LenientDateTimeFieldTest.java,3869
Time,27,org.joda.time.format.PeriodFormatterBuilder,True,"['     Lines covered: 583', '  Conditions total: 446', 'Conditions covered: 350', '     Line coverage: 87.0%', 'Condition coverage: 78.5%']",False,7,7,,work/Time_27/src/test/java/org/joda/time/format/PeriodFormatterBuilderTest.java,69864
