Picked up JAVA_TOOL_OPTIONS: -Dfile.encoding=UTF-8
WARNING: package jdk.internal.jtrfs not in java.base
WARNING: package sun.net.fs not in java.base
WARNING: sun.reflect.Reflection.getCallerClass is not supported. This will impact performance.
13:15:22.545 | INFO  | AllInMemoryClassProvider | Loaded: 2 path entries, 211 classes, 947334 bytes
13:15:30.333 | INFO  | TestCaseGenerator | Resuming method org.apache.commons.lang3.math.NumberUtils.toInt
13:15:31.377 | INFO  | JavaLanguage | Starting fuzzing for method: org.apache.commons.lang3.math.NumberUtils.toInt
13:15:31.378 | INFO  | JavaLanguage | 	use thisInstance = false
13:15:31.379 | INFO  | JavaLanguage | 	parameters = [java.lang.String, int]
13:15:31.487 | INFO  | TestCaseGenerator | Resuming method org.apache.commons.lang3.math.NumberUtils.toInt
13:15:31.511 | INFO  | JavaLanguage | Starting fuzzing for method: org.apache.commons.lang3.math.NumberUtils.toInt
13:15:31.511 | INFO  | JavaLanguage | 	use thisInstance = false
13:15:31.511 | INFO  | JavaLanguage | 	parameters = [java.lang.String]
13:15:31.519 | INFO  | JavaLanguage | Starting fuzzing for method: org.apache.commons.lang3.math.NumberUtils.toShort
13:15:31.519 | INFO  | JavaLanguage | 	use thisInstance = false
13:15:31.519 | INFO  | JavaLanguage | 	parameters = [java.lang.String, short]
13:15:31.524 | INFO  | JavaLanguage | Starting fuzzing for method: org.apache.commons.lang3.math.NumberUtils.toShort
13:15:31.524 | INFO  | JavaLanguage | 	use thisInstance = false
13:15:31.524 | INFO  | JavaLanguage | 	parameters = [java.lang.String]
13:15:31.529 | INFO  | JavaLanguage | Starting fuzzing for method: org.apache.commons.lang3.math.NumberUtils.toLong
13:15:31.529 | INFO  | JavaLanguage | 	use thisInstance = false
13:15:31.529 | INFO  | JavaLanguage | 	parameters = [java.lang.String, long]
13:15:31.534 | INFO  | JavaLanguage | Starting fuzzing for method: org.apache.commons.lang3.math.NumberUtils.toLong
13:15:31.534 | INFO  | JavaLanguage | 	use thisInstance = false
13:15:31.534 | INFO  | JavaLanguage | 	parameters = [java.lang.String]
13:15:31.537 | INFO  | JavaLanguage | Starting fuzzing for method: org.apache.commons.lang3.math.NumberUtils.toByte
13:15:31.537 | INFO  | JavaLanguage | 	use thisInstance = false
13:15:31.537 | INFO  | JavaLanguage | 	parameters = [java.lang.String, byte]
13:15:31.542 | INFO  | JavaLanguage | Starting fuzzing for method: org.apache.commons.lang3.math.NumberUtils.toByte
13:15:31.542 | INFO  | JavaLanguage | 	use thisInstance = false
13:15:31.542 | INFO  | JavaLanguage | 	parameters = [java.lang.String]
13:15:31.546 | INFO  | JavaLanguage | Starting fuzzing for method: org.apache.commons.lang3.math.NumberUtils.toDouble
13:15:31.546 | INFO  | JavaLanguage | 	use thisInstance = false
13:15:31.546 | INFO  | JavaLanguage | 	parameters = [java.lang.String, double]
13:15:31.567 | INFO  | JavaLanguage | Starting fuzzing for method: org.apache.commons.lang3.math.NumberUtils.toDouble
13:15:31.567 | INFO  | JavaLanguage | 	use thisInstance = false
13:15:31.567 | INFO  | JavaLanguage | 	parameters = [java.lang.String]
13:15:31.572 | INFO  | JavaLanguage | Starting fuzzing for method: org.apache.commons.lang3.math.NumberUtils.toFloat
13:15:31.572 | INFO  | JavaLanguage | 	use thisInstance = false
13:15:31.572 | INFO  | JavaLanguage | 	parameters = [java.lang.String]
13:15:31.576 | INFO  | JavaLanguage | Starting fuzzing for method: org.apache.commons.lang3.math.NumberUtils.toFloat
13:15:31.576 | INFO  | JavaLanguage | 	use thisInstance = false
13:15:31.576 | INFO  | JavaLanguage | 	parameters = [java.lang.String, float]
13:15:31.581 | INFO  | JavaLanguage | Starting fuzzing for method: org.apache.commons.lang3.math.NumberUtils.min
13:15:31.581 | INFO  | JavaLanguage | 	use thisInstance = false
13:15:31.581 | INFO  | JavaLanguage | 	parameters = [double, double, double]
13:15:31.590 | INFO  | JavaLanguage | Starting fuzzing for method: org.apache.commons.lang3.math.NumberUtils.min
13:15:31.590 | INFO  | JavaLanguage | 	use thisInstance = false
13:15:31.590 | INFO  | JavaLanguage | 	parameters = [[F, elementClass=float]
13:15:31.610 | INFO  | JavaLanguage | Starting fuzzing for method: org.apache.commons.lang3.math.NumberUtils.min
13:15:31.610 | INFO  | JavaLanguage | 	use thisInstance = false
13:15:31.610 | INFO  | JavaLanguage | 	parameters = [[D, elementClass=double]
13:15:31.617 | INFO  | JavaLanguage | Starting fuzzing for method: org.apache.commons.lang3.math.NumberUtils.min
13:15:31.617 | INFO  | JavaLanguage | 	use thisInstance = false
13:15:31.617 | INFO  | JavaLanguage | 	parameters = [float, float, float]
13:15:31.622 | INFO  | JavaLanguage | Starting fuzzing for method: org.apache.commons.lang3.math.NumberUtils.min
13:15:31.622 | INFO  | JavaLanguage | 	use thisInstance = false
13:15:31.622 | INFO  | JavaLanguage | 	parameters = [[S, elementClass=short]
13:15:31.631 | INFO  | JavaLanguage | Starting fuzzing for method: org.apache.commons.lang3.math.NumberUtils.min
13:15:31.631 | INFO  | JavaLanguage | 	use thisInstance = false
13:15:31.631 | INFO  | JavaLanguage | 	parameters = [long, long, long]
13:15:31.637 | INFO  | JavaLanguage | Starting fuzzing for method: org.apache.commons.lang3.math.NumberUtils.min
13:15:31.637 | INFO  | JavaLanguage | 	use thisInstance = false
13:15:31.637 | INFO  | JavaLanguage | 	parameters = [int, int, int]
13:15:31.641 | INFO  | JavaLanguage | Starting fuzzing for method: org.apache.commons.lang3.math.NumberUtils.min
13:15:31.642 | INFO  | JavaLanguage | 	use thisInstance = false
13:15:31.642 | INFO  | JavaLanguage | 	parameters = [short, short, short]
13:15:31.646 | INFO  | JavaLanguage | Starting fuzzing for method: org.apache.commons.lang3.math.NumberUtils.min
13:15:31.646 | INFO  | JavaLanguage | 	use thisInstance = false
13:15:31.646 | INFO  | JavaLanguage | 	parameters = [byte, byte, byte]
13:15:31.650 | INFO  | JavaLanguage | Starting fuzzing for method: org.apache.commons.lang3.math.NumberUtils.min
13:15:31.650 | INFO  | JavaLanguage | 	use thisInstance = false
13:15:31.650 | INFO  | JavaLanguage | 	parameters = [[B, elementClass=byte]
13:15:31.654 | INFO  | JavaLanguage | Starting fuzzing for method: org.apache.commons.lang3.math.NumberUtils.min
13:15:31.654 | INFO  | JavaLanguage | 	use thisInstance = false
13:15:31.654 | INFO  | JavaLanguage | 	parameters = [[J, elementClass=long]
13:15:31.657 | INFO  | JavaLanguage | Starting fuzzing for method: org.apache.commons.lang3.math.NumberUtils.min
13:15:31.657 | INFO  | JavaLanguage | 	use thisInstance = false
13:15:31.657 | INFO  | JavaLanguage | 	parameters = [[I, elementClass=int]
13:15:31.661 | INFO  | JavaLanguage | Starting fuzzing for method: org.apache.commons.lang3.math.NumberUtils.max
13:15:31.661 | INFO  | JavaLanguage | 	use thisInstance = false
13:15:31.661 | INFO  | JavaLanguage | 	parameters = [double, double, double]
13:15:31.665 | INFO  | JavaLanguage | Starting fuzzing for method: org.apache.commons.lang3.math.NumberUtils.max
13:15:31.665 | INFO  | JavaLanguage | 	use thisInstance = false
13:15:31.665 | INFO  | JavaLanguage | 	parameters = [float, float, float]
13:15:31.669 | INFO  | JavaLanguage | Starting fuzzing for method: org.apache.commons.lang3.math.NumberUtils.max
13:15:31.670 | INFO  | JavaLanguage | 	use thisInstance = false
13:15:31.670 | INFO  | JavaLanguage | 	parameters = [[F, elementClass=float]
13:15:31.672 | INFO  | JavaLanguage | Starting fuzzing for method: org.apache.commons.lang3.math.NumberUtils.max
13:15:31.672 | INFO  | JavaLanguage | 	use thisInstance = false
13:15:31.672 | INFO  | JavaLanguage | 	parameters = [long, long, long]
13:15:31.676 | INFO  | JavaLanguage | Starting fuzzing for method: org.apache.commons.lang3.math.NumberUtils.max
13:15:31.676 | INFO  | JavaLanguage | 	use thisInstance = false
13:15:31.677 | INFO  | JavaLanguage | 	parameters = [int, int, int]
13:15:31.682 | INFO  | JavaLanguage | Starting fuzzing for method: org.apache.commons.lang3.math.NumberUtils.max
13:15:31.682 | INFO  | JavaLanguage | 	use thisInstance = false
13:15:31.682 | INFO  | JavaLanguage | 	parameters = [short, short, short]
13:15:31.686 | INFO  | JavaLanguage | Starting fuzzing for method: org.apache.commons.lang3.math.NumberUtils.max
13:15:31.686 | INFO  | JavaLanguage | 	use thisInstance = false
13:15:31.686 | INFO  | JavaLanguage | 	parameters = [byte, byte, byte]
13:15:31.691 | INFO  | JavaLanguage | Starting fuzzing for method: org.apache.commons.lang3.math.NumberUtils.max
13:15:31.691 | INFO  | JavaLanguage | 	use thisInstance = false
13:15:31.691 | INFO  | JavaLanguage | 	parameters = [[J, elementClass=long]
13:15:31.695 | INFO  | JavaLanguage | Starting fuzzing for method: org.apache.commons.lang3.math.NumberUtils.max
13:15:31.695 | INFO  | JavaLanguage | 	use thisInstance = false
13:15:31.695 | INFO  | JavaLanguage | 	parameters = [[I, elementClass=int]
13:15:31.699 | INFO  | JavaLanguage | Starting fuzzing for method: org.apache.commons.lang3.math.NumberUtils.max
13:15:31.699 | INFO  | JavaLanguage | 	use thisInstance = false
13:15:31.699 | INFO  | JavaLanguage | 	parameters = [[S, elementClass=short]
13:15:31.703 | INFO  | JavaLanguage | Starting fuzzing for method: org.apache.commons.lang3.math.NumberUtils.max
13:15:31.703 | INFO  | JavaLanguage | 	use thisInstance = false
13:15:31.703 | INFO  | JavaLanguage | 	parameters = [[B, elementClass=byte]
13:15:31.707 | INFO  | JavaLanguage | Starting fuzzing for method: org.apache.commons.lang3.math.NumberUtils.max
13:15:31.707 | INFO  | JavaLanguage | 	use thisInstance = false
13:15:31.707 | INFO  | JavaLanguage | 	parameters = [[D, elementClass=double]
13:15:31.710 | INFO  | JavaLanguage | Starting fuzzing for method: org.apache.commons.lang3.math.NumberUtils.createLong
13:15:31.710 | INFO  | JavaLanguage | 	use thisInstance = false
13:15:31.710 | INFO  | JavaLanguage | 	parameters = [java.lang.String]
13:15:31.732 | INFO  | JavaLanguage | Starting fuzzing for method: org.apache.commons.lang3.math.NumberUtils.isNumber
13:15:31.733 | INFO  | JavaLanguage | 	use thisInstance = false
13:15:31.733 | INFO  | JavaLanguage | 	parameters = [java.lang.String]
13:15:31.736 | INFO  | JavaLanguage | Starting fuzzing for method: org.apache.commons.lang3.math.NumberUtils.createInteger
13:15:31.736 | INFO  | JavaLanguage | 	use thisInstance = false
13:15:31.736 | INFO  | JavaLanguage | 	parameters = [java.lang.String]
13:15:31.739 | INFO  | JavaLanguage | Starting fuzzing for method: org.apache.commons.lang3.math.NumberUtils.isAllZeros
13:15:31.740 | INFO  | JavaLanguage | 	use thisInstance = false
13:15:31.740 | INFO  | JavaLanguage | 	parameters = [java.lang.String]
13:15:31.743 | INFO  | JavaLanguage | Starting fuzzing for method: org.apache.commons.lang3.math.NumberUtils.createBigInteger
13:15:31.743 | INFO  | JavaLanguage | 	use thisInstance = false
13:15:31.743 | INFO  | JavaLanguage | 	parameters = [java.lang.String]
13:15:31.745 | INFO  | JavaLanguage | Starting fuzzing for method: org.apache.commons.lang3.math.NumberUtils.createFloat
13:15:31.745 | INFO  | JavaLanguage | 	use thisInstance = false
13:15:31.745 | INFO  | JavaLanguage | 	parameters = [java.lang.String]
13:15:31.763 | WARN  | FuzzerFunctions | Cannot process constant value of type 'int'
java.lang.NoSuchFieldException: value
	at java.lang.Class.getField(Class.java:2117) ~[?:?]
	at org.utbot.fuzzer.FuzzerFunctionsKt.getPlainValue(FuzzerFunctions.kt:269) ~[utbot-cli-local-1.0.jar:?]
	at org.utbot.fuzzer.FuzzerFunctionsKt.access$getPlainValue(FuzzerFunctions.kt:1) ~[utbot-cli-local-1.0.jar:?]
	at org.utbot.fuzzer.StringConstant.find(FuzzerFunctions.kt:208) ~[utbot-cli-local-1.0.jar:?]
	at org.utbot.fuzzer.FuzzerFunctionsKt$collectConstantsForFuzzer$4$1.invoke(FuzzerFunctions.kt:51) [utbot-cli-local-1.0.jar:?]
	at org.utbot.fuzzer.FuzzerFunctionsKt$collectConstantsForFuzzer$4$1.invoke(FuzzerFunctions.kt:49) [utbot-cli-local-1.0.jar:?]
	at kotlin.sequences.FlatteningSequence$iterator$1.ensureItemIterator(Sequences.kt:315) [utbot-cli-local-1.0.jar:?]
	at kotlin.sequences.FlatteningSequence$iterator$1.hasNext(Sequences.kt:303) [utbot-cli-local-1.0.jar:?]
	at kotlin.sequences.SequencesKt___SequencesKt.any(_Sequences.kt:1218) [utbot-cli-local-1.0.jar:?]
	at org.utbot.fuzzer.FuzzerFunctionsKt$collectConstantsForFuzzer$4.invoke(FuzzerFunctions.kt:60) [utbot-cli-local-1.0.jar:?]
	at org.utbot.fuzzer.FuzzerFunctionsKt$collectConstantsForFuzzer$4.invoke(FuzzerFunctions.kt:40) [utbot-cli-local-1.0.jar:?]
	at kotlin.sequences.FlatteningSequence$iterator$1.ensureItemIterator(Sequences.kt:315) [utbot-cli-local-1.0.jar:?]
	at kotlin.sequences.FlatteningSequence$iterator$1.hasNext(Sequences.kt:303) [utbot-cli-local-1.0.jar:?]
	at kotlin.sequences.SequencesKt___SequencesKt.toCollection(_Sequences.kt:787) [utbot-cli-local-1.0.jar:?]
	at kotlin.sequences.SequencesKt___SequencesKt.toSet(_Sequences.kt:828) [utbot-cli-local-1.0.jar:?]
	at org.utbot.fuzzer.FuzzerFunctionsKt.collectConstantsForFuzzer(FuzzerFunctions.kt:64) [utbot-cli-local-1.0.jar:?]
	at org.utbot.engine.UtBotSymbolicEngine$fuzzing$1.invokeSuspend(UtBotSymbolicEngine.kt:464) [utbot-cli-local-1.0.jar:?]
	at org.utbot.engine.UtBotSymbolicEngine$fuzzing$1.invoke(UtBotSymbolicEngine.kt) [utbot-cli-local-1.0.jar:?]
	at org.utbot.engine.UtBotSymbolicEngine$fuzzing$1.invoke(UtBotSymbolicEngine.kt) [utbot-cli-local-1.0.jar:?]
	at kotlinx.coroutines.flow.SafeFlow.collectSafely(Builders.kt:61) [utbot-cli-local-1.0.jar:?]
	at kotlinx.coroutines.flow.AbstractFlow.collect(Flow.kt:230) [utbot-cli-local-1.0.jar:?]
	at kotlinx.coroutines.flow.FlowKt__CollectKt.emitAll(Collect.kt:109) [utbot-cli-local-1.0.jar:?]
	at kotlinx.coroutines.flow.FlowKt.emitAll(Unknown Source) [utbot-cli-local-1.0.jar:?]
	at kotlinx.coroutines.flow.FlowKt__MergeKt$flattenConcat$1$1.emit(Merge.kt:80) [utbot-cli-local-1.0.jar:?]
	at kotlinx.coroutines.flow.FlowKt__MergeKt$flattenConcat$1$1.emit(Merge.kt:80) [utbot-cli-local-1.0.jar:?]
	at kotlinx.coroutines.flow.FlowKt__BuildersKt$flowOf$$inlined$unsafeFlow$1.collect(SafeCollector.common.kt:114) [utbot-cli-local-1.0.jar:?]
	at kotlinx.coroutines.flow.FlowKt__MergeKt$flattenConcat$$inlined$unsafeFlow$1.collect(SafeCollector.common.kt:113) [utbot-cli-local-1.0.jar:?]
	at kotlinx.coroutines.flow.FlowKt__ErrorsKt.catchImpl(Errors.kt:156) [utbot-cli-local-1.0.jar:?]
	at kotlinx.coroutines.flow.FlowKt.catchImpl(Unknown Source) [utbot-cli-local-1.0.jar:?]
	at kotlinx.coroutines.flow.FlowKt__ErrorsKt$catch$$inlined$unsafeFlow$1.collect(SafeCollector.common.kt:113) [utbot-cli-local-1.0.jar:?]
	at org.utbot.framework.plugin.api.TestCaseGenerator$generate$2$3$1$1.invokeSuspend(TestCaseGenerator.kt:230) [utbot-cli-local-1.0.jar:?]
	at kotlin.coroutines.jvm.internal.BaseContinuationImpl.resumeWith(ContinuationImpl.kt:33) [utbot-cli-local-1.0.jar:?]
	at kotlinx.coroutines.DispatchedTask.run(DispatchedTask.kt:106) [utbot-cli-local-1.0.jar:?]
	at kotlinx.coroutines.EventLoopImplBase.processNextEvent(EventLoop.common.kt:284) [utbot-cli-local-1.0.jar:?]
	at kotlinx.coroutines.BlockingCoroutine.joinBlocking(Builders.kt:85) [utbot-cli-local-1.0.jar:?]
	at kotlinx.coroutines.BuildersKt__BuildersKt.runBlocking(Builders.kt:59) [utbot-cli-local-1.0.jar:?]
	at kotlinx.coroutines.BuildersKt.runBlocking(Unknown Source) [utbot-cli-local-1.0.jar:?]
	at kotlinx.coroutines.BuildersKt__BuildersKt.runBlocking$default(Builders.kt:38) [utbot-cli-local-1.0.jar:?]
	at kotlinx.coroutines.BuildersKt.runBlocking$default(Unknown Source) [utbot-cli-local-1.0.jar:?]
	at org.utbot.common.ConcurrencyKt.runBlockingWithCancellationPredicate(Concurrency.kt:38) [utbot-cli-local-1.0.jar:?]
	at org.utbot.framework.plugin.api.TestCaseGenerator$generate$2$3.invoke(TestCaseGenerator.kt:204) [utbot-cli-local-1.0.jar:?]
	at org.utbot.framework.plugin.api.TestCaseGenerator$generate$2$3.invoke(TestCaseGenerator.kt:203) [utbot-cli-local-1.0.jar:?]
	at org.utbot.common.ConcurrencyKt.runIgnoringCancellationException(Concurrency.kt:47) [utbot-cli-local-1.0.jar:?]
	at org.utbot.framework.plugin.api.TestCaseGenerator.generate(TestCaseGenerator.kt:203) [utbot-cli-local-1.0.jar:?]
	at org.utbot.framework.plugin.api.TestCaseGenerator.generate$default(TestCaseGenerator.kt:172) [utbot-cli-local-1.0.jar:?]
	at org.utbot.cli.GenerateTestsAbstractCommand.generateTestSets(GenerateTestsAbstractCommand.kt:194) [utbot-cli-local-1.0.jar:?]
	at org.utbot.cli.GenerateTestsCommand.run(GenerateTestsCommand.kt:113) [utbot-cli-local-1.0.jar:?]
	at com.github.ajalt.clikt.parsers.Parser.parse(Parser.kt:204) [utbot-cli-local-1.0.jar:?]
	at com.github.ajalt.clikt.parsers.Parser.parse(Parser.kt:213) [utbot-cli-local-1.0.jar:?]
	at com.github.ajalt.clikt.parsers.Parser.parse(Parser.kt:17) [utbot-cli-local-1.0.jar:?]
	at com.github.ajalt.clikt.core.CliktCommand.parse(CliktCommand.kt:396) [utbot-cli-local-1.0.jar:?]
	at com.github.ajalt.clikt.core.CliktCommand.parse$default(CliktCommand.kt:393) [utbot-cli-local-1.0.jar:?]
	at com.github.ajalt.clikt.core.CliktCommand.main(CliktCommand.kt:411) [utbot-cli-local-1.0.jar:?]
	at com.github.ajalt.clikt.core.CliktCommand.main(CliktCommand.kt:436) [utbot-cli-local-1.0.jar:?]
	at org.utbot.cli.ApplicationKt.main(Application.kt:31) [utbot-cli-local-1.0.jar:?]
13:15:31.804 | INFO  | JavaLanguage | Starting fuzzing for method: org.apache.commons.lang3.math.NumberUtils.createNumber
13:15:31.805 | INFO  | JavaLanguage | 	use thisInstance = false
13:15:31.805 | INFO  | JavaLanguage | 	parameters = [java.lang.String]
13:15:31.808 | INFO  | JavaLanguage | Starting fuzzing for method: org.apache.commons.lang3.math.NumberUtils.createBigDecimal
13:15:31.808 | INFO  | JavaLanguage | 	use thisInstance = false
13:15:31.808 | INFO  | JavaLanguage | 	parameters = [java.lang.String]
13:15:31.810 | INFO  | JavaLanguage | Starting fuzzing for method: org.apache.commons.lang3.math.NumberUtils.isDigits
13:15:31.810 | INFO  | JavaLanguage | 	use thisInstance = false
13:15:31.811 | INFO  | JavaLanguage | 	parameters = [java.lang.String]
13:15:31.813 | INFO  | JavaLanguage | Starting fuzzing for method: org.apache.commons.lang3.math.NumberUtils.createDouble
13:15:31.813 | INFO  | JavaLanguage | 	use thisInstance = false
13:15:31.813 | INFO  | JavaLanguage | 	parameters = [java.lang.String]
13:15:31.947 | INFO  | InstrumentedProcess | ------------------------------------------------------------------
--------Instrumented process started with PID=36424--------
------------------------------------------------------------------
13:15:31.979 | INFO  | ConcreteExecutor | RdCategory: RdCoroutineScope          | RdCoroutineHost overridden 
13:15:32.641 | INFO  | TestCaseGenerator | Resuming method org.apache.commons.lang3.math.NumberUtils.toShort
13:15:33.795 | INFO  | TestCaseGenerator | Resuming method org.apache.commons.lang3.math.NumberUtils.toShort
13:15:34.097 | ERROR | UtBotSymbolicEngine | Coverage is empty for org.apache.commons.lang3.math.NumberUtils.toInt with [org.utbot.fuzzer.FuzzedValue@75051d05, org.utbot.fuzzer.FuzzedValue@747b8f5c]
13:15:34.106 | ERROR | UtBotSymbolicEngine | Coverage is empty for org.apache.commons.lang3.math.NumberUtils.toInt with [org.utbot.fuzzer.FuzzedValue@4dfe5727]
13:15:34.107 | ERROR | UtBotSymbolicEngine | Coverage is empty for org.apache.commons.lang3.math.NumberUtils.toShort with [org.utbot.fuzzer.FuzzedValue@1f612968, org.utbot.fuzzer.FuzzedValue@2ee949d4]
13:15:34.107 | ERROR | UtBotSymbolicEngine | Coverage is empty for org.apache.commons.lang3.math.NumberUtils.toShort with [org.utbot.fuzzer.FuzzedValue@4548bfc7]
13:15:34.108 | ERROR | UtBotSymbolicEngine | Coverage is empty for org.apache.commons.lang3.math.NumberUtils.toLong with [org.utbot.fuzzer.FuzzedValue@564e0a6c, org.utbot.fuzzer.FuzzedValue@5eabcf77]
13:15:34.108 | ERROR | UtBotSymbolicEngine | Coverage is empty for org.apache.commons.lang3.math.NumberUtils.toLong with [org.utbot.fuzzer.FuzzedValue@4dc23273]
13:15:34.109 | ERROR | UtBotSymbolicEngine | Coverage is empty for org.apache.commons.lang3.math.NumberUtils.toByte with [org.utbot.fuzzer.FuzzedValue@2f95ce11, org.utbot.fuzzer.FuzzedValue@2f349170]
13:15:34.109 | ERROR | UtBotSymbolicEngine | Coverage is empty for org.apache.commons.lang3.math.NumberUtils.toByte with [org.utbot.fuzzer.FuzzedValue@2453cbb7]
13:15:34.110 | ERROR | UtBotSymbolicEngine | Coverage is empty for org.apache.commons.lang3.math.NumberUtils.toDouble with [org.utbot.fuzzer.FuzzedValue@ab5954d, org.utbot.fuzzer.FuzzedValue@466f7259]
13:15:34.110 | ERROR | UtBotSymbolicEngine | Coverage is empty for org.apache.commons.lang3.math.NumberUtils.toDouble with [org.utbot.fuzzer.FuzzedValue@4a648b35]
13:15:34.111 | ERROR | UtBotSymbolicEngine | Coverage is empty for org.apache.commons.lang3.math.NumberUtils.toFloat with [org.utbot.fuzzer.FuzzedValue@3ce60feb]
13:15:34.111 | ERROR | UtBotSymbolicEngine | Coverage is empty for org.apache.commons.lang3.math.NumberUtils.toFloat with [org.utbot.fuzzer.FuzzedValue@57573880, org.utbot.fuzzer.FuzzedValue@3d94b49d]
13:15:34.112 | ERROR | UtBotSymbolicEngine | Coverage is empty for org.apache.commons.lang3.math.NumberUtils.min with [org.utbot.fuzzer.FuzzedValue@2360ebe2, org.utbot.fuzzer.FuzzedValue@77fa2dcc, org.utbot.fuzzer.FuzzedValue@75cfb958]
13:15:34.119 | ERROR | UtBotSymbolicEngine | Coverage is empty for org.apache.commons.lang3.math.NumberUtils.min with [org.utbot.fuzzer.FuzzedValue@64a74723]
13:15:34.120 | ERROR | UtBotSymbolicEngine | Coverage is empty for org.apache.commons.lang3.math.NumberUtils.min with [org.utbot.fuzzer.FuzzedValue@500d4de8]
13:15:34.122 | ERROR | UtBotSymbolicEngine | Coverage is empty for org.apache.commons.lang3.math.NumberUtils.min with [org.utbot.fuzzer.FuzzedValue@11fb4f69, org.utbot.fuzzer.FuzzedValue@618d2191, org.utbot.fuzzer.FuzzedValue@4b1ef6a]
13:15:34.126 | ERROR | UtBotSymbolicEngine | Coverage is empty for org.apache.commons.lang3.math.NumberUtils.min with [org.utbot.fuzzer.FuzzedValue@3687f6b6]
13:15:34.127 | ERROR | UtBotSymbolicEngine | Coverage is empty for org.apache.commons.lang3.math.NumberUtils.min with [org.utbot.fuzzer.FuzzedValue@7469c73d, org.utbot.fuzzer.FuzzedValue@41dcfd0, org.utbot.fuzzer.FuzzedValue@1fcb01f8]
13:15:34.130 | ERROR | UtBotSymbolicEngine | Coverage is empty for org.apache.commons.lang3.math.NumberUtils.min with [org.utbot.fuzzer.FuzzedValue@4c43c37d, org.utbot.fuzzer.FuzzedValue@61c946a0, org.utbot.fuzzer.FuzzedValue@227e4ea8]
13:15:34.133 | ERROR | UtBotSymbolicEngine | Coverage is empty for org.apache.commons.lang3.math.NumberUtils.min with [org.utbot.fuzzer.FuzzedValue@5f65a6d7, org.utbot.fuzzer.FuzzedValue@67726dd1, org.utbot.fuzzer.FuzzedValue@45c270f9]
13:15:34.135 | ERROR | UtBotSymbolicEngine | Coverage is empty for org.apache.commons.lang3.math.NumberUtils.min with [org.utbot.fuzzer.FuzzedValue@10f64bc3, org.utbot.fuzzer.FuzzedValue@3c9cab4, org.utbot.fuzzer.FuzzedValue@1be15455]
13:15:34.138 | ERROR | UtBotSymbolicEngine | Coverage is empty for org.apache.commons.lang3.math.NumberUtils.min with [org.utbot.fuzzer.FuzzedValue@b7952d2]
13:15:34.141 | ERROR | UtBotSymbolicEngine | Coverage is empty for org.apache.commons.lang3.math.NumberUtils.min with [org.utbot.fuzzer.FuzzedValue@62284954]
13:15:34.143 | ERROR | UtBotSymbolicEngine | Coverage is empty for org.apache.commons.lang3.math.NumberUtils.min with [org.utbot.fuzzer.FuzzedValue@4867f5cf]
13:15:34.145 | ERROR | UtBotSymbolicEngine | Coverage is empty for org.apache.commons.lang3.math.NumberUtils.max with [org.utbot.fuzzer.FuzzedValue@259647f2, org.utbot.fuzzer.FuzzedValue@54c9c09c, org.utbot.fuzzer.FuzzedValue@6517bc6b]
13:15:34.147 | ERROR | UtBotSymbolicEngine | Coverage is empty for org.apache.commons.lang3.math.NumberUtils.max with [org.utbot.fuzzer.FuzzedValue@4842a683, org.utbot.fuzzer.FuzzedValue@65a03c19, org.utbot.fuzzer.FuzzedValue@5f455d91]
13:15:34.150 | ERROR | UtBotSymbolicEngine | Coverage is empty for org.apache.commons.lang3.math.NumberUtils.max with [org.utbot.fuzzer.FuzzedValue@4d609cc3]
13:15:34.152 | ERROR | UtBotSymbolicEngine | Coverage is empty for org.apache.commons.lang3.math.NumberUtils.max with [org.utbot.fuzzer.FuzzedValue@2a3251ad, org.utbot.fuzzer.FuzzedValue@457547a1, org.utbot.fuzzer.FuzzedValue@795ce9b5]
13:15:34.155 | ERROR | UtBotSymbolicEngine | Coverage is empty for org.apache.commons.lang3.math.NumberUtils.max with [org.utbot.fuzzer.FuzzedValue@77c4aeb6, org.utbot.fuzzer.FuzzedValue@54455c8d, org.utbot.fuzzer.FuzzedValue@80347b2]
13:15:34.156 | ERROR | UtBotSymbolicEngine | Coverage is empty for org.apache.commons.lang3.math.NumberUtils.max with [org.utbot.fuzzer.FuzzedValue@94ba90a, org.utbot.fuzzer.FuzzedValue@643947d1, org.utbot.fuzzer.FuzzedValue@44b99f09]
13:15:34.159 | ERROR | UtBotSymbolicEngine | Coverage is empty for org.apache.commons.lang3.math.NumberUtils.max with [org.utbot.fuzzer.FuzzedValue@4af8ff3, org.utbot.fuzzer.FuzzedValue@7b7268db, org.utbot.fuzzer.FuzzedValue@1d8230cd]
13:15:34.161 | ERROR | UtBotSymbolicEngine | Coverage is empty for org.apache.commons.lang3.math.NumberUtils.max with [org.utbot.fuzzer.FuzzedValue@64f34c91]
13:15:34.163 | ERROR | UtBotSymbolicEngine | Coverage is empty for org.apache.commons.lang3.math.NumberUtils.max with [org.utbot.fuzzer.FuzzedValue@504216ff]
13:15:34.166 | ERROR | UtBotSymbolicEngine | Coverage is empty for org.apache.commons.lang3.math.NumberUtils.max with [org.utbot.fuzzer.FuzzedValue@7b842e79]
13:15:34.168 | ERROR | UtBotSymbolicEngine | Coverage is empty for org.apache.commons.lang3.math.NumberUtils.max with [org.utbot.fuzzer.FuzzedValue@5c6fae3c]
13:15:34.170 | ERROR | UtBotSymbolicEngine | Coverage is empty for org.apache.commons.lang3.math.NumberUtils.max with [org.utbot.fuzzer.FuzzedValue@50c442a5]
13:15:34.237 | ERROR | UtBotSymbolicEngine | Coverage is empty for org.apache.commons.lang3.math.NumberUtils.createLong with [org.utbot.fuzzer.FuzzedValue@3c5de17c]
13:15:34.239 | ERROR | UtBotSymbolicEngine | Coverage is empty for org.apache.commons.lang3.math.NumberUtils.isNumber with [org.utbot.fuzzer.FuzzedValue@3e5d10fc]
13:15:34.242 | ERROR | UtBotSymbolicEngine | Coverage is empty for org.apache.commons.lang3.math.NumberUtils.createInteger with [org.utbot.fuzzer.FuzzedValue@387bbd7a]
13:15:34.243 | ERROR | UtBotSymbolicEngine | Coverage is empty for org.apache.commons.lang3.math.NumberUtils.isAllZeros with [org.utbot.fuzzer.FuzzedValue@2140de63]
13:15:34.246 | ERROR | UtBotSymbolicEngine | Coverage is empty for org.apache.commons.lang3.math.NumberUtils.createBigInteger with [org.utbot.fuzzer.FuzzedValue@7cc5bdbd]
13:15:34.249 | ERROR | UtBotSymbolicEngine | Coverage is empty for org.apache.commons.lang3.math.NumberUtils.createFloat with [org.utbot.fuzzer.FuzzedValue@17c0d43c]
13:15:34.250 | ERROR | UtBotSymbolicEngine | Coverage is empty for org.apache.commons.lang3.math.NumberUtils.createNumber with [org.utbot.fuzzer.FuzzedValue@44189797]
13:15:34.257 | ERROR | UtBotSymbolicEngine | Coverage is empty for org.apache.commons.lang3.math.NumberUtils.createBigDecimal with [org.utbot.fuzzer.FuzzedValue@2f341732]
13:15:34.258 | ERROR | UtBotSymbolicEngine | Coverage is empty for org.apache.commons.lang3.math.NumberUtils.isDigits with [org.utbot.fuzzer.FuzzedValue@18ac2dfe]
13:15:34.263 | ERROR | UtBotSymbolicEngine | Coverage is empty for org.apache.commons.lang3.math.NumberUtils.createDouble with [org.utbot.fuzzer.FuzzedValue@5180f430]
13:15:34.264 | ERROR | UtBotSymbolicEngine | Coverage is empty for org.apache.commons.lang3.math.NumberUtils.toInt with [org.utbot.fuzzer.FuzzedValue@16750a5e, org.utbot.fuzzer.FuzzedValue@436867c3]
13:15:34.266 | INFO  | UtBotSymbolicEngine | Fuzzing overtime: org.apache.commons.lang3.math.NumberUtils.toInt
13:15:34.268 | INFO  | UtBotSymbolicEngine | Test created by fuzzer: 2
13:15:34.270 | INFO  | JavaLanguage | Finishing fuzzing for method: org.apache.commons.lang3.math.NumberUtils.toInt in 2892 ms
13:15:34.271 | INFO  | JavaLanguage | 	Total execution called: 3
13:15:34.331 | ERROR | UtBotSymbolicEngine | Coverage is empty for org.apache.commons.lang3.math.NumberUtils.toInt with [org.utbot.fuzzer.FuzzedValue@68f1e261]
13:15:34.331 | ERROR | UtBotSymbolicEngine | Coverage is empty for org.apache.commons.lang3.math.NumberUtils.toShort with [org.utbot.fuzzer.FuzzedValue@6eaa5458, org.utbot.fuzzer.FuzzedValue@74863aec]
13:15:34.332 | ERROR | UtBotSymbolicEngine | Coverage is empty for org.apache.commons.lang3.math.NumberUtils.toShort with [org.utbot.fuzzer.FuzzedValue@2d73aa17]
13:15:34.332 | ERROR | UtBotSymbolicEngine | Coverage is empty for org.apache.commons.lang3.math.NumberUtils.toLong with [org.utbot.fuzzer.FuzzedValue@4e7bf371, org.utbot.fuzzer.FuzzedValue@5fe08]
13:15:34.333 | ERROR | UtBotSymbolicEngine | Coverage is empty for org.apache.commons.lang3.math.NumberUtils.toLong with [org.utbot.fuzzer.FuzzedValue@1435a8ca]
13:15:34.333 | ERROR | UtBotSymbolicEngine | Coverage is empty for org.apache.commons.lang3.math.NumberUtils.toByte with [org.utbot.fuzzer.FuzzedValue@1f748d43, org.utbot.fuzzer.FuzzedValue@1104cc93]
13:15:34.334 | ERROR | UtBotSymbolicEngine | Coverage is empty for org.apache.commons.lang3.math.NumberUtils.toByte with [org.utbot.fuzzer.FuzzedValue@3f04349b]
13:15:34.334 | ERROR | UtBotSymbolicEngine | Coverage is empty for org.apache.commons.lang3.math.NumberUtils.toDouble with [org.utbot.fuzzer.FuzzedValue@17d5138, org.utbot.fuzzer.FuzzedValue@266b7d1]
13:15:34.335 | ERROR | UtBotSymbolicEngine | Coverage is empty for org.apache.commons.lang3.math.NumberUtils.toDouble with [org.utbot.fuzzer.FuzzedValue@5f386009]
13:15:34.335 | ERROR | UtBotSymbolicEngine | Coverage is empty for org.apache.commons.lang3.math.NumberUtils.toFloat with [org.utbot.fuzzer.FuzzedValue@42a698bd]
13:15:34.336 | ERROR | UtBotSymbolicEngine | Coverage is empty for org.apache.commons.lang3.math.NumberUtils.toFloat with [org.utbot.fuzzer.FuzzedValue@7b50e70a, org.utbot.fuzzer.FuzzedValue@4a0161ee]
13:15:34.336 | ERROR | UtBotSymbolicEngine | Coverage is empty for org.apache.commons.lang3.math.NumberUtils.min with [org.utbot.fuzzer.FuzzedValue@7115d5af, org.utbot.fuzzer.FuzzedValue@7ce58c1c, org.utbot.fuzzer.FuzzedValue@36996b37]
13:15:34.337 | ERROR | UtBotSymbolicEngine | Coverage is empty for org.apache.commons.lang3.math.NumberUtils.min with [org.utbot.fuzzer.FuzzedValue@5b1ebbe]
13:15:34.337 | ERROR | UtBotSymbolicEngine | Coverage is empty for org.apache.commons.lang3.math.NumberUtils.min with [org.utbot.fuzzer.FuzzedValue@6bd2c51d]
13:15:34.338 | ERROR | UtBotSymbolicEngine | Coverage is empty for org.apache.commons.lang3.math.NumberUtils.min with [org.utbot.fuzzer.FuzzedValue@283074e8, org.utbot.fuzzer.FuzzedValue@7d0bbc49, org.utbot.fuzzer.FuzzedValue@7eb370c5]
13:15:34.339 | ERROR | UtBotSymbolicEngine | Coverage is empty for org.apache.commons.lang3.math.NumberUtils.min with [org.utbot.fuzzer.FuzzedValue@22277482]
13:15:34.339 | ERROR | UtBotSymbolicEngine | Coverage is empty for org.apache.commons.lang3.math.NumberUtils.min with [org.utbot.fuzzer.FuzzedValue@1e82b631, org.utbot.fuzzer.FuzzedValue@42c2a1da, org.utbot.fuzzer.FuzzedValue@70ca533a]
13:15:34.339 | ERROR | UtBotSymbolicEngine | Coverage is empty for org.apache.commons.lang3.math.NumberUtils.min with [org.utbot.fuzzer.FuzzedValue@1988e095, org.utbot.fuzzer.FuzzedValue@7ec63b9a, org.utbot.fuzzer.FuzzedValue@4f1a4d61]
13:15:34.340 | ERROR | UtBotSymbolicEngine | Coverage is empty for org.apache.commons.lang3.math.NumberUtils.min with [org.utbot.fuzzer.FuzzedValue@10cb1b89, org.utbot.fuzzer.FuzzedValue@19b7852b, org.utbot.fuzzer.FuzzedValue@24fcfdb]
13:15:34.340 | ERROR | UtBotSymbolicEngine | Coverage is empty for org.apache.commons.lang3.math.NumberUtils.min with [org.utbot.fuzzer.FuzzedValue@347074a9, org.utbot.fuzzer.FuzzedValue@136d1d58, org.utbot.fuzzer.FuzzedValue@5d956649]
13:15:34.340 | ERROR | UtBotSymbolicEngine | Coverage is empty for org.apache.commons.lang3.math.NumberUtils.min with [org.utbot.fuzzer.FuzzedValue@3bd552f7]
13:15:34.341 | ERROR | UtBotSymbolicEngine | Coverage is empty for org.apache.commons.lang3.math.NumberUtils.min with [org.utbot.fuzzer.FuzzedValue@15311af2]
13:15:34.342 | ERROR | UtBotSymbolicEngine | Coverage is empty for org.apache.commons.lang3.math.NumberUtils.min with [org.utbot.fuzzer.FuzzedValue@353ac1ef]
13:15:34.342 | ERROR | UtBotSymbolicEngine | Coverage is empty for org.apache.commons.lang3.math.NumberUtils.max with [org.utbot.fuzzer.FuzzedValue@3272c5b3, org.utbot.fuzzer.FuzzedValue@466d6ea5, org.utbot.fuzzer.FuzzedValue@52db9036]
13:15:34.343 | ERROR | UtBotSymbolicEngine | Coverage is empty for org.apache.commons.lang3.math.NumberUtils.max with [org.utbot.fuzzer.FuzzedValue@58885a2e, org.utbot.fuzzer.FuzzedValue@3d2bcf0a, org.utbot.fuzzer.FuzzedValue@72e806]
13:15:34.343 | ERROR | UtBotSymbolicEngine | Coverage is empty for org.apache.commons.lang3.math.NumberUtils.max with [org.utbot.fuzzer.FuzzedValue@4821e1a3]
13:15:34.343 | ERROR | UtBotSymbolicEngine | Coverage is empty for org.apache.commons.lang3.math.NumberUtils.max with [org.utbot.fuzzer.FuzzedValue@5b7e2a88, org.utbot.fuzzer.FuzzedValue@6984f7d1, org.utbot.fuzzer.FuzzedValue@7fac3ce0]
13:15:34.344 | ERROR | UtBotSymbolicEngine | Coverage is empty for org.apache.commons.lang3.math.NumberUtils.max with [org.utbot.fuzzer.FuzzedValue@16745ba7, org.utbot.fuzzer.FuzzedValue@c9518ee, org.utbot.fuzzer.FuzzedValue@2d094add]
13:15:34.344 | ERROR | UtBotSymbolicEngine | Coverage is empty for org.apache.commons.lang3.math.NumberUtils.max with [org.utbot.fuzzer.FuzzedValue@6bca3b27, org.utbot.fuzzer.FuzzedValue@25bd8eab, org.utbot.fuzzer.FuzzedValue@15974f4e]
13:15:34.344 | ERROR | UtBotSymbolicEngine | Coverage is empty for org.apache.commons.lang3.math.NumberUtils.max with [org.utbot.fuzzer.FuzzedValue@2787abe4, org.utbot.fuzzer.FuzzedValue@3e94a6f6, org.utbot.fuzzer.FuzzedValue@41ff98dc]
13:15:34.344 | ERROR | UtBotSymbolicEngine | Coverage is empty for org.apache.commons.lang3.math.NumberUtils.max with [org.utbot.fuzzer.FuzzedValue@2048255a]
13:15:34.345 | ERROR | UtBotSymbolicEngine | Coverage is empty for org.apache.commons.lang3.math.NumberUtils.max with [org.utbot.fuzzer.FuzzedValue@33544cc5]
13:15:34.345 | ERROR | UtBotSymbolicEngine | Coverage is empty for org.apache.commons.lang3.math.NumberUtils.max with [org.utbot.fuzzer.FuzzedValue@276ae21c]
13:15:34.345 | ERROR | UtBotSymbolicEngine | Coverage is empty for org.apache.commons.lang3.math.NumberUtils.max with [org.utbot.fuzzer.FuzzedValue@6b71fded]
13:15:34.348 | ERROR | UtBotSymbolicEngine | Coverage is empty for org.apache.commons.lang3.math.NumberUtils.max with [org.utbot.fuzzer.FuzzedValue@1915879c]
13:15:34.357 | ERROR | UtBotSymbolicEngine | Coverage is empty for org.apache.commons.lang3.math.NumberUtils.createLong with [org.utbot.fuzzer.FuzzedValue@68330024]
13:15:34.357 | ERROR | UtBotSymbolicEngine | Coverage is empty for org.apache.commons.lang3.math.NumberUtils.isNumber with [org.utbot.fuzzer.FuzzedValue@65067d90]
13:15:34.359 | ERROR | UtBotSymbolicEngine | Coverage is empty for org.apache.commons.lang3.math.NumberUtils.createInteger with [org.utbot.fuzzer.FuzzedValue@122bfaac]
13:15:34.359 | ERROR | UtBotSymbolicEngine | Coverage is empty for org.apache.commons.lang3.math.NumberUtils.isAllZeros with [org.utbot.fuzzer.FuzzedValue@15e86d24]
13:15:34.360 | ERROR | UtBotSymbolicEngine | Coverage is empty for org.apache.commons.lang3.math.NumberUtils.createBigInteger with [org.utbot.fuzzer.FuzzedValue@497f8a4b]
13:15:34.363 | ERROR | UtBotSymbolicEngine | Coverage is empty for org.apache.commons.lang3.math.NumberUtils.createFloat with [org.utbot.fuzzer.FuzzedValue@7fdf32a4]
13:15:34.365 | ERROR | UtBotSymbolicEngine | Coverage is empty for org.apache.commons.lang3.math.NumberUtils.createNumber with [org.utbot.fuzzer.FuzzedValue@2ab91b65]
13:15:34.368 | ERROR | UtBotSymbolicEngine | Coverage is empty for org.apache.commons.lang3.math.NumberUtils.createBigDecimal with [org.utbot.fuzzer.FuzzedValue@776eb512]
13:15:34.369 | ERROR | UtBotSymbolicEngine | Coverage is empty for org.apache.commons.lang3.math.NumberUtils.isDigits with [org.utbot.fuzzer.FuzzedValue@68226b59]
13:15:34.370 | ERROR | UtBotSymbolicEngine | Coverage is empty for org.apache.commons.lang3.math.NumberUtils.createDouble with [org.utbot.fuzzer.FuzzedValue@35307365]
13:15:34.370 | ERROR | UtBotSymbolicEngine | Coverage is empty for org.apache.commons.lang3.math.NumberUtils.toInt with [org.utbot.fuzzer.FuzzedValue@4b20b431]
13:15:34.372 | ERROR | UtBotSymbolicEngine | Coverage is empty for org.apache.commons.lang3.math.NumberUtils.toShort with [org.utbot.fuzzer.FuzzedValue@6107b3cb, org.utbot.fuzzer.FuzzedValue@2179127d]
13:15:34.373 | ERROR | UtBotSymbolicEngine | Coverage is empty for org.apache.commons.lang3.math.NumberUtils.toShort with [org.utbot.fuzzer.FuzzedValue@2ab4c4e]
13:15:34.373 | ERROR | UtBotSymbolicEngine | Coverage is empty for org.apache.commons.lang3.math.NumberUtils.toLong with [org.utbot.fuzzer.FuzzedValue@5b628249, org.utbot.fuzzer.FuzzedValue@727eae52]
13:15:34.374 | ERROR | UtBotSymbolicEngine | Coverage is empty for org.apache.commons.lang3.math.NumberUtils.toLong with [org.utbot.fuzzer.FuzzedValue@542adcfa]
13:15:34.381 | ERROR | UtBotSymbolicEngine | Coverage is empty for org.apache.commons.lang3.math.NumberUtils.toByte with [org.utbot.fuzzer.FuzzedValue@2640f5ea, org.utbot.fuzzer.FuzzedValue@45accb5]
13:15:34.383 | ERROR | UtBotSymbolicEngine | Coverage is empty for org.apache.commons.lang3.math.NumberUtils.toByte with [org.utbot.fuzzer.FuzzedValue@2298af09]
13:15:34.384 | ERROR | UtBotSymbolicEngine | Coverage is empty for org.apache.commons.lang3.math.NumberUtils.toDouble with [org.utbot.fuzzer.FuzzedValue@3d5a6849, org.utbot.fuzzer.FuzzedValue@4228a2f6]
13:15:34.384 | ERROR | UtBotSymbolicEngine | Coverage is empty for org.apache.commons.lang3.math.NumberUtils.toDouble with [org.utbot.fuzzer.FuzzedValue@7655dc27]
13:15:34.385 | ERROR | UtBotSymbolicEngine | Coverage is empty for org.apache.commons.lang3.math.NumberUtils.toFloat with [org.utbot.fuzzer.FuzzedValue@1c619a77]
13:15:34.386 | ERROR | UtBotSymbolicEngine | Coverage is empty for org.apache.commons.lang3.math.NumberUtils.toFloat with [org.utbot.fuzzer.FuzzedValue@6222a343, org.utbot.fuzzer.FuzzedValue@228c854f]
13:15:34.386 | ERROR | UtBotSymbolicEngine | Coverage is empty for org.apache.commons.lang3.math.NumberUtils.min with [org.utbot.fuzzer.FuzzedValue@1979d616, org.utbot.fuzzer.FuzzedValue@6272936b, org.utbot.fuzzer.FuzzedValue@7da6e22a]
13:15:34.389 | ERROR | UtBotSymbolicEngine | Coverage is empty for org.apache.commons.lang3.math.NumberUtils.min with [org.utbot.fuzzer.FuzzedValue@7d2d7a85]
13:15:34.391 | ERROR | UtBotSymbolicEngine | Coverage is empty for org.apache.commons.lang3.math.NumberUtils.min with [org.utbot.fuzzer.FuzzedValue@7734ddb8]
13:15:34.395 | ERROR | UtBotSymbolicEngine | Coverage is empty for org.apache.commons.lang3.math.NumberUtils.min with [org.utbot.fuzzer.FuzzedValue@1e085e71, org.utbot.fuzzer.FuzzedValue@3dab9366, org.utbot.fuzzer.FuzzedValue@33ccc8cd]
13:15:34.396 | ERROR | UtBotSymbolicEngine | Coverage is empty for org.apache.commons.lang3.math.NumberUtils.min with [org.utbot.fuzzer.FuzzedValue@7b491b89]
13:15:34.403 | ERROR | UtBotSymbolicEngine | Coverage is empty for org.apache.commons.lang3.math.NumberUtils.min with [org.utbot.fuzzer.FuzzedValue@651e3cc9, org.utbot.fuzzer.FuzzedValue@45dce9f7, org.utbot.fuzzer.FuzzedValue@9da20f1]
13:15:34.406 | ERROR | UtBotSymbolicEngine | Coverage is empty for org.apache.commons.lang3.math.NumberUtils.min with [org.utbot.fuzzer.FuzzedValue@444958a4, org.utbot.fuzzer.FuzzedValue@19aa9540, org.utbot.fuzzer.FuzzedValue@4cb084b]
13:15:34.407 | ERROR | UtBotSymbolicEngine | Coverage is empty for org.apache.commons.lang3.math.NumberUtils.min with [org.utbot.fuzzer.FuzzedValue@253fb3fa, org.utbot.fuzzer.FuzzedValue@57283e4, org.utbot.fuzzer.FuzzedValue@58fa8762]
13:15:34.411 | ERROR | UtBotSymbolicEngine | Coverage is empty for org.apache.commons.lang3.math.NumberUtils.min with [org.utbot.fuzzer.FuzzedValue@1b42eb0f, org.utbot.fuzzer.FuzzedValue@6e92f150, org.utbot.fuzzer.FuzzedValue@4268c16]
13:15:34.420 | ERROR | UtBotSymbolicEngine | Coverage is empty for org.apache.commons.lang3.math.NumberUtils.min with [org.utbot.fuzzer.FuzzedValue@6559cbdd]
13:15:34.420 | ERROR | UtBotSymbolicEngine | Coverage is empty for org.apache.commons.lang3.math.NumberUtils.min with [org.utbot.fuzzer.FuzzedValue@3343997b]
13:15:34.421 | ERROR | UtBotSymbolicEngine | Coverage is empty for org.apache.commons.lang3.math.NumberUtils.min with [org.utbot.fuzzer.FuzzedValue@1e32a3ed]
13:15:34.422 | ERROR | UtBotSymbolicEngine | Coverage is empty for org.apache.commons.lang3.math.NumberUtils.max with [org.utbot.fuzzer.FuzzedValue@2d28114b, org.utbot.fuzzer.FuzzedValue@79b9dfcd, org.utbot.fuzzer.FuzzedValue@7edb2a4b]
13:15:34.422 | ERROR | UtBotSymbolicEngine | Coverage is empty for org.apache.commons.lang3.math.NumberUtils.max with [org.utbot.fuzzer.FuzzedValue@5c7a699b, org.utbot.fuzzer.FuzzedValue@38cd7531, org.utbot.fuzzer.FuzzedValue@1dd36967]
13:15:34.423 | ERROR | UtBotSymbolicEngine | Coverage is empty for org.apache.commons.lang3.math.NumberUtils.max with [org.utbot.fuzzer.FuzzedValue@5632bed3]
13:15:34.423 | ERROR | UtBotSymbolicEngine | Coverage is empty for org.apache.commons.lang3.math.NumberUtils.max with [org.utbot.fuzzer.FuzzedValue@43d00636, org.utbot.fuzzer.FuzzedValue@3a72160a, org.utbot.fuzzer.FuzzedValue@2a01c55]
13:15:34.430 | ERROR | UtBotSymbolicEngine | Coverage is empty for org.apache.commons.lang3.math.NumberUtils.max with [org.utbot.fuzzer.FuzzedValue@126a8548, org.utbot.fuzzer.FuzzedValue@54a2ff94, org.utbot.fuzzer.FuzzedValue@3d2be0df]
13:15:34.431 | ERROR | UtBotSymbolicEngine | Coverage is empty for org.apache.commons.lang3.math.NumberUtils.max with [org.utbot.fuzzer.FuzzedValue@7685912e, org.utbot.fuzzer.FuzzedValue@3ea3b20d, org.utbot.fuzzer.FuzzedValue@17856f0]
13:15:34.433 | ERROR | UtBotSymbolicEngine | Coverage is empty for org.apache.commons.lang3.math.NumberUtils.max with [org.utbot.fuzzer.FuzzedValue@36f93ea3, org.utbot.fuzzer.FuzzedValue@2c48eb31, org.utbot.fuzzer.FuzzedValue@323fa578]
13:15:34.434 | ERROR | UtBotSymbolicEngine | Coverage is empty for org.apache.commons.lang3.math.NumberUtils.max with [org.utbot.fuzzer.FuzzedValue@502a9b30]
13:15:34.435 | ERROR | UtBotSymbolicEngine | Coverage is empty for org.apache.commons.lang3.math.NumberUtils.max with [org.utbot.fuzzer.FuzzedValue@1703e50d]
13:15:34.436 | ERROR | UtBotSymbolicEngine | Coverage is empty for org.apache.commons.lang3.math.NumberUtils.max with [org.utbot.fuzzer.FuzzedValue@78405f00]
13:15:34.436 | ERROR | UtBotSymbolicEngine | Coverage is empty for org.apache.commons.lang3.math.NumberUtils.max with [org.utbot.fuzzer.FuzzedValue@786125a6]
13:15:34.436 | ERROR | UtBotSymbolicEngine | Coverage is empty for org.apache.commons.lang3.math.NumberUtils.max with [org.utbot.fuzzer.FuzzedValue@675c1335]
13:15:34.437 | ERROR | UtBotSymbolicEngine | Coverage is empty for org.apache.commons.lang3.math.NumberUtils.createLong with [org.utbot.fuzzer.FuzzedValue@7d593bbc]
13:15:34.438 | ERROR | UtBotSymbolicEngine | Coverage is empty for org.apache.commons.lang3.math.NumberUtils.isNumber with [org.utbot.fuzzer.FuzzedValue@ff186c2]
13:15:34.442 | ERROR | UtBotSymbolicEngine | Coverage is empty for org.apache.commons.lang3.math.NumberUtils.createInteger with [org.utbot.fuzzer.FuzzedValue@1ff55410]
13:15:34.444 | ERROR | UtBotSymbolicEngine | Coverage is empty for org.apache.commons.lang3.math.NumberUtils.isAllZeros with [org.utbot.fuzzer.FuzzedValue@1fce17b8]
13:15:34.445 | ERROR | UtBotSymbolicEngine | Coverage is empty for org.apache.commons.lang3.math.NumberUtils.createBigInteger with [org.utbot.fuzzer.FuzzedValue@36ba9aa3]
13:15:34.446 | ERROR | UtBotSymbolicEngine | Coverage is empty for org.apache.commons.lang3.math.NumberUtils.createFloat with [org.utbot.fuzzer.FuzzedValue@9b84747]
13:15:34.449 | ERROR | UtBotSymbolicEngine | Coverage is empty for org.apache.commons.lang3.math.NumberUtils.createNumber with [org.utbot.fuzzer.FuzzedValue@64c009b8]
13:15:34.452 | ERROR | UtBotSymbolicEngine | Coverage is empty for org.apache.commons.lang3.math.NumberUtils.createBigDecimal with [org.utbot.fuzzer.FuzzedValue@1f4dce67]
13:15:34.453 | ERROR | UtBotSymbolicEngine | Coverage is empty for org.apache.commons.lang3.math.NumberUtils.isDigits with [org.utbot.fuzzer.FuzzedValue@1009a9b4]
13:15:34.459 | ERROR | UtBotSymbolicEngine | Coverage is empty for org.apache.commons.lang3.math.NumberUtils.createDouble with [org.utbot.fuzzer.FuzzedValue@5a1216b0]
13:15:34.460 | ERROR | UtBotSymbolicEngine | Coverage is empty for org.apache.commons.lang3.math.NumberUtils.toInt with [org.utbot.fuzzer.FuzzedValue@3c251258]
13:15:34.461 | ERROR | UtBotSymbolicEngine | Coverage is empty for org.apache.commons.lang3.math.NumberUtils.toShort with [org.utbot.fuzzer.FuzzedValue@181909f0, org.utbot.fuzzer.FuzzedValue@1f9af742]
13:15:34.464 | ERROR | UtBotSymbolicEngine | Coverage is empty for org.apache.commons.lang3.math.NumberUtils.toShort with [org.utbot.fuzzer.FuzzedValue@62a9d176]
13:15:34.470 | ERROR | UtBotSymbolicEngine | Coverage is empty for org.apache.commons.lang3.math.NumberUtils.toLong with [org.utbot.fuzzer.FuzzedValue@445265b0, org.utbot.fuzzer.FuzzedValue@7eba962d]
13:15:34.471 | ERROR | UtBotSymbolicEngine | Coverage is empty for org.apache.commons.lang3.math.NumberUtils.toLong with [org.utbot.fuzzer.FuzzedValue@173e4b75]
13:15:34.472 | ERROR | UtBotSymbolicEngine | Coverage is empty for org.apache.commons.lang3.math.NumberUtils.toByte with [org.utbot.fuzzer.FuzzedValue@7dbe9654, org.utbot.fuzzer.FuzzedValue@31fd3db2]
13:15:34.473 | ERROR | UtBotSymbolicEngine | Coverage is empty for org.apache.commons.lang3.math.NumberUtils.toByte with [org.utbot.fuzzer.FuzzedValue@4d099a37]
13:15:34.474 | ERROR | UtBotSymbolicEngine | Coverage is empty for org.apache.commons.lang3.math.NumberUtils.toDouble with [org.utbot.fuzzer.FuzzedValue@1bf8ea44, org.utbot.fuzzer.FuzzedValue@1ccf1819]
13:15:34.476 | ERROR | UtBotSymbolicEngine | Coverage is empty for org.apache.commons.lang3.math.NumberUtils.toDouble with [org.utbot.fuzzer.FuzzedValue@7f6c85c4]
13:15:34.478 | ERROR | UtBotSymbolicEngine | Coverage is empty for org.apache.commons.lang3.math.NumberUtils.toFloat with [org.utbot.fuzzer.FuzzedValue@66a5cbe5]
13:15:34.481 | ERROR | UtBotSymbolicEngine | Coverage is empty for org.apache.commons.lang3.math.NumberUtils.toFloat with [org.utbot.fuzzer.FuzzedValue@1aae50f9, org.utbot.fuzzer.FuzzedValue@2b53d6fc]
13:15:34.482 | ERROR | UtBotSymbolicEngine | Coverage is empty for org.apache.commons.lang3.math.NumberUtils.min with [org.utbot.fuzzer.FuzzedValue@38d1c7d2, org.utbot.fuzzer.FuzzedValue@533ed36e, org.utbot.fuzzer.FuzzedValue@3b538e2a]
13:15:34.484 | ERROR | UtBotSymbolicEngine | Coverage is empty for org.apache.commons.lang3.math.NumberUtils.min with [org.utbot.fuzzer.FuzzedValue@5b6a9ef6]
13:15:34.485 | ERROR | UtBotSymbolicEngine | Coverage is empty for org.apache.commons.lang3.math.NumberUtils.min with [org.utbot.fuzzer.FuzzedValue@9124278]
13:15:34.487 | ERROR | UtBotSymbolicEngine | Coverage is empty for org.apache.commons.lang3.math.NumberUtils.min with [org.utbot.fuzzer.FuzzedValue@25c3a441, org.utbot.fuzzer.FuzzedValue@2057d8ec, org.utbot.fuzzer.FuzzedValue@52bef30b]
13:15:34.489 | ERROR | UtBotSymbolicEngine | Coverage is empty for org.apache.commons.lang3.math.NumberUtils.min with [org.utbot.fuzzer.FuzzedValue@373e09c7]
13:15:34.490 | ERROR | UtBotSymbolicEngine | Coverage is empty for org.apache.commons.lang3.math.NumberUtils.min with [org.utbot.fuzzer.FuzzedValue@1ffcb4bb, org.utbot.fuzzer.FuzzedValue@6d66a248, org.utbot.fuzzer.FuzzedValue@29617475]
13:15:34.492 | ERROR | UtBotSymbolicEngine | Coverage is empty for org.apache.commons.lang3.math.NumberUtils.min with [org.utbot.fuzzer.FuzzedValue@26c84006, org.utbot.fuzzer.FuzzedValue@4ea8832c, org.utbot.fuzzer.FuzzedValue@45e6f47a]
13:15:34.494 | ERROR | UtBotSymbolicEngine | Coverage is empty for org.apache.commons.lang3.math.NumberUtils.min with [org.utbot.fuzzer.FuzzedValue@5d28ac23, org.utbot.fuzzer.FuzzedValue@6e18bc2f, org.utbot.fuzzer.FuzzedValue@28d48616]
13:15:34.496 | ERROR | UtBotSymbolicEngine | Coverage is empty for org.apache.commons.lang3.math.NumberUtils.min with [org.utbot.fuzzer.FuzzedValue@54d3b4fe, org.utbot.fuzzer.FuzzedValue@52364a6e, org.utbot.fuzzer.FuzzedValue@5935ade6]
13:15:34.498 | ERROR | UtBotSymbolicEngine | Coverage is empty for org.apache.commons.lang3.math.NumberUtils.min with [org.utbot.fuzzer.FuzzedValue@67398bad]
13:15:34.499 | ERROR | UtBotSymbolicEngine | Coverage is empty for org.apache.commons.lang3.math.NumberUtils.min with [org.utbot.fuzzer.FuzzedValue@2fbc704a]
13:15:34.501 | ERROR | UtBotSymbolicEngine | Coverage is empty for org.apache.commons.lang3.math.NumberUtils.min with [org.utbot.fuzzer.FuzzedValue@4015c65b]
13:15:34.502 | ERROR | UtBotSymbolicEngine | Coverage is empty for org.apache.commons.lang3.math.NumberUtils.max with [org.utbot.fuzzer.FuzzedValue@2fe6bcbb, org.utbot.fuzzer.FuzzedValue@4e92c6c2, org.utbot.fuzzer.FuzzedValue@71a18feb]
13:15:34.504 | ERROR | UtBotSymbolicEngine | Coverage is empty for org.apache.commons.lang3.math.NumberUtils.max with [org.utbot.fuzzer.FuzzedValue@39e3da5a, org.utbot.fuzzer.FuzzedValue@339d5e8, org.utbot.fuzzer.FuzzedValue@3bd466bd]
13:15:34.506 | ERROR | UtBotSymbolicEngine | Coverage is empty for org.apache.commons.lang3.math.NumberUtils.max with [org.utbot.fuzzer.FuzzedValue@2fad470b]
13:15:34.507 | ERROR | UtBotSymbolicEngine | Coverage is empty for org.apache.commons.lang3.math.NumberUtils.max with [org.utbot.fuzzer.FuzzedValue@b7526a9, org.utbot.fuzzer.FuzzedValue@18f37d6e, org.utbot.fuzzer.FuzzedValue@3d1b91d1]
13:15:34.508 | ERROR | UtBotSymbolicEngine | Coverage is empty for org.apache.commons.lang3.math.NumberUtils.max with [org.utbot.fuzzer.FuzzedValue@414b785c, org.utbot.fuzzer.FuzzedValue@4fe0aa21, org.utbot.fuzzer.FuzzedValue@7d1f906b]
13:15:34.511 | ERROR | UtBotSymbolicEngine | Coverage is empty for org.apache.commons.lang3.math.NumberUtils.max with [org.utbot.fuzzer.FuzzedValue@796eeafb, org.utbot.fuzzer.FuzzedValue@6dd0d9a2, org.utbot.fuzzer.FuzzedValue@5f9d29c4]
13:15:34.513 | ERROR | UtBotSymbolicEngine | Coverage is empty for org.apache.commons.lang3.math.NumberUtils.max with [org.utbot.fuzzer.FuzzedValue@5b1c4b48, org.utbot.fuzzer.FuzzedValue@5e435f0d, org.utbot.fuzzer.FuzzedValue@51a7ee4e]
13:15:34.514 | ERROR | UtBotSymbolicEngine | Coverage is empty for org.apache.commons.lang3.math.NumberUtils.max with [org.utbot.fuzzer.FuzzedValue@654322b0]
13:15:34.516 | ERROR | UtBotSymbolicEngine | Coverage is empty for org.apache.commons.lang3.math.NumberUtils.max with [org.utbot.fuzzer.FuzzedValue@64641bb2]
13:15:34.518 | ERROR | UtBotSymbolicEngine | Coverage is empty for org.apache.commons.lang3.math.NumberUtils.max with [org.utbot.fuzzer.FuzzedValue@fabe3f8]
13:15:34.520 | ERROR | UtBotSymbolicEngine | Coverage is empty for org.apache.commons.lang3.math.NumberUtils.max with [org.utbot.fuzzer.FuzzedValue@37905236]
13:15:34.522 | ERROR | UtBotSymbolicEngine | Coverage is empty for org.apache.commons.lang3.math.NumberUtils.max with [org.utbot.fuzzer.FuzzedValue@1cd50433]
13:15:34.525 | ERROR | UtBotSymbolicEngine | Coverage is empty for org.apache.commons.lang3.math.NumberUtils.createLong with [org.utbot.fuzzer.FuzzedValue@1911427a]
13:15:34.526 | ERROR | UtBotSymbolicEngine | Coverage is empty for org.apache.commons.lang3.math.NumberUtils.isNumber with [org.utbot.fuzzer.FuzzedValue@2c2f4769]
13:15:34.531 | ERROR | UtBotSymbolicEngine | Coverage is empty for org.apache.commons.lang3.math.NumberUtils.createInteger with [org.utbot.fuzzer.FuzzedValue@38e1442a]
13:15:34.532 | ERROR | UtBotSymbolicEngine | Coverage is empty for org.apache.commons.lang3.math.NumberUtils.isAllZeros with [org.utbot.fuzzer.FuzzedValue@3ae648d2]
13:15:34.536 | ERROR | UtBotSymbolicEngine | Coverage is empty for org.apache.commons.lang3.math.NumberUtils.createBigInteger with [org.utbot.fuzzer.FuzzedValue@58477355]
13:15:34.539 | ERROR | UtBotSymbolicEngine | Coverage is empty for org.apache.commons.lang3.math.NumberUtils.createFloat with [org.utbot.fuzzer.FuzzedValue@7c5a7f]
13:15:34.541 | ERROR | UtBotSymbolicEngine | Coverage is empty for org.apache.commons.lang3.math.NumberUtils.createNumber with [org.utbot.fuzzer.FuzzedValue@3597174b]
13:15:34.544 | ERROR | UtBotSymbolicEngine | Coverage is empty for org.apache.commons.lang3.math.NumberUtils.createBigDecimal with [org.utbot.fuzzer.FuzzedValue@7e4f5062]
13:15:34.545 | ERROR | UtBotSymbolicEngine | Coverage is empty for org.apache.commons.lang3.math.NumberUtils.isDigits with [org.utbot.fuzzer.FuzzedValue@51a4472d]
13:15:34.549 | ERROR | UtBotSymbolicEngine | Coverage is empty for org.apache.commons.lang3.math.NumberUtils.createDouble with [org.utbot.fuzzer.FuzzedValue@13eb8ca]
13:15:34.549 | ERROR | UtBotSymbolicEngine | Coverage is empty for org.apache.commons.lang3.math.NumberUtils.toInt with [org.utbot.fuzzer.FuzzedValue@50061d56]
13:15:34.550 | INFO  | UtBotSymbolicEngine | Fuzzing overtime: org.apache.commons.lang3.math.NumberUtils.toInt
13:15:34.550 | INFO  | UtBotSymbolicEngine | Test created by fuzzer: 5
13:15:34.550 | INFO  | JavaLanguage | Finishing fuzzing for method: org.apache.commons.lang3.math.NumberUtils.toInt in 3038 ms
13:15:34.550 | INFO  | JavaLanguage | 	Total execution called: 6
13:15:34.556 | ERROR | UtBotSymbolicEngine | Coverage is empty for org.apache.commons.lang3.math.NumberUtils.toShort with [org.utbot.fuzzer.FuzzedValue@69c413f7, org.utbot.fuzzer.FuzzedValue@7d6f094e]
13:15:34.557 | ERROR | UtBotSymbolicEngine | Coverage is empty for org.apache.commons.lang3.math.NumberUtils.toShort with [org.utbot.fuzzer.FuzzedValue@48b53f3d]
13:15:34.557 | ERROR | UtBotSymbolicEngine | Coverage is empty for org.apache.commons.lang3.math.NumberUtils.toLong with [org.utbot.fuzzer.FuzzedValue@10164e94, org.utbot.fuzzer.FuzzedValue@24e63b9f]
13:15:34.558 | ERROR | UtBotSymbolicEngine | Coverage is empty for org.apache.commons.lang3.math.NumberUtils.toLong with [org.utbot.fuzzer.FuzzedValue@5eace68f]
13:15:34.558 | INFO  | UtBotSymbolicEngine | Fuzzing overtime: org.apache.commons.lang3.math.NumberUtils.toShort
13:15:34.558 | INFO  | UtBotSymbolicEngine | Test created by fuzzer: 5
13:15:34.558 | INFO  | JavaLanguage | Finishing fuzzing for method: org.apache.commons.lang3.math.NumberUtils.toShort in 3038 ms
13:15:34.558 | INFO  | JavaLanguage | 	Total execution called: 6
13:15:34.582 | INFO  | UtBotSymbolicEngine | Fuzzing overtime: org.apache.commons.lang3.math.NumberUtils.toShort
13:15:34.582 | INFO  | UtBotSymbolicEngine | Test created by fuzzer: 5
13:15:34.582 | INFO  | JavaLanguage | Finishing fuzzing for method: org.apache.commons.lang3.math.NumberUtils.toShort in 3057 ms
13:15:34.582 | INFO  | JavaLanguage | 	Total execution called: 6
13:15:34.949 | INFO  | TestCaseGenerator | Resuming method org.apache.commons.lang3.math.NumberUtils.toLong
13:15:34.953 | INFO  | UtBotSymbolicEngine | Fuzzing overtime: org.apache.commons.lang3.math.NumberUtils.toLong
13:15:34.953 | INFO  | UtBotSymbolicEngine | Test created by fuzzer: 5
13:15:34.953 | INFO  | JavaLanguage | Finishing fuzzing for method: org.apache.commons.lang3.math.NumberUtils.toLong in 3424 ms
13:15:34.953 | INFO  | JavaLanguage | 	Total execution called: 6
13:15:35.017 | INFO  | UtBotSymbolicEngine | Fuzzing overtime: org.apache.commons.lang3.math.NumberUtils.toLong
13:15:35.018 | INFO  | UtBotSymbolicEngine | Test created by fuzzer: 5
13:15:35.018 | INFO  | JavaLanguage | Finishing fuzzing for method: org.apache.commons.lang3.math.NumberUtils.toLong in 3483 ms
13:15:35.018 | INFO  | JavaLanguage | 	Total execution called: 6
13:15:35.026 | ERROR | UtBotSymbolicEngine | Coverage is empty for org.apache.commons.lang3.math.NumberUtils.toByte with [org.utbot.fuzzer.FuzzedValue@22938166, org.utbot.fuzzer.FuzzedValue@72bb3f3e]
13:15:35.028 | ERROR | UtBotSymbolicEngine | Coverage is empty for org.apache.commons.lang3.math.NumberUtils.toByte with [org.utbot.fuzzer.FuzzedValue@12f826c]
13:15:35.029 | ERROR | UtBotSymbolicEngine | Coverage is empty for org.apache.commons.lang3.math.NumberUtils.toDouble with [org.utbot.fuzzer.FuzzedValue@74f23ecc, org.utbot.fuzzer.FuzzedValue@7ec416a0]
13:15:35.029 | ERROR | UtBotSymbolicEngine | Coverage is empty for org.apache.commons.lang3.math.NumberUtils.toDouble with [org.utbot.fuzzer.FuzzedValue@10fef3d1]
13:15:35.029 | ERROR | UtBotSymbolicEngine | Coverage is empty for org.apache.commons.lang3.math.NumberUtils.toFloat with [org.utbot.fuzzer.FuzzedValue@3af30ab8]
13:15:35.029 | ERROR | UtBotSymbolicEngine | Coverage is empty for org.apache.commons.lang3.math.NumberUtils.toFloat with [org.utbot.fuzzer.FuzzedValue@de0922c, org.utbot.fuzzer.FuzzedValue@35c344ce]
13:15:35.030 | ERROR | UtBotSymbolicEngine | Coverage is empty for org.apache.commons.lang3.math.NumberUtils.min with [org.utbot.fuzzer.FuzzedValue@55704859, org.utbot.fuzzer.FuzzedValue@75351aec, org.utbot.fuzzer.FuzzedValue@5e388a77]
13:15:35.030 | ERROR | UtBotSymbolicEngine | Coverage is empty for org.apache.commons.lang3.math.NumberUtils.min with [org.utbot.fuzzer.FuzzedValue@686a08f4]
13:15:35.030 | ERROR | UtBotSymbolicEngine | Coverage is empty for org.apache.commons.lang3.math.NumberUtils.min with [org.utbot.fuzzer.FuzzedValue@2eaaef66]
13:15:35.030 | ERROR | UtBotSymbolicEngine | Coverage is empty for org.apache.commons.lang3.math.NumberUtils.min with [org.utbot.fuzzer.FuzzedValue@21e441d1, org.utbot.fuzzer.FuzzedValue@711329fe, org.utbot.fuzzer.FuzzedValue@2088e339]
13:15:35.031 | INFO  | UtBotSymbolicEngine | Fuzzing overtime: org.apache.commons.lang3.math.NumberUtils.toByte
13:15:35.031 | INFO  | UtBotSymbolicEngine | Test created by fuzzer: 5
13:15:35.031 | INFO  | JavaLanguage | Finishing fuzzing for method: org.apache.commons.lang3.math.NumberUtils.toByte in 3493 ms
13:15:35.031 | INFO  | JavaLanguage | 	Total execution called: 6
13:15:35.038 | ERROR | UtBotSymbolicEngine | Coverage is empty for org.apache.commons.lang3.math.NumberUtils.min with [org.utbot.fuzzer.FuzzedValue@3e43fb40]
13:15:35.038 | ERROR | UtBotSymbolicEngine | Coverage is empty for org.apache.commons.lang3.math.NumberUtils.min with [org.utbot.fuzzer.FuzzedValue@66e17bf2, org.utbot.fuzzer.FuzzedValue@3593e8dd, org.utbot.fuzzer.FuzzedValue@21707a18]
13:15:35.038 | ERROR | UtBotSymbolicEngine | Coverage is empty for org.apache.commons.lang3.math.NumberUtils.min with [org.utbot.fuzzer.FuzzedValue@3c3f0f2e, org.utbot.fuzzer.FuzzedValue@5e324000, org.utbot.fuzzer.FuzzedValue@7b51fc45]
13:15:35.038 | ERROR | UtBotSymbolicEngine | Coverage is empty for org.apache.commons.lang3.math.NumberUtils.min with [org.utbot.fuzzer.FuzzedValue@50f6eb17, org.utbot.fuzzer.FuzzedValue@7bc3e36b, org.utbot.fuzzer.FuzzedValue@335aac7a]
13:15:35.038 | ERROR | UtBotSymbolicEngine | Coverage is empty for org.apache.commons.lang3.math.NumberUtils.min with [org.utbot.fuzzer.FuzzedValue@11e2de88, org.utbot.fuzzer.FuzzedValue@227ca700, org.utbot.fuzzer.FuzzedValue@51049621]
13:15:35.039 | ERROR | UtBotSymbolicEngine | Coverage is empty for org.apache.commons.lang3.math.NumberUtils.min with [org.utbot.fuzzer.FuzzedValue@1233f419]
13:15:35.039 | ERROR | UtBotSymbolicEngine | Coverage is empty for org.apache.commons.lang3.math.NumberUtils.min with [org.utbot.fuzzer.FuzzedValue@c4ba591]
13:15:35.039 | ERROR | UtBotSymbolicEngine | Coverage is empty for org.apache.commons.lang3.math.NumberUtils.min with [org.utbot.fuzzer.FuzzedValue@4146577c]
13:15:35.039 | ERROR | UtBotSymbolicEngine | Coverage is empty for org.apache.commons.lang3.math.NumberUtils.max with [org.utbot.fuzzer.FuzzedValue@6a844, org.utbot.fuzzer.FuzzedValue@604a9d87, org.utbot.fuzzer.FuzzedValue@6e975866]
13:15:35.040 | ERROR | UtBotSymbolicEngine | Coverage is empty for org.apache.commons.lang3.math.NumberUtils.max with [org.utbot.fuzzer.FuzzedValue@5f478e42, org.utbot.fuzzer.FuzzedValue@2e8ff687, org.utbot.fuzzer.FuzzedValue@231d7386]
13:15:35.040 | ERROR | UtBotSymbolicEngine | Coverage is empty for org.apache.commons.lang3.math.NumberUtils.max with [org.utbot.fuzzer.FuzzedValue@1e717745]
13:15:35.041 | ERROR | UtBotSymbolicEngine | Coverage is empty for org.apache.commons.lang3.math.NumberUtils.max with [org.utbot.fuzzer.FuzzedValue@7431f4b8, org.utbot.fuzzer.FuzzedValue@5c936b5f, org.utbot.fuzzer.FuzzedValue@5c2fc86]
13:15:35.041 | ERROR | UtBotSymbolicEngine | Coverage is empty for org.apache.commons.lang3.math.NumberUtils.max with [org.utbot.fuzzer.FuzzedValue@2522bea6, org.utbot.fuzzer.FuzzedValue@e60c516, org.utbot.fuzzer.FuzzedValue@7db4c883]
13:15:35.041 | ERROR | UtBotSymbolicEngine | Coverage is empty for org.apache.commons.lang3.math.NumberUtils.max with [org.utbot.fuzzer.FuzzedValue@484a91f5, org.utbot.fuzzer.FuzzedValue@1f3b8bfe, org.utbot.fuzzer.FuzzedValue@1b596e21]
13:15:35.041 | ERROR | UtBotSymbolicEngine | Coverage is empty for org.apache.commons.lang3.math.NumberUtils.max with [org.utbot.fuzzer.FuzzedValue@2bb7229e, org.utbot.fuzzer.FuzzedValue@52baaf87, org.utbot.fuzzer.FuzzedValue@5a49c1e]
13:15:35.041 | ERROR | UtBotSymbolicEngine | Coverage is empty for org.apache.commons.lang3.math.NumberUtils.max with [org.utbot.fuzzer.FuzzedValue@6b13f456]
13:15:35.041 | ERROR | UtBotSymbolicEngine | Coverage is empty for org.apache.commons.lang3.math.NumberUtils.max with [org.utbot.fuzzer.FuzzedValue@cec9f23]
13:15:35.041 | ERROR | UtBotSymbolicEngine | Coverage is empty for org.apache.commons.lang3.math.NumberUtils.max with [org.utbot.fuzzer.FuzzedValue@7a970f]
13:15:35.042 | ERROR | UtBotSymbolicEngine | Coverage is empty for org.apache.commons.lang3.math.NumberUtils.max with [org.utbot.fuzzer.FuzzedValue@326c526a]
13:15:35.042 | ERROR | UtBotSymbolicEngine | Coverage is empty for org.apache.commons.lang3.math.NumberUtils.max with [org.utbot.fuzzer.FuzzedValue@3be4e71c]
13:15:35.043 | ERROR | UtBotSymbolicEngine | Coverage is empty for org.apache.commons.lang3.math.NumberUtils.createLong with [org.utbot.fuzzer.FuzzedValue@26b9a264]
13:15:35.044 | ERROR | UtBotSymbolicEngine | Coverage is empty for org.apache.commons.lang3.math.NumberUtils.isNumber with [org.utbot.fuzzer.FuzzedValue@75401424]
13:15:35.044 | ERROR | UtBotSymbolicEngine | Coverage is empty for org.apache.commons.lang3.math.NumberUtils.createInteger with [org.utbot.fuzzer.FuzzedValue@568cc1c5]
13:15:35.045 | ERROR | UtBotSymbolicEngine | Coverage is empty for org.apache.commons.lang3.math.NumberUtils.isAllZeros with [org.utbot.fuzzer.FuzzedValue@1b856d2a]
13:15:35.045 | ERROR | UtBotSymbolicEngine | Coverage is empty for org.apache.commons.lang3.math.NumberUtils.createBigInteger with [org.utbot.fuzzer.FuzzedValue@49c51eb7]
13:15:35.046 | ERROR | UtBotSymbolicEngine | Coverage is empty for org.apache.commons.lang3.math.NumberUtils.createFloat with [org.utbot.fuzzer.FuzzedValue@7180b25f]
13:15:35.047 | ERROR | UtBotSymbolicEngine | Coverage is empty for org.apache.commons.lang3.math.NumberUtils.createNumber with [org.utbot.fuzzer.FuzzedValue@3625093d]
13:15:35.089 | ERROR | UtBotSymbolicEngine | Coverage is empty for org.apache.commons.lang3.math.NumberUtils.createBigDecimal with [org.utbot.fuzzer.FuzzedValue@136bd1d1]
13:15:35.090 | ERROR | UtBotSymbolicEngine | Coverage is empty for org.apache.commons.lang3.math.NumberUtils.isDigits with [org.utbot.fuzzer.FuzzedValue@52b7d2d3]
13:15:35.091 | ERROR | UtBotSymbolicEngine | Coverage is empty for org.apache.commons.lang3.math.NumberUtils.createDouble with [org.utbot.fuzzer.FuzzedValue@c9f1951]
13:15:35.092 | INFO  | UtBotSymbolicEngine | Fuzzing overtime: org.apache.commons.lang3.math.NumberUtils.toByte
13:15:35.092 | INFO  | UtBotSymbolicEngine | Test created by fuzzer: 5
13:15:35.092 | INFO  | JavaLanguage | Finishing fuzzing for method: org.apache.commons.lang3.math.NumberUtils.toByte in 3549 ms
13:15:35.092 | INFO  | JavaLanguage | 	Total execution called: 6
13:15:35.098 | INFO  | UtBotSymbolicEngine | Fuzzing overtime: org.apache.commons.lang3.math.NumberUtils.toDouble
13:15:35.098 | INFO  | UtBotSymbolicEngine | Test created by fuzzer: 5
13:15:35.098 | INFO  | JavaLanguage | Finishing fuzzing for method: org.apache.commons.lang3.math.NumberUtils.toDouble in 3551 ms
13:15:35.098 | INFO  | JavaLanguage | 	Total execution called: 6
13:15:35.103 | INFO  | UtBotSymbolicEngine | Fuzzing overtime: org.apache.commons.lang3.math.NumberUtils.toDouble
13:15:35.103 | INFO  | UtBotSymbolicEngine | Test created by fuzzer: 5
13:15:35.104 | INFO  | JavaLanguage | Finishing fuzzing for method: org.apache.commons.lang3.math.NumberUtils.toDouble in 3536 ms
13:15:35.104 | INFO  | JavaLanguage | 	Total execution called: 6
13:15:35.109 | INFO  | UtBotSymbolicEngine | Fuzzing overtime: org.apache.commons.lang3.math.NumberUtils.toFloat
13:15:35.109 | INFO  | UtBotSymbolicEngine | Test created by fuzzer: 5
13:15:35.109 | INFO  | JavaLanguage | Finishing fuzzing for method: org.apache.commons.lang3.math.NumberUtils.toFloat in 3538 ms
13:15:35.109 | INFO  | JavaLanguage | 	Total execution called: 6
13:15:35.115 | INFO  | UtBotSymbolicEngine | Fuzzing overtime: org.apache.commons.lang3.math.NumberUtils.toFloat
13:15:35.115 | INFO  | UtBotSymbolicEngine | Test created by fuzzer: 5
13:15:35.115 | INFO  | JavaLanguage | Finishing fuzzing for method: org.apache.commons.lang3.math.NumberUtils.toFloat in 3539 ms
13:15:35.115 | INFO  | JavaLanguage | 	Total execution called: 6
13:15:35.121 | INFO  | UtBotSymbolicEngine | Fuzzing overtime: org.apache.commons.lang3.math.NumberUtils.min
13:15:35.121 | INFO  | UtBotSymbolicEngine | Test created by fuzzer: 5
13:15:35.121 | INFO  | JavaLanguage | Finishing fuzzing for method: org.apache.commons.lang3.math.NumberUtils.min in 3540 ms
13:15:35.121 | INFO  | JavaLanguage | 	Total execution called: 6
13:15:35.127 | INFO  | UtBotSymbolicEngine | Fuzzing overtime: org.apache.commons.lang3.math.NumberUtils.min
13:15:35.127 | INFO  | UtBotSymbolicEngine | Test created by fuzzer: 5
13:15:35.127 | INFO  | JavaLanguage | Finishing fuzzing for method: org.apache.commons.lang3.math.NumberUtils.min in 3537 ms
13:15:35.127 | INFO  | JavaLanguage | 	Total execution called: 6
13:15:35.133 | INFO  | UtBotSymbolicEngine | Fuzzing overtime: org.apache.commons.lang3.math.NumberUtils.min
13:15:35.133 | INFO  | UtBotSymbolicEngine | Test created by fuzzer: 5
13:15:35.133 | INFO  | JavaLanguage | Finishing fuzzing for method: org.apache.commons.lang3.math.NumberUtils.min in 3523 ms
13:15:35.133 | INFO  | JavaLanguage | 	Total execution called: 6
13:15:35.140 | INFO  | UtBotSymbolicEngine | Fuzzing overtime: org.apache.commons.lang3.math.NumberUtils.min
13:15:35.140 | INFO  | UtBotSymbolicEngine | Test created by fuzzer: 5
13:15:35.140 | INFO  | JavaLanguage | Finishing fuzzing for method: org.apache.commons.lang3.math.NumberUtils.min in 3523 ms
13:15:35.140 | INFO  | JavaLanguage | 	Total execution called: 6
13:15:35.403 | INFO  | UtBotSymbolicEngine | Fuzzing overtime: org.apache.commons.lang3.math.NumberUtils.min
13:15:35.403 | INFO  | UtBotSymbolicEngine | Test created by fuzzer: 5
13:15:35.403 | INFO  | JavaLanguage | Finishing fuzzing for method: org.apache.commons.lang3.math.NumberUtils.min in 3780 ms
13:15:35.403 | INFO  | JavaLanguage | 	Total execution called: 6
13:15:35.410 | INFO  | UtBotSymbolicEngine | Fuzzing overtime: org.apache.commons.lang3.math.NumberUtils.min
13:15:35.410 | INFO  | UtBotSymbolicEngine | Test created by fuzzer: 5
13:15:35.410 | INFO  | JavaLanguage | Finishing fuzzing for method: org.apache.commons.lang3.math.NumberUtils.min in 3779 ms
13:15:35.410 | INFO  | JavaLanguage | 	Total execution called: 6
13:15:35.416 | INFO  | UtBotSymbolicEngine | Fuzzing overtime: org.apache.commons.lang3.math.NumberUtils.min
13:15:35.416 | INFO  | UtBotSymbolicEngine | Test created by fuzzer: 5
13:15:35.416 | INFO  | JavaLanguage | Finishing fuzzing for method: org.apache.commons.lang3.math.NumberUtils.min in 3778 ms
13:15:35.416 | INFO  | JavaLanguage | 	Total execution called: 6
13:15:35.422 | INFO  | UtBotSymbolicEngine | Fuzzing overtime: org.apache.commons.lang3.math.NumberUtils.min
13:15:35.422 | INFO  | UtBotSymbolicEngine | Test created by fuzzer: 5
13:15:35.422 | INFO  | JavaLanguage | Finishing fuzzing for method: org.apache.commons.lang3.math.NumberUtils.min in 3780 ms
13:15:35.422 | INFO  | JavaLanguage | 	Total execution called: 6
13:15:35.428 | INFO  | UtBotSymbolicEngine | Fuzzing overtime: org.apache.commons.lang3.math.NumberUtils.min
13:15:35.428 | INFO  | UtBotSymbolicEngine | Test created by fuzzer: 5
13:15:35.428 | INFO  | JavaLanguage | Finishing fuzzing for method: org.apache.commons.lang3.math.NumberUtils.min in 3781 ms
13:15:35.428 | INFO  | JavaLanguage | 	Total execution called: 6
13:15:35.433 | INFO  | UtBotSymbolicEngine | Fuzzing overtime: org.apache.commons.lang3.math.NumberUtils.min
13:15:35.433 | INFO  | UtBotSymbolicEngine | Test created by fuzzer: 5
13:15:35.434 | INFO  | JavaLanguage | Finishing fuzzing for method: org.apache.commons.lang3.math.NumberUtils.min in 3783 ms
13:15:35.434 | INFO  | JavaLanguage | 	Total execution called: 6
13:15:35.439 | INFO  | UtBotSymbolicEngine | Fuzzing overtime: org.apache.commons.lang3.math.NumberUtils.min
13:15:35.439 | INFO  | UtBotSymbolicEngine | Test created by fuzzer: 5
13:15:35.439 | INFO  | JavaLanguage | Finishing fuzzing for method: org.apache.commons.lang3.math.NumberUtils.min in 3785 ms
13:15:35.439 | INFO  | JavaLanguage | 	Total execution called: 6
13:15:35.445 | INFO  | UtBotSymbolicEngine | Fuzzing overtime: org.apache.commons.lang3.math.NumberUtils.min
13:15:35.445 | INFO  | UtBotSymbolicEngine | Test created by fuzzer: 5
13:15:35.445 | INFO  | JavaLanguage | Finishing fuzzing for method: org.apache.commons.lang3.math.NumberUtils.min in 3787 ms
13:15:35.445 | INFO  | JavaLanguage | 	Total execution called: 6
13:15:35.451 | INFO  | UtBotSymbolicEngine | Fuzzing overtime: org.apache.commons.lang3.math.NumberUtils.max
13:15:35.451 | INFO  | UtBotSymbolicEngine | Test created by fuzzer: 5
13:15:35.451 | INFO  | JavaLanguage | Finishing fuzzing for method: org.apache.commons.lang3.math.NumberUtils.max in 3790 ms
13:15:35.451 | INFO  | JavaLanguage | 	Total execution called: 6
13:15:35.457 | INFO  | UtBotSymbolicEngine | Fuzzing overtime: org.apache.commons.lang3.math.NumberUtils.max
13:15:35.457 | INFO  | UtBotSymbolicEngine | Test created by fuzzer: 5
13:15:35.457 | INFO  | JavaLanguage | Finishing fuzzing for method: org.apache.commons.lang3.math.NumberUtils.max in 3791 ms
13:15:35.457 | INFO  | JavaLanguage | 	Total execution called: 6
13:15:35.462 | INFO  | UtBotSymbolicEngine | Fuzzing overtime: org.apache.commons.lang3.math.NumberUtils.max
13:15:35.462 | INFO  | UtBotSymbolicEngine | Test created by fuzzer: 5
13:15:35.462 | INFO  | JavaLanguage | Finishing fuzzing for method: org.apache.commons.lang3.math.NumberUtils.max in 3792 ms
13:15:35.462 | INFO  | JavaLanguage | 	Total execution called: 6
13:15:35.468 | INFO  | UtBotSymbolicEngine | Fuzzing overtime: org.apache.commons.lang3.math.NumberUtils.max
13:15:35.468 | INFO  | UtBotSymbolicEngine | Test created by fuzzer: 5
13:15:35.468 | INFO  | JavaLanguage | Finishing fuzzing for method: org.apache.commons.lang3.math.NumberUtils.max in 3795 ms
13:15:35.469 | INFO  | JavaLanguage | 	Total execution called: 6
13:15:35.474 | INFO  | UtBotSymbolicEngine | Fuzzing overtime: org.apache.commons.lang3.math.NumberUtils.max
13:15:35.474 | INFO  | UtBotSymbolicEngine | Test created by fuzzer: 5
13:15:35.474 | INFO  | JavaLanguage | Finishing fuzzing for method: org.apache.commons.lang3.math.NumberUtils.max in 3797 ms
13:15:35.474 | INFO  | JavaLanguage | 	Total execution called: 6
13:15:35.480 | INFO  | UtBotSymbolicEngine | Fuzzing overtime: org.apache.commons.lang3.math.NumberUtils.max
13:15:35.480 | INFO  | UtBotSymbolicEngine | Test created by fuzzer: 5
13:15:35.480 | INFO  | JavaLanguage | Finishing fuzzing for method: org.apache.commons.lang3.math.NumberUtils.max in 3797 ms
13:15:35.480 | INFO  | JavaLanguage | 	Total execution called: 6
13:15:35.485 | INFO  | UtBotSymbolicEngine | Fuzzing overtime: org.apache.commons.lang3.math.NumberUtils.max
13:15:35.486 | INFO  | UtBotSymbolicEngine | Test created by fuzzer: 5
13:15:35.486 | INFO  | JavaLanguage | Finishing fuzzing for method: org.apache.commons.lang3.math.NumberUtils.max in 3799 ms
13:15:35.486 | INFO  | JavaLanguage | 	Total execution called: 6
13:15:35.491 | INFO  | UtBotSymbolicEngine | Fuzzing overtime: org.apache.commons.lang3.math.NumberUtils.max
13:15:35.491 | INFO  | UtBotSymbolicEngine | Test created by fuzzer: 5
13:15:35.491 | INFO  | JavaLanguage | Finishing fuzzing for method: org.apache.commons.lang3.math.NumberUtils.max in 3800 ms
13:15:35.491 | INFO  | JavaLanguage | 	Total execution called: 6
13:15:35.496 | INFO  | UtBotSymbolicEngine | Fuzzing overtime: org.apache.commons.lang3.math.NumberUtils.max
13:15:35.496 | INFO  | UtBotSymbolicEngine | Test created by fuzzer: 5
13:15:35.496 | INFO  | JavaLanguage | Finishing fuzzing for method: org.apache.commons.lang3.math.NumberUtils.max in 3801 ms
13:15:35.496 | INFO  | JavaLanguage | 	Total execution called: 6
13:15:35.502 | INFO  | UtBotSymbolicEngine | Fuzzing overtime: org.apache.commons.lang3.math.NumberUtils.max
13:15:35.502 | INFO  | UtBotSymbolicEngine | Test created by fuzzer: 5
13:15:35.502 | INFO  | JavaLanguage | Finishing fuzzing for method: org.apache.commons.lang3.math.NumberUtils.max in 3802 ms
13:15:35.502 | INFO  | JavaLanguage | 	Total execution called: 6
13:15:35.507 | INFO  | UtBotSymbolicEngine | Fuzzing overtime: org.apache.commons.lang3.math.NumberUtils.max
13:15:35.507 | INFO  | UtBotSymbolicEngine | Test created by fuzzer: 5
13:15:35.507 | INFO  | JavaLanguage | Finishing fuzzing for method: org.apache.commons.lang3.math.NumberUtils.max in 3804 ms
13:15:35.507 | INFO  | JavaLanguage | 	Total execution called: 6
13:15:35.513 | INFO  | UtBotSymbolicEngine | Fuzzing overtime: org.apache.commons.lang3.math.NumberUtils.max
13:15:35.513 | INFO  | UtBotSymbolicEngine | Test created by fuzzer: 5
13:15:35.513 | INFO  | JavaLanguage | Finishing fuzzing for method: org.apache.commons.lang3.math.NumberUtils.max in 3806 ms
13:15:35.513 | INFO  | JavaLanguage | 	Total execution called: 6
13:15:35.519 | INFO  | UtBotSymbolicEngine | Fuzzing overtime: org.apache.commons.lang3.math.NumberUtils.createLong
13:15:35.519 | INFO  | UtBotSymbolicEngine | Test created by fuzzer: 5
13:15:35.519 | INFO  | JavaLanguage | Finishing fuzzing for method: org.apache.commons.lang3.math.NumberUtils.createLong in 3809 ms
13:15:35.519 | INFO  | JavaLanguage | 	Total execution called: 6
13:15:35.525 | INFO  | UtBotSymbolicEngine | Fuzzing overtime: org.apache.commons.lang3.math.NumberUtils.isNumber
13:15:35.525 | INFO  | UtBotSymbolicEngine | Test created by fuzzer: 5
13:15:35.525 | INFO  | JavaLanguage | Finishing fuzzing for method: org.apache.commons.lang3.math.NumberUtils.isNumber in 3792 ms
13:15:35.525 | INFO  | JavaLanguage | 	Total execution called: 6
13:15:35.531 | INFO  | UtBotSymbolicEngine | Fuzzing overtime: org.apache.commons.lang3.math.NumberUtils.createInteger
13:15:35.531 | INFO  | UtBotSymbolicEngine | Test created by fuzzer: 5
13:15:35.531 | INFO  | JavaLanguage | Finishing fuzzing for method: org.apache.commons.lang3.math.NumberUtils.createInteger in 3795 ms
13:15:35.531 | INFO  | JavaLanguage | 	Total execution called: 6
13:15:35.537 | INFO  | UtBotSymbolicEngine | Fuzzing overtime: org.apache.commons.lang3.math.NumberUtils.isAllZeros
13:15:35.537 | INFO  | UtBotSymbolicEngine | Test created by fuzzer: 5
13:15:35.537 | INFO  | JavaLanguage | Finishing fuzzing for method: org.apache.commons.lang3.math.NumberUtils.isAllZeros in 3797 ms
13:15:35.537 | INFO  | JavaLanguage | 	Total execution called: 6
13:15:35.543 | INFO  | UtBotSymbolicEngine | Fuzzing overtime: org.apache.commons.lang3.math.NumberUtils.createBigInteger
13:15:35.543 | INFO  | UtBotSymbolicEngine | Test created by fuzzer: 5
13:15:35.543 | INFO  | JavaLanguage | Finishing fuzzing for method: org.apache.commons.lang3.math.NumberUtils.createBigInteger in 3800 ms
13:15:35.543 | INFO  | JavaLanguage | 	Total execution called: 6
13:15:35.549 | INFO  | UtBotSymbolicEngine | Fuzzing overtime: org.apache.commons.lang3.math.NumberUtils.createFloat
13:15:35.549 | INFO  | UtBotSymbolicEngine | Test created by fuzzer: 5
13:15:35.549 | INFO  | JavaLanguage | Finishing fuzzing for method: org.apache.commons.lang3.math.NumberUtils.createFloat in 3804 ms
13:15:35.549 | INFO  | JavaLanguage | 	Total execution called: 6
13:15:35.555 | INFO  | UtBotSymbolicEngine | Fuzzing overtime: org.apache.commons.lang3.math.NumberUtils.createNumber
13:15:35.555 | INFO  | UtBotSymbolicEngine | Test created by fuzzer: 5
13:15:35.555 | INFO  | JavaLanguage | Finishing fuzzing for method: org.apache.commons.lang3.math.NumberUtils.createNumber in 3750 ms
13:15:35.555 | INFO  | JavaLanguage | 	Total execution called: 6
13:15:35.560 | INFO  | UtBotSymbolicEngine | Fuzzing overtime: org.apache.commons.lang3.math.NumberUtils.createBigDecimal
13:15:35.560 | INFO  | UtBotSymbolicEngine | Test created by fuzzer: 5
13:15:35.560 | INFO  | JavaLanguage | Finishing fuzzing for method: org.apache.commons.lang3.math.NumberUtils.createBigDecimal in 3752 ms
13:15:35.560 | INFO  | JavaLanguage | 	Total execution called: 6
13:15:35.565 | INFO  | UtBotSymbolicEngine | Fuzzing overtime: org.apache.commons.lang3.math.NumberUtils.isDigits
13:15:35.565 | INFO  | UtBotSymbolicEngine | Test created by fuzzer: 5
13:15:35.565 | INFO  | JavaLanguage | Finishing fuzzing for method: org.apache.commons.lang3.math.NumberUtils.isDigits in 3754 ms
13:15:35.565 | INFO  | JavaLanguage | 	Total execution called: 6
13:15:35.572 | INFO  | UtBotSymbolicEngine | Fuzzing overtime: org.apache.commons.lang3.math.NumberUtils.createDouble
13:15:35.572 | INFO  | UtBotSymbolicEngine | Test created by fuzzer: 5
13:15:35.572 | INFO  | JavaLanguage | Finishing fuzzing for method: org.apache.commons.lang3.math.NumberUtils.createDouble in 3758 ms
13:15:35.572 | INFO  | JavaLanguage | 	Total execution called: 6
13:15:35.910 | INFO  | TestCaseGenerator | Resuming method org.apache.commons.lang3.math.NumberUtils.toLong
13:15:36.458 | INFO  | TestCaseGenerator | Resuming method org.apache.commons.lang3.math.NumberUtils.toByte
13:15:37.374 | INFO  | TestCaseGenerator | Resuming method org.apache.commons.lang3.math.NumberUtils.toByte
13:15:38.345 | INFO  | TestCaseGenerator | Resuming method org.apache.commons.lang3.math.NumberUtils.toDouble
13:15:39.499 | INFO  | TestCaseGenerator | Resuming method org.apache.commons.lang3.math.NumberUtils.toDouble
13:15:40.653 | INFO  | TestCaseGenerator | Resuming method org.apache.commons.lang3.math.NumberUtils.toFloat
13:15:41.807 | INFO  | TestCaseGenerator | Resuming method org.apache.commons.lang3.math.NumberUtils.toFloat
13:15:42.961 | INFO  | TestCaseGenerator | Resuming method org.apache.commons.lang3.math.NumberUtils.min
13:15:43.088 | INFO  | TestCaseGenerator | Resuming method org.apache.commons.lang3.math.NumberUtils.min
13:15:43.221 | INFO  | TestCaseGenerator | Resuming method org.apache.commons.lang3.math.NumberUtils.min
13:15:43.364 | INFO  | TestCaseGenerator | Resuming method org.apache.commons.lang3.math.NumberUtils.min
13:15:43.458 | INFO  | TestCaseGenerator | Resuming method org.apache.commons.lang3.math.NumberUtils.min
13:15:43.589 | INFO  | TestCaseGenerator | Resuming method org.apache.commons.lang3.math.NumberUtils.min
13:15:43.632 | INFO  | TestCaseGenerator | Resuming method org.apache.commons.lang3.math.NumberUtils.min
13:15:43.684 | INFO  | TestCaseGenerator | Resuming method org.apache.commons.lang3.math.NumberUtils.min
13:15:43.736 | INFO  | TestCaseGenerator | Resuming method org.apache.commons.lang3.math.NumberUtils.min
13:15:43.786 | INFO  | TestCaseGenerator | Resuming method org.apache.commons.lang3.math.NumberUtils.min
13:15:43.919 | INFO  | TestCaseGenerator | Resuming method org.apache.commons.lang3.math.NumberUtils.min
13:15:44.083 | INFO  | TestCaseGenerator | Resuming method org.apache.commons.lang3.math.NumberUtils.min
13:15:44.217 | INFO  | TestCaseGenerator | Resuming method org.apache.commons.lang3.math.NumberUtils.max
13:15:44.298 | INFO  | TestCaseGenerator | Resuming method org.apache.commons.lang3.math.NumberUtils.max
13:15:44.387 | INFO  | TestCaseGenerator | Resuming method org.apache.commons.lang3.math.NumberUtils.max
13:15:44.518 | INFO  | TestCaseGenerator | Resuming method org.apache.commons.lang3.math.NumberUtils.max
13:15:44.558 | INFO  | TestCaseGenerator | Resuming method org.apache.commons.lang3.math.NumberUtils.max
13:15:44.604 | INFO  | TestCaseGenerator | Resuming method org.apache.commons.lang3.math.NumberUtils.max
13:15:44.648 | INFO  | TestCaseGenerator | Resuming method org.apache.commons.lang3.math.NumberUtils.max
13:15:44.693 | INFO  | TestCaseGenerator | Resuming method org.apache.commons.lang3.math.NumberUtils.max
13:15:44.836 | INFO  | TestCaseGenerator | Resuming method org.apache.commons.lang3.math.NumberUtils.max
13:15:44.956 | INFO  | TestCaseGenerator | Resuming method org.apache.commons.lang3.math.NumberUtils.max
13:15:45.087 | INFO  | TestCaseGenerator | Resuming method org.apache.commons.lang3.math.NumberUtils.max
13:15:45.200 | INFO  | TestCaseGenerator | Resuming method org.apache.commons.lang3.math.NumberUtils.max
13:15:45.328 | INFO  | TestCaseGenerator | Resuming method org.apache.commons.lang3.math.NumberUtils.createLong
13:15:45.670 | INFO  | TestCaseGenerator | Resuming method org.apache.commons.lang3.math.NumberUtils.isNumber
13:15:46.825 | INFO  | TestCaseGenerator | Resuming method org.apache.commons.lang3.math.NumberUtils.createInteger
13:15:47.979 | INFO  | TestCaseGenerator | Resuming method org.apache.commons.lang3.math.NumberUtils.isAllZeros
13:15:48.191 | INFO  | TestCaseGenerator | Resuming method org.apache.commons.lang3.math.NumberUtils.createBigInteger
13:15:49.345 | INFO  | TestCaseGenerator | Resuming method org.apache.commons.lang3.math.NumberUtils.createFloat
13:15:50.499 | INFO  | TestCaseGenerator | Resuming method org.apache.commons.lang3.math.NumberUtils.createNumber
13:15:51.654 | INFO  | TestCaseGenerator | Resuming method org.apache.commons.lang3.math.NumberUtils.createBigDecimal
13:15:52.808 | INFO  | TestCaseGenerator | Resuming method org.apache.commons.lang3.math.NumberUtils.isDigits
13:15:53.203 | INFO  | TestCaseGenerator | Resuming method org.apache.commons.lang3.math.NumberUtils.createDouble
13:15:54.357 | INFO  | TestCaseGenerator | Resuming method org.apache.commons.lang3.math.NumberUtils.toInt
13:15:54.687 | INFO  | TestCaseGenerator | Resuming method org.apache.commons.lang3.math.NumberUtils.toInt
13:15:55.000 | INFO  | TestCaseGenerator | Resuming method org.apache.commons.lang3.math.NumberUtils.toShort
13:15:55.256 | INFO  | TestCaseGenerator | Resuming method org.apache.commons.lang3.math.NumberUtils.toShort
13:15:55.546 | INFO  | TestCaseGenerator | Resuming method org.apache.commons.lang3.math.NumberUtils.toDouble
13:15:56.700 | INFO  | TestCaseGenerator | Resuming method org.apache.commons.lang3.math.NumberUtils.toDouble
13:15:57.854 | INFO  | TestCaseGenerator | Resuming method org.apache.commons.lang3.math.NumberUtils.toFloat
13:15:59.008 | INFO  | TestCaseGenerator | Resuming method org.apache.commons.lang3.math.NumberUtils.toFloat
13:16:00.162 | INFO  | TestCaseGenerator | Resuming method org.apache.commons.lang3.math.NumberUtils.isNumber
13:16:01.316 | INFO  | TestCaseGenerator | Resuming method org.apache.commons.lang3.math.NumberUtils.createInteger
13:16:02.470 | INFO  | TestCaseGenerator | Resuming method org.apache.commons.lang3.math.NumberUtils.createBigInteger
13:16:03.624 | INFO  | TestCaseGenerator | Resuming method org.apache.commons.lang3.math.NumberUtils.createFloat
13:16:04.778 | INFO  | TestCaseGenerator | Resuming method org.apache.commons.lang3.math.NumberUtils.createNumber
13:16:05.932 | INFO  | TestCaseGenerator | Resuming method org.apache.commons.lang3.math.NumberUtils.createBigDecimal
13:16:07.086 | INFO  | TestCaseGenerator | Resuming method org.apache.commons.lang3.math.NumberUtils.createDouble
13:16:08.240 | INFO  | TestCaseGenerator | Resuming method org.apache.commons.lang3.math.NumberUtils.toDouble
13:16:09.394 | INFO  | TestCaseGenerator | Resuming method org.apache.commons.lang3.math.NumberUtils.toDouble
13:16:10.548 | INFO  | TestCaseGenerator | Resuming method org.apache.commons.lang3.math.NumberUtils.toFloat
13:16:11.702 | INFO  | TestCaseGenerator | Resuming method org.apache.commons.lang3.math.NumberUtils.toFloat
13:16:12.856 | INFO  | TestCaseGenerator | Resuming method org.apache.commons.lang3.math.NumberUtils.isNumber
13:16:14.010 | INFO  | TestCaseGenerator | Resuming method org.apache.commons.lang3.math.NumberUtils.createInteger
13:16:15.164 | INFO  | TestCaseGenerator | Resuming method org.apache.commons.lang3.math.NumberUtils.createBigInteger
13:16:16.318 | INFO  | TestCaseGenerator | Resuming method org.apache.commons.lang3.math.NumberUtils.createFloat
13:16:17.473 | INFO  | TestCaseGenerator | Resuming method org.apache.commons.lang3.math.NumberUtils.createNumber
13:16:18.627 | INFO  | TestCaseGenerator | Resuming method org.apache.commons.lang3.math.NumberUtils.createBigDecimal
13:16:19.781 | INFO  | TestCaseGenerator | Resuming method org.apache.commons.lang3.math.NumberUtils.createDouble
13:16:20.935 | INFO  | TestCaseGenerator | Resuming method org.apache.commons.lang3.math.NumberUtils.toDouble
13:16:22.089 | INFO  | TestCaseGenerator | Resuming method org.apache.commons.lang3.math.NumberUtils.toDouble
13:16:23.243 | INFO  | TestCaseGenerator | Resuming method org.apache.commons.lang3.math.NumberUtils.toFloat
13:16:24.397 | INFO  | TestCaseGenerator | Resuming method org.apache.commons.lang3.math.NumberUtils.toFloat
13:16:25.551 | INFO  | TestCaseGenerator | Resuming method org.apache.commons.lang3.math.NumberUtils.isNumber
13:16:26.705 | INFO  | TestCaseGenerator | Resuming method org.apache.commons.lang3.math.NumberUtils.createInteger
13:16:27.859 | INFO  | TestCaseGenerator | Resuming method org.apache.commons.lang3.math.NumberUtils.createBigInteger
13:16:29.013 | INFO  | TestCaseGenerator | Resuming method org.apache.commons.lang3.math.NumberUtils.createFloat
13:16:30.167 | INFO  | TestCaseGenerator | Resuming method org.apache.commons.lang3.math.NumberUtils.createNumber
13:16:31.321 | INFO  | TestCaseGenerator | Resuming method org.apache.commons.lang3.math.NumberUtils.createBigDecimal
13:16:32.475 | INFO  | TestCaseGenerator | Resuming method org.apache.commons.lang3.math.NumberUtils.createDouble
13:16:33.629 | INFO  | TestCaseGenerator | Resuming method org.apache.commons.lang3.math.NumberUtils.toDouble
13:16:34.783 | INFO  | TestCaseGenerator | Resuming method org.apache.commons.lang3.math.NumberUtils.toDouble
13:16:35.937 | INFO  | TestCaseGenerator | Resuming method org.apache.commons.lang3.math.NumberUtils.toFloat
13:16:37.092 | INFO  | TestCaseGenerator | Resuming method org.apache.commons.lang3.math.NumberUtils.toFloat
13:16:38.248 | INFO  | TestCaseGenerator | Resuming method org.apache.commons.lang3.math.NumberUtils.isNumber
13:16:39.403 | INFO  | TestCaseGenerator | Resuming method org.apache.commons.lang3.math.NumberUtils.createInteger
13:16:40.557 | INFO  | TestCaseGenerator | Resuming method org.apache.commons.lang3.math.NumberUtils.createBigInteger
13:16:41.711 | INFO  | TestCaseGenerator | Resuming method org.apache.commons.lang3.math.NumberUtils.createFloat
13:16:42.865 | INFO  | TestCaseGenerator | Resuming method org.apache.commons.lang3.math.NumberUtils.createNumber
13:16:44.019 | INFO  | TestCaseGenerator | Resuming method org.apache.commons.lang3.math.NumberUtils.createBigDecimal
13:16:45.173 | INFO  | TestCaseGenerator | Resuming method org.apache.commons.lang3.math.NumberUtils.createDouble
13:16:46.327 | INFO  | TestCaseGenerator | Resuming method org.apache.commons.lang3.math.NumberUtils.toDouble
13:16:47.481 | INFO  | TestCaseGenerator | Resuming method org.apache.commons.lang3.math.NumberUtils.toDouble
13:16:48.635 | INFO  | TestCaseGenerator | Resuming method org.apache.commons.lang3.math.NumberUtils.toFloat
13:16:49.789 | INFO  | TestCaseGenerator | Resuming method org.apache.commons.lang3.math.NumberUtils.toFloat
13:16:50.943 | INFO  | TestCaseGenerator | Resuming method org.apache.commons.lang3.math.NumberUtils.isNumber
13:16:52.097 | INFO  | TestCaseGenerator | Resuming method org.apache.commons.lang3.math.NumberUtils.createInteger
13:16:53.251 | INFO  | TestCaseGenerator | Resuming method org.apache.commons.lang3.math.NumberUtils.createBigInteger
13:16:54.405 | INFO  | TestCaseGenerator | Resuming method org.apache.commons.lang3.math.NumberUtils.createFloat
13:16:55.559 | INFO  | TestCaseGenerator | Resuming method org.apache.commons.lang3.math.NumberUtils.createNumber
13:16:56.713 | INFO  | TestCaseGenerator | Resuming method org.apache.commons.lang3.math.NumberUtils.createBigDecimal
13:16:57.867 | INFO  | TestCaseGenerator | Resuming method org.apache.commons.lang3.math.NumberUtils.createDouble
13:16:59.021 | INFO  | TestCaseGenerator | Resuming method org.apache.commons.lang3.math.NumberUtils.toDouble
13:17:00.175 | INFO  | TestCaseGenerator | Resuming method org.apache.commons.lang3.math.NumberUtils.toDouble
13:17:01.329 | INFO  | TestCaseGenerator | Resuming method org.apache.commons.lang3.math.NumberUtils.toFloat
13:17:02.483 | INFO  | TestCaseGenerator | Resuming method org.apache.commons.lang3.math.NumberUtils.toFloat
13:17:03.638 | INFO  | TestCaseGenerator | Resuming method org.apache.commons.lang3.math.NumberUtils.isNumber
13:17:04.792 | INFO  | TestCaseGenerator | Resuming method org.apache.commons.lang3.math.NumberUtils.createInteger
13:17:05.946 | INFO  | TestCaseGenerator | Resuming method org.apache.commons.lang3.math.NumberUtils.createBigInteger
13:17:07.100 | INFO  | TestCaseGenerator | Resuming method org.apache.commons.lang3.math.NumberUtils.createFloat
13:17:08.254 | INFO  | TestCaseGenerator | Resuming method org.apache.commons.lang3.math.NumberUtils.createNumber
13:17:09.408 | INFO  | TestCaseGenerator | Resuming method org.apache.commons.lang3.math.NumberUtils.createBigDecimal
13:17:10.562 | INFO  | TestCaseGenerator | Resuming method org.apache.commons.lang3.math.NumberUtils.createDouble
13:17:11.716 | INFO  | TestCaseGenerator | Resuming method org.apache.commons.lang3.math.NumberUtils.toDouble
13:17:12.871 | INFO  | TestCaseGenerator | Resuming method org.apache.commons.lang3.math.NumberUtils.toDouble
13:17:14.025 | INFO  | TestCaseGenerator | Resuming method org.apache.commons.lang3.math.NumberUtils.toFloat
13:17:15.179 | INFO  | TestCaseGenerator | Resuming method org.apache.commons.lang3.math.NumberUtils.toFloat
13:17:16.333 | INFO  | TestCaseGenerator | Resuming method org.apache.commons.lang3.math.NumberUtils.isNumber
13:17:17.487 | INFO  | TestCaseGenerator | Resuming method org.apache.commons.lang3.math.NumberUtils.createInteger
13:17:18.641 | INFO  | TestCaseGenerator | Resuming method org.apache.commons.lang3.math.NumberUtils.createBigInteger
13:17:19.757 | INFO  | TestCaseGenerator | Resuming method org.apache.commons.lang3.math.NumberUtils.createFloat
13:17:20.911 | INFO  | TestCaseGenerator | Resuming method org.apache.commons.lang3.math.NumberUtils.createNumber
13:17:22.065 | INFO  | TestCaseGenerator | Resuming method org.apache.commons.lang3.math.NumberUtils.createBigDecimal
13:17:23.219 | INFO  | TestCaseGenerator | Resuming method org.apache.commons.lang3.math.NumberUtils.createDouble
13:17:24.374 | INFO  | TestCaseGenerator | Resuming method org.apache.commons.lang3.math.NumberUtils.toDouble
13:17:25.528 | INFO  | TestCaseGenerator | Resuming method org.apache.commons.lang3.math.NumberUtils.toDouble
13:17:26.682 | INFO  | TestCaseGenerator | Resuming method org.apache.commons.lang3.math.NumberUtils.toFloat
13:17:27.836 | INFO  | TestCaseGenerator | Resuming method org.apache.commons.lang3.math.NumberUtils.toFloat
13:17:28.990 | INFO  | TestCaseGenerator | Resuming method org.apache.commons.lang3.math.NumberUtils.createInteger
13:18:17.882 | INFO  | ConcreteExecutor | RdCategory: Server                    | ServerSocket: start terminating lifetime 
13:18:17.890 | INFO  | ConcreteExecutor | RdCategory: Server                    | ServerSocket: termination finished 
13:18:17.900 | INFO  | Summarization | Started: ----------------------------------------------------------------------------------------
-------------------Summarization started for 46 test cases--------------------
----------------------------------------------------------------------------------------
13:18:17.901 | INFO  | Summarization | Started: Summarization for org.apache.commons.lang3.math.NumberUtils.toInt
13:18:17.903 | INFO  | Summarization | Depth to add: 1
13:18:17.903 | INFO  | Summarization | Depth to add: 2
13:18:17.903 | INFO  | Summarization | Diversity execution path percentage: 50
13:18:18.568 | INFO  | Summarization | The path for test null for method org.apache.commons.lang3.math.NumberUtils is empty and summaries could not be generated.
13:18:18.568 | INFO  | Summarization | The path for test null for method org.apache.commons.lang3.math.NumberUtils is empty and summaries could not be generated.
13:18:18.568 | INFO  | Summarization | The path for test null for method org.apache.commons.lang3.math.NumberUtils is empty and summaries could not be generated.
13:18:18.571 | INFO  | Summarization | Finished (in 0.667 sec): Summarization for org.apache.commons.lang3.math.NumberUtils.toInt <Nothing>
13:18:18.571 | INFO  | Summarization | Started: Summarization for org.apache.commons.lang3.math.NumberUtils.toInt
13:18:18.572 | INFO  | Summarization | Recursive function, max recursion: 1
13:18:18.696 | INFO  | Summarization | The path for test null for method org.apache.commons.lang3.math.NumberUtils is empty and summaries could not be generated.
13:18:18.696 | INFO  | Summarization | The path for test null for method org.apache.commons.lang3.math.NumberUtils is empty and summaries could not be generated.
13:18:18.698 | INFO  | Summarization | Finished (in 0.125 sec): Summarization for org.apache.commons.lang3.math.NumberUtils.toInt <Nothing>
13:18:18.698 | INFO  | Summarization | Started: Summarization for org.apache.commons.lang3.math.NumberUtils.toShort
13:18:18.698 | INFO  | Summarization | Depth to add: 1
13:18:18.698 | INFO  | Summarization | Depth to add: 2
13:18:18.698 | INFO  | Summarization | Diversity execution path percentage: 50
13:18:18.762 | INFO  | Summarization | The path for test null for method org.apache.commons.lang3.math.NumberUtils is empty and summaries could not be generated.
13:18:18.762 | INFO  | Summarization | The path for test null for method org.apache.commons.lang3.math.NumberUtils is empty and summaries could not be generated.
13:18:18.762 | INFO  | Summarization | The path for test null for method org.apache.commons.lang3.math.NumberUtils is empty and summaries could not be generated.
13:18:18.762 | INFO  | Summarization | Finished (in 0.065 sec): Summarization for org.apache.commons.lang3.math.NumberUtils.toShort <Nothing>
13:18:18.762 | INFO  | Summarization | Started: Summarization for org.apache.commons.lang3.math.NumberUtils.toShort
13:18:18.762 | INFO  | Summarization | Recursive function, max recursion: 1
13:18:18.802 | INFO  | Summarization | The path for test null for method org.apache.commons.lang3.math.NumberUtils is empty and summaries could not be generated.
13:18:18.802 | INFO  | Summarization | The path for test null for method org.apache.commons.lang3.math.NumberUtils is empty and summaries could not be generated.
13:18:18.802 | INFO  | Summarization | Finished (in 0.039 sec): Summarization for org.apache.commons.lang3.math.NumberUtils.toShort <Nothing>
13:18:18.802 | INFO  | Summarization | Started: Summarization for org.apache.commons.lang3.math.NumberUtils.toLong
13:18:18.802 | INFO  | Summarization | Depth to add: 1
13:18:18.802 | INFO  | Summarization | Depth to add: 2
13:18:18.802 | INFO  | Summarization | Diversity execution path percentage: 50
13:18:18.851 | INFO  | Summarization | The path for test null for method org.apache.commons.lang3.math.NumberUtils is empty and summaries could not be generated.
13:18:18.851 | INFO  | Summarization | The path for test null for method org.apache.commons.lang3.math.NumberUtils is empty and summaries could not be generated.
13:18:18.851 | INFO  | Summarization | The path for test null for method org.apache.commons.lang3.math.NumberUtils is empty and summaries could not be generated.
13:18:18.851 | INFO  | Summarization | Finished (in 0.049 sec): Summarization for org.apache.commons.lang3.math.NumberUtils.toLong <Nothing>
13:18:18.851 | INFO  | Summarization | Started: Summarization for org.apache.commons.lang3.math.NumberUtils.toLong
13:18:18.851 | INFO  | Summarization | Recursive function, max recursion: 1
13:18:18.885 | INFO  | Summarization | The path for test null for method org.apache.commons.lang3.math.NumberUtils is empty and summaries could not be generated.
13:18:18.885 | INFO  | Summarization | The path for test null for method org.apache.commons.lang3.math.NumberUtils is empty and summaries could not be generated.
13:18:18.886 | INFO  | Summarization | Finished (in 0.033 sec): Summarization for org.apache.commons.lang3.math.NumberUtils.toLong <Nothing>
13:18:18.886 | INFO  | Summarization | Started: Summarization for org.apache.commons.lang3.math.NumberUtils.toByte
13:18:18.886 | INFO  | Summarization | Depth to add: 1
13:18:18.886 | INFO  | Summarization | Depth to add: 2
13:18:18.886 | INFO  | Summarization | Diversity execution path percentage: 50
13:18:18.960 | INFO  | Summarization | The path for test null for method org.apache.commons.lang3.math.NumberUtils is empty and summaries could not be generated.
13:18:18.960 | INFO  | Summarization | The path for test null for method org.apache.commons.lang3.math.NumberUtils is empty and summaries could not be generated.
13:18:18.960 | INFO  | Summarization | The path for test null for method org.apache.commons.lang3.math.NumberUtils is empty and summaries could not be generated.
13:18:18.960 | INFO  | Summarization | Finished (in 0.075 sec): Summarization for org.apache.commons.lang3.math.NumberUtils.toByte <Nothing>
13:18:18.960 | INFO  | Summarization | Started: Summarization for org.apache.commons.lang3.math.NumberUtils.toByte
13:18:18.960 | INFO  | Summarization | Recursive function, max recursion: 1
13:18:19.001 | INFO  | Summarization | The path for test null for method org.apache.commons.lang3.math.NumberUtils is empty and summaries could not be generated.
13:18:19.001 | INFO  | Summarization | The path for test null for method org.apache.commons.lang3.math.NumberUtils is empty and summaries could not be generated.
13:18:19.001 | INFO  | Summarization | Finished (in 0.041 sec): Summarization for org.apache.commons.lang3.math.NumberUtils.toByte <Nothing>
13:18:19.001 | INFO  | Summarization | Started: Summarization for org.apache.commons.lang3.math.NumberUtils.toDouble
13:18:19.001 | INFO  | Summarization | Recursive function, max recursion: 2
13:18:19.031 | INFO  | Summarization | The path for test null for method org.apache.commons.lang3.math.NumberUtils is empty and summaries could not be generated.
13:18:19.031 | INFO  | Summarization | Finished (in 0.030 sec): Summarization for org.apache.commons.lang3.math.NumberUtils.toDouble <Nothing>
13:18:19.031 | INFO  | Summarization | Started: Summarization for org.apache.commons.lang3.math.NumberUtils.toDouble
13:18:19.031 | INFO  | Summarization | Recursive function, max recursion: 1
13:18:19.060 | INFO  | Summarization | Finished (in 0.028 sec): Summarization for org.apache.commons.lang3.math.NumberUtils.toDouble <Nothing>
13:18:19.060 | INFO  | Summarization | Started: Summarization for org.apache.commons.lang3.math.NumberUtils.toFloat
13:18:19.060 | INFO  | Summarization | Recursive function, max recursion: 1
13:18:19.087 | INFO  | Summarization | Finished (in 0.027 sec): Summarization for org.apache.commons.lang3.math.NumberUtils.toFloat <Nothing>
13:18:19.087 | INFO  | Summarization | Started: Summarization for org.apache.commons.lang3.math.NumberUtils.toFloat
13:18:19.087 | INFO  | Summarization | Recursive function, max recursion: 2
13:18:19.122 | INFO  | Summarization | Finished (in 0.036 sec): Summarization for org.apache.commons.lang3.math.NumberUtils.toFloat <Nothing>
13:18:19.123 | INFO  | Summarization | Started: Summarization for org.apache.commons.lang3.math.NumberUtils.min
13:18:19.124 | INFO  | Summarization | Diversity execution path percentage: 100
13:18:19.156 | INFO  | Summarization | Finished (in 0.034 sec): Summarization for org.apache.commons.lang3.math.NumberUtils.min <Nothing>
13:18:19.156 | INFO  | Summarization | Started: Summarization for org.apache.commons.lang3.math.NumberUtils.min
13:18:19.156 | INFO  | Summarization | Diversity execution path percentage: 100
13:18:19.220 | INFO  | Summarization | Finished (in 0.064 sec): Summarization for org.apache.commons.lang3.math.NumberUtils.min <Nothing>
13:18:19.220 | INFO  | Summarization | Started: Summarization for org.apache.commons.lang3.math.NumberUtils.min
13:18:19.221 | INFO  | Summarization | Diversity execution path percentage: 100
13:18:19.260 | INFO  | Summarization | Finished (in 0.039 sec): Summarization for org.apache.commons.lang3.math.NumberUtils.min <Nothing>
13:18:19.260 | INFO  | Summarization | Started: Summarization for org.apache.commons.lang3.math.NumberUtils.min
13:18:19.260 | INFO  | Summarization | Diversity execution path percentage: 100
13:18:19.287 | INFO  | Summarization | Finished (in 0.028 sec): Summarization for org.apache.commons.lang3.math.NumberUtils.min <Nothing>
13:18:19.287 | INFO  | Summarization | Started: Summarization for org.apache.commons.lang3.math.NumberUtils.min
13:18:19.287 | INFO  | Summarization | Diversity execution path percentage: 100
13:18:19.318 | INFO  | Summarization | Finished (in 0.030 sec): Summarization for org.apache.commons.lang3.math.NumberUtils.min <Nothing>
13:18:19.318 | INFO  | Summarization | Started: Summarization for org.apache.commons.lang3.math.NumberUtils.min
13:18:19.318 | INFO  | Summarization | Diversity execution path percentage: 100
13:18:19.350 | INFO  | Summarization | Finished (in 0.032 sec): Summarization for org.apache.commons.lang3.math.NumberUtils.min <Nothing>
13:18:19.351 | INFO  | Summarization | Started: Summarization for org.apache.commons.lang3.math.NumberUtils.min
13:18:19.351 | INFO  | Summarization | Diversity execution path percentage: 100
13:18:19.380 | INFO  | Summarization | Finished (in 0.029 sec): Summarization for org.apache.commons.lang3.math.NumberUtils.min <Nothing>
13:18:19.380 | INFO  | Summarization | Started: Summarization for org.apache.commons.lang3.math.NumberUtils.min
13:18:19.380 | INFO  | Summarization | Diversity execution path percentage: 100
13:18:19.408 | INFO  | Summarization | Finished (in 0.028 sec): Summarization for org.apache.commons.lang3.math.NumberUtils.min <Nothing>
13:18:19.408 | INFO  | Summarization | Started: Summarization for org.apache.commons.lang3.math.NumberUtils.min
13:18:19.408 | INFO  | Summarization | Diversity execution path percentage: 100
13:18:19.436 | INFO  | Summarization | Finished (in 0.028 sec): Summarization for org.apache.commons.lang3.math.NumberUtils.min <Nothing>
13:18:19.436 | INFO  | Summarization | Started: Summarization for org.apache.commons.lang3.math.NumberUtils.min
13:18:19.436 | INFO  | Summarization | Diversity execution path percentage: 100
13:18:19.469 | INFO  | Summarization | Finished (in 0.033 sec): Summarization for org.apache.commons.lang3.math.NumberUtils.min <Nothing>
13:18:19.469 | INFO  | Summarization | Started: Summarization for org.apache.commons.lang3.math.NumberUtils.min
13:18:19.469 | INFO  | Summarization | Diversity execution path percentage: 100
13:18:19.499 | INFO  | Summarization | Finished (in 0.030 sec): Summarization for org.apache.commons.lang3.math.NumberUtils.min <Nothing>
13:18:19.499 | INFO  | Summarization | Started: Summarization for org.apache.commons.lang3.math.NumberUtils.min
13:18:19.499 | INFO  | Summarization | Diversity execution path percentage: 100
13:18:19.531 | INFO  | Summarization | Finished (in 0.032 sec): Summarization for org.apache.commons.lang3.math.NumberUtils.min <Nothing>
13:18:19.531 | INFO  | Summarization | Started: Summarization for org.apache.commons.lang3.math.NumberUtils.max
13:18:19.531 | INFO  | Summarization | Diversity execution path percentage: 100
13:18:19.558 | INFO  | Summarization | Finished (in 0.026 sec): Summarization for org.apache.commons.lang3.math.NumberUtils.max <Nothing>
13:18:19.558 | INFO  | Summarization | Started: Summarization for org.apache.commons.lang3.math.NumberUtils.max
13:18:19.558 | INFO  | Summarization | Diversity execution path percentage: 100
13:18:19.597 | INFO  | Summarization | Finished (in 0.039 sec): Summarization for org.apache.commons.lang3.math.NumberUtils.max <Nothing>
13:18:19.597 | INFO  | Summarization | Started: Summarization for org.apache.commons.lang3.math.NumberUtils.max
13:18:19.597 | INFO  | Summarization | Diversity execution path percentage: 100
13:18:19.626 | INFO  | Summarization | Finished (in 0.029 sec): Summarization for org.apache.commons.lang3.math.NumberUtils.max <Nothing>
13:18:19.626 | INFO  | Summarization | Started: Summarization for org.apache.commons.lang3.math.NumberUtils.max
13:18:19.626 | INFO  | Summarization | Diversity execution path percentage: 100
13:18:19.649 | INFO  | Summarization | Finished (in 0.023 sec): Summarization for org.apache.commons.lang3.math.NumberUtils.max <Nothing>
13:18:19.649 | INFO  | Summarization | Started: Summarization for org.apache.commons.lang3.math.NumberUtils.max
13:18:19.649 | INFO  | Summarization | Diversity execution path percentage: 100
13:18:19.672 | INFO  | Summarization | Finished (in 0.022 sec): Summarization for org.apache.commons.lang3.math.NumberUtils.max <Nothing>
13:18:19.672 | INFO  | Summarization | Started: Summarization for org.apache.commons.lang3.math.NumberUtils.max
13:18:19.672 | INFO  | Summarization | Diversity execution path percentage: 100
13:18:19.693 | INFO  | Summarization | Finished (in 0.022 sec): Summarization for org.apache.commons.lang3.math.NumberUtils.max <Nothing>
13:18:19.693 | INFO  | Summarization | Started: Summarization for org.apache.commons.lang3.math.NumberUtils.max
13:18:19.693 | INFO  | Summarization | Diversity execution path percentage: 100
13:18:19.716 | INFO  | Summarization | Finished (in 0.022 sec): Summarization for org.apache.commons.lang3.math.NumberUtils.max <Nothing>
13:18:19.716 | INFO  | Summarization | Started: Summarization for org.apache.commons.lang3.math.NumberUtils.max
13:18:19.716 | INFO  | Summarization | Diversity execution path percentage: 100
13:18:19.741 | INFO  | Summarization | Finished (in 0.026 sec): Summarization for org.apache.commons.lang3.math.NumberUtils.max <Nothing>
13:18:19.741 | INFO  | Summarization | Started: Summarization for org.apache.commons.lang3.math.NumberUtils.max
13:18:19.741 | INFO  | Summarization | Diversity execution path percentage: 100
13:18:19.768 | INFO  | Summarization | Finished (in 0.026 sec): Summarization for org.apache.commons.lang3.math.NumberUtils.max <Nothing>
13:18:19.768 | INFO  | Summarization | Started: Summarization for org.apache.commons.lang3.math.NumberUtils.max
13:18:19.768 | INFO  | Summarization | Diversity execution path percentage: 100
13:18:19.794 | INFO  | Summarization | Finished (in 0.026 sec): Summarization for org.apache.commons.lang3.math.NumberUtils.max <Nothing>
13:18:19.794 | INFO  | Summarization | Started: Summarization for org.apache.commons.lang3.math.NumberUtils.max
13:18:19.794 | INFO  | Summarization | Diversity execution path percentage: 100
13:18:19.839 | INFO  | Summarization | Finished (in 0.044 sec): Summarization for org.apache.commons.lang3.math.NumberUtils.max <Nothing>
13:18:19.839 | INFO  | Summarization | Started: Summarization for org.apache.commons.lang3.math.NumberUtils.max
13:18:19.839 | INFO  | Summarization | Diversity execution path percentage: 100
13:18:19.869 | INFO  | Summarization | Finished (in 0.030 sec): Summarization for org.apache.commons.lang3.math.NumberUtils.max <Nothing>
13:18:19.869 | INFO  | Summarization | Started: Summarization for org.apache.commons.lang3.math.NumberUtils.createLong
13:18:19.869 | INFO  | Summarization | Depth to add: 1
13:18:19.870 | INFO  | Summarization | Depth to add: 2
13:18:19.870 | INFO  | Summarization | Diversity execution path percentage: 57
13:18:19.917 | INFO  | Summarization | The path for test null for method org.apache.commons.lang3.math.NumberUtils is empty and summaries could not be generated.
13:18:19.917 | INFO  | Summarization | The path for test null for method org.apache.commons.lang3.math.NumberUtils is empty and summaries could not be generated.
13:18:19.917 | INFO  | Summarization | The path for test null for method org.apache.commons.lang3.math.NumberUtils is empty and summaries could not be generated.
13:18:19.917 | INFO  | Summarization | Finished (in 0.048 sec): Summarization for org.apache.commons.lang3.math.NumberUtils.createLong <Nothing>
13:18:19.917 | INFO  | Summarization | Started: Summarization for org.apache.commons.lang3.math.NumberUtils.isNumber
13:18:19.917 | INFO  | Summarization | Diversity execution path percentage: 66
13:18:19.972 | INFO  | Summarization | Finished (in 0.056 sec): Summarization for org.apache.commons.lang3.math.NumberUtils.isNumber <Nothing>
13:18:19.972 | INFO  | Summarization | Started: Summarization for org.apache.commons.lang3.math.NumberUtils.createInteger
13:18:19.974 | INFO  | Summarization | Depth to add: 1
13:18:19.974 | INFO  | Summarization | Diversity execution path percentage: 75
13:18:20.016 | INFO  | Summarization | The path for test null for method org.apache.commons.lang3.math.NumberUtils is empty and summaries could not be generated.
13:18:20.016 | INFO  | Summarization | The path for test null for method org.apache.commons.lang3.math.NumberUtils is empty and summaries could not be generated.
13:18:20.016 | INFO  | Summarization | Finished (in 0.043 sec): Summarization for org.apache.commons.lang3.math.NumberUtils.createInteger <Nothing>
13:18:20.016 | INFO  | Summarization | Started: Summarization for org.apache.commons.lang3.math.NumberUtils.isAllZeros
13:18:20.016 | INFO  | Summarization | Diversity execution path percentage: 100
13:18:20.048 | INFO  | Summarization | Finished (in 0.031 sec): Summarization for org.apache.commons.lang3.math.NumberUtils.isAllZeros <Nothing>
13:18:20.048 | INFO  | Summarization | Started: Summarization for org.apache.commons.lang3.math.NumberUtils.createBigInteger
13:18:20.048 | INFO  | Summarization | Depth to add: 1
13:18:20.048 | INFO  | Summarization | Depth to add: 2
13:18:20.093 | INFO  | Summarization | The path for test null for method org.apache.commons.lang3.math.NumberUtils is empty and summaries could not be generated.
13:18:20.093 | INFO  | Summarization | The path for test null for method org.apache.commons.lang3.math.NumberUtils is empty and summaries could not be generated.
13:18:20.093 | INFO  | Summarization | The path for test null for method org.apache.commons.lang3.math.NumberUtils is empty and summaries could not be generated.
13:18:20.093 | INFO  | Summarization | The path for test null for method org.apache.commons.lang3.math.NumberUtils is empty and summaries could not be generated.
13:18:20.093 | INFO  | Summarization | The path for test null for method org.apache.commons.lang3.math.NumberUtils is empty and summaries could not be generated.
13:18:20.093 | INFO  | Summarization | Finished (in 0.045 sec): Summarization for org.apache.commons.lang3.math.NumberUtils.createBigInteger <Nothing>
13:18:20.093 | INFO  | Summarization | Started: Summarization for org.apache.commons.lang3.math.NumberUtils.createFloat
13:18:20.093 | INFO  | Summarization | Depth to add: 1
13:18:20.094 | INFO  | Summarization | Depth to add: 2
13:18:20.135 | INFO  | Summarization | The path for test null for method org.apache.commons.lang3.math.NumberUtils is empty and summaries could not be generated.
13:18:20.135 | INFO  | Summarization | The path for test null for method org.apache.commons.lang3.math.NumberUtils is empty and summaries could not be generated.
13:18:20.135 | INFO  | Summarization | The path for test null for method org.apache.commons.lang3.math.NumberUtils is empty and summaries could not be generated.
13:18:20.135 | INFO  | Summarization | The path for test null for method org.apache.commons.lang3.math.NumberUtils is empty and summaries could not be generated.
13:18:20.135 | INFO  | Summarization | The path for test null for method org.apache.commons.lang3.math.NumberUtils is empty and summaries could not be generated.
13:18:20.135 | INFO  | Summarization | The path for test null for method org.apache.commons.lang3.math.NumberUtils is empty and summaries could not be generated.
13:18:20.135 | INFO  | Summarization | The path for test null for method org.apache.commons.lang3.math.NumberUtils is empty and summaries could not be generated.
13:18:20.135 | INFO  | Summarization | The path for test null for method org.apache.commons.lang3.math.NumberUtils is empty and summaries could not be generated.
13:18:20.135 | INFO  | Summarization | The path for test null for method org.apache.commons.lang3.math.NumberUtils is empty and summaries could not be generated.
13:18:20.135 | INFO  | Summarization | The path for test null for method org.apache.commons.lang3.math.NumberUtils is empty and summaries could not be generated.
13:18:20.135 | INFO  | Summarization | The path for test null for method org.apache.commons.lang3.math.NumberUtils is empty and summaries could not be generated.
13:18:20.135 | INFO  | Summarization | The path for test null for method org.apache.commons.lang3.math.NumberUtils is empty and summaries could not be generated.
13:18:20.135 | INFO  | Summarization | The path for test null for method org.apache.commons.lang3.math.NumberUtils is empty and summaries could not be generated.
13:18:20.135 | INFO  | Summarization | The path for test null for method org.apache.commons.lang3.math.NumberUtils is empty and summaries could not be generated.
13:18:20.135 | INFO  | Summarization | The path for test null for method org.apache.commons.lang3.math.NumberUtils is empty and summaries could not be generated.
13:18:20.135 | INFO  | Summarization | Finished (in 0.041 sec): Summarization for org.apache.commons.lang3.math.NumberUtils.createFloat <Nothing>
13:18:20.135 | INFO  | Summarization | Started: Summarization for org.apache.commons.lang3.math.NumberUtils.createNumber
13:18:20.135 | INFO  | Summarization | Diversity execution path percentage: 50
13:18:20.177 | INFO  | Summarization | Finished (in 0.042 sec): Summarization for org.apache.commons.lang3.math.NumberUtils.createNumber <Nothing>
13:18:20.177 | INFO  | Summarization | Started: Summarization for org.apache.commons.lang3.math.NumberUtils.createBigDecimal
13:18:20.178 | INFO  | Summarization | Diversity execution path percentage: 60
13:18:20.209 | INFO  | Summarization | Finished (in 0.031 sec): Summarization for org.apache.commons.lang3.math.NumberUtils.createBigDecimal <Nothing>
13:18:20.209 | INFO  | Summarization | Started: Summarization for org.apache.commons.lang3.math.NumberUtils.isDigits
13:18:20.209 | INFO  | Summarization | Diversity execution path percentage: 50
13:18:20.241 | INFO  | Summarization | Finished (in 0.033 sec): Summarization for org.apache.commons.lang3.math.NumberUtils.isDigits <Nothing>
13:18:20.241 | INFO  | Summarization | Started: Summarization for org.apache.commons.lang3.math.NumberUtils.createDouble
13:18:20.241 | INFO  | Summarization | Depth to add: 1
13:18:20.241 | INFO  | Summarization | Depth to add: 2
13:18:20.285 | INFO  | Summarization | The path for test null for method org.apache.commons.lang3.math.NumberUtils is empty and summaries could not be generated.
13:18:20.285 | INFO  | Summarization | The path for test null for method org.apache.commons.lang3.math.NumberUtils is empty and summaries could not be generated.
13:18:20.285 | INFO  | Summarization | The path for test null for method org.apache.commons.lang3.math.NumberUtils is empty and summaries could not be generated.
13:18:20.285 | INFO  | Summarization | The path for test null for method org.apache.commons.lang3.math.NumberUtils is empty and summaries could not be generated.
13:18:20.285 | INFO  | Summarization | The path for test null for method org.apache.commons.lang3.math.NumberUtils is empty and summaries could not be generated.
13:18:20.285 | INFO  | Summarization | The path for test null for method org.apache.commons.lang3.math.NumberUtils is empty and summaries could not be generated.
13:18:20.285 | INFO  | Summarization | The path for test null for method org.apache.commons.lang3.math.NumberUtils is empty and summaries could not be generated.
13:18:20.286 | INFO  | Summarization | Finished (in 0.044 sec): Summarization for org.apache.commons.lang3.math.NumberUtils.createDouble <Nothing>
13:18:20.288 | INFO  | Summarization | Finished (in 2.387 sec): ----------------------------------------------------------------------------------------
-------------------Summarization started for 46 test cases--------------------
---------------------------------------------------------------------------------------- 
13:18:20.406 | INFO  | AbstractCodeGenerator | Code generation phase started at 13:18:20.404
13:18:21.329 | INFO  | AbstractCodeGenerator | Code generation phase finished at 13:18:21.329
13:18:21.330 | INFO  | AbstractCodeGenerator | Rendering phase started at 13:18:21.330
13:18:21.562 | INFO  | AbstractCodeGenerator | Rendering phase finished at 13:18:21.562
